Dataset,Solver,WarmStart,C,Rho,Method,Seed,Objective,Accuracy,AUC,F1,ScreeningRate,Time,ScreenTime,Iterations,Status
svmguide1,SCS,False,0.01,0.0,Baseline,1,9.09937941,0.82847896,0.92922018,0.87529412,0.0,0.99805856,0.0,750,SUCCESS
svmguide1,SCS,False,0.01,0.0,Screening,1,9.0993794,0.82847896,0.92922018,0.87529412,0.48431174,0.27884412,0.00928855,900,SUCCESS
svmguide1,SCS,False,0.01,0.05,Baseline,1,9.8205157,0.82524272,0.92666284,0.87323944,0.0,0.31411409,0.0,375,SUCCESS
svmguide1,SCS,False,0.01,0.05,Screening,1,9.8205157,0.82524272,0.92666284,0.87323944,0.45445344,0.26217747,0.00557756,825,SUCCESS
svmguide1,SCS,False,0.05,0.0,Baseline,1,39.26780099,0.84789644,0.93139908,0.88395062,0.0,0.50849867,0.0,1200,SUCCESS
svmguide1,SCS,False,0.05,0.0,Screening,1,39.26802727,0.84789644,0.9312844,0.88395062,0.57439271,0.21456313,0.01352549,150,SUCCESS
svmguide1,SCS,False,0.05,0.05,Baseline,1,44.02804333,0.83980583,0.93440367,0.88256228,0.0,0.76245046,0.0,2375,SUCCESS
svmguide1,SCS,False,0.05,0.05,Screening,1,44.02804343,0.83980583,0.93440367,0.88256228,0.53137652,0.14945889,0.00360346,800,SUCCESS
svmguide1,SCS,False,0.1,0.0,Baseline,1,75.55819181,0.85113269,0.93094037,0.88669951,0.0,0.81917858,0.0,3875,SUCCESS
svmguide1,SCS,False,0.1,0.0,Screening,1,75.55819108,0.85113269,0.93094037,0.88669951,0.59817814,0.1618607,0.00333881,1325,SUCCESS
svmguide1,SCS,False,0.1,0.05,Baseline,1,85.80013186,0.85760518,0.93329128,0.89,0.0,2.26629019,0.0,7150,SUCCESS
svmguide1,SCS,False,0.1,0.05,Screening,1,85.80013203,0.85760518,0.93329128,0.89,0.54908907,0.15528274,0.00316405,1125,SUCCESS
svmguide1,SCS,False,0.01,0.0,Baseline,2,8.96955568,0.83656958,0.91605505,0.87001287,0.0,0.16216564,0.0,725,SUCCESS
svmguide1,SCS,False,0.01,0.0,Screening,2,8.96955569,0.83656958,0.91605505,0.87001287,0.49493927,0.14755726,0.003263,925,SUCCESS
svmguide1,SCS,False,0.01,0.05,Baseline,2,9.66421673,0.83171521,0.91347477,0.87735849,0.0,0.14016509,0.0,575,SUCCESS
svmguide1,SCS,False,0.01,0.05,Screening,2,9.66421677,0.83171521,0.91345183,0.87735849,0.46406883,0.14560986,0.00325108,800,SUCCESS
svmguide1,SCS,False,0.05,0.0,Baseline,2,39.08365506,0.8592233,0.92834862,0.89111389,0.0,0.28020978,0.0,800,SUCCESS
svmguide1,SCS,False,0.05,0.0,Screening,2,39.08365492,0.8592233,0.92834862,0.89111389,0.57692308,0.10921741,0.00326562,650,SUCCESS
svmguide1,SCS,False,0.05,0.05,Baseline,2,43.57785871,0.85598706,0.92450688,0.89079755,0.0,0.68874073,0.0,3350,SUCCESS
svmguide1,SCS,False,0.05,0.05,Screening,2,43.57785813,0.85598706,0.92450688,0.89079755,0.53744939,0.12358832,0.00317693,725,SUCCESS
svmguide1,SCS,False,0.1,0.0,Baseline,2,75.31767874,0.86084142,0.92926606,0.89223058,0.0,0.20916295,0.0,875,SUCCESS
svmguide1,SCS,False,0.1,0.0,Screening,2,75.31816639,0.86084142,0.92930046,0.89223058,0.59817814,0.0622251,0.00276232,225,SUCCESS
svmguide1,SCS,False,0.1,0.05,Baseline,2,85.13975024,0.85760518,0.92569954,0.89108911,0.0,1.32210374,0.0,3850,SUCCESS
svmguide1,SCS,False,0.1,0.05,Screening,2,85.13975072,0.85760518,0.92569954,0.89108911,0.55566802,0.12429905,0.0033071,775,SUCCESS
svmguide1,SCS,False,0.01,0.0,Baseline,3,9.04125863,0.85760518,0.93912844,0.88717949,0.0,0.14632511,0.0,650,SUCCESS
svmguide1,SCS,False,0.01,0.0,Screening,3,9.04125859,0.85760518,0.93912844,0.88717949,0.48481781,0.12256527,0.00317264,675,SUCCESS
svmguide1,SCS,False,0.01,0.05,Baseline,3,9.77058026,0.84466019,0.93669725,0.87467363,0.0,0.18828678,0.0,800,SUCCESS
svmguide1,SCS,False,0.01,0.05,Screening,3,9.77058022,0.84466019,0.93669725,0.87467363,0.45293522,0.16646028,0.00325584,800,SUCCESS
svmguide1,SCS,False,0.05,0.0,Baseline,3,38.8814412,0.88187702,0.94413991,0.90909091,0.0,0.15461969,0.0,700,SUCCESS
svmguide1,SCS,False,0.05,0.0,Screening,3,38.88144118,0.88187702,0.94413991,0.90909091,0.57793522,0.19508028,0.00500965,650,SUCCESS
svmguide1,SCS,False,0.05,0.05,Baseline,3,43.63447118,0.88673139,0.94527523,0.91139241,0.0,0.49432158,0.0,1425,SUCCESS
svmguide1,SCS,False,0.05,0.05,Screening,3,43.63447082,0.88673139,0.94527523,0.91139241,0.53390688,0.11187267,0.00314665,600,SUCCESS
svmguide1,SCS,False,0.1,0.0,Baseline,3,74.66857276,0.87540453,0.94372706,0.90505549,0.0,1.079494,0.0,5450,SUCCESS
svmguide1,SCS,False,0.1,0.0,Screening,3,74.66857216,0.87540453,0.94372706,0.90505549,0.60273279,0.12264323,0.00318742,900,SUCCESS
svmguide1,SCS,False,0.1,0.05,Baseline,3,84.95094449,0.88349515,0.94553899,0.90909091,0.0,2.45832157,0.0,9375,SUCCESS
svmguide1,SCS,False,0.1,0.05,Screening,3,84.95094455,0.88349515,0.94553899,0.90909091,0.5541498,0.19684792,0.00364566,1550,SUCCESS
svmguide1,SCS,False,0.01,0.0,Baseline,4,9.121637,0.8381877,0.93263761,0.88235294,0.0,0.12781477,0.0,500,SUCCESS
svmguide1,SCS,False,0.01,0.0,Screening,4,9.12163699,0.8381877,0.93263761,0.88235294,0.48380567,0.13567805,0.00331092,800,SUCCESS
svmguide1,SCS,False,0.01,0.05,Baseline,4,9.85263916,0.84466019,0.93104358,0.88571429,0.0,0.20965099,0.0,900,SUCCESS
svmguide1,SCS,False,0.01,0.05,Screening,4,9.85263925,0.84466019,0.93099771,0.88571429,0.45394737,0.23029208,0.00403571,1450,SUCCESS
svmguide1,SCS,False,0.05,0.0,Baseline,4,39.40550652,0.85436893,0.93626147,0.8907767,0.0,0.91826892,0.0,700,SUCCESS
svmguide1,SCS,False,0.05,0.0,Screening,4,39.40550569,0.85436893,0.93626147,0.8907767,0.57186235,0.16749382,0.00495172,625,SUCCESS
svmguide1,SCS,False,0.05,0.05,Baseline,4,44.1375555,0.85760518,0.93708716,0.89268293,0.0,0.58022356,0.0,2675,SUCCESS
svmguide1,SCS,False,0.05,0.05,Screening,4,44.13755522,0.85760518,0.93708716,0.89268293,0.53087045,0.15065169,0.00332737,825,SUCCESS
svmguide1,SCS,False,0.1,0.0,Baseline,4,75.79762939,0.85598706,0.93661697,0.89159562,0.0,1.1516068,0.0,5750,SUCCESS
svmguide1,SCS,False,0.1,0.0,Screening,4,75.79762926,0.85598706,0.93661697,0.89159562,0.59716599,0.17632174,0.00310445,1650,SUCCESS
svmguide1,SCS,False,0.1,0.05,Baseline,4,86.08032867,0.86084142,0.93858945,0.89563107,0.0,1.34100723,0.0,4325,SUCCESS
svmguide1,SCS,False,0.1,0.05,Screening,4,86.08032864,0.86084142,0.93858945,0.89563107,0.54959514,0.18061996,0.00573635,925,SUCCESS
svmguide1,SCS,False,0.01,0.0,Baseline,5,8.97558263,0.83171521,0.92100917,0.875,0.0,0.12187982,0.0,500,SUCCESS
svmguide1,SCS,False,0.01,0.0,Screening,5,8.97558263,0.83171521,0.92100917,0.875,0.49291498,0.11666989,0.00315619,650,SUCCESS
svmguide1,SCS,False,0.01,0.05,Baseline,5,9.67924952,0.82200647,0.91715596,0.87058824,0.0,0.11252952,0.0,400,SUCCESS
svmguide1,SCS,False,0.01,0.05,Screening,5,9.67925016,0.82524272,0.91715596,0.86699507,0.46609312,0.1880722,0.00329423,1150,SUCCESS
svmguide1,SCS,False,0.05,0.0,Baseline,5,38.98667843,0.85113269,0.92799312,0.88613861,0.0,1.68322873,0.0,5550,SUCCESS
svmguide1,SCS,False,0.05,0.0,Screening,5,38.98667854,0.85113269,0.92799312,0.88613861,0.57742915,0.15583038,0.00319242,1300,SUCCESS
svmguide1,SCS,False,0.05,0.05,Baseline,5,43.51145685,0.84142395,0.92652523,0.87780549,0.0,1.18396378,0.0,5625,SUCCESS
svmguide1,SCS,False,0.05,0.05,Screening,5,43.51145697,0.84142395,0.92652523,0.87780549,0.53795547,0.20402575,0.00368214,1500,SUCCESS
svmguide1,SCS,False,0.1,0.0,Baseline,5,75.1472209,0.85275081,0.93020642,0.88751545,0.0,0.61604738,0.0,2975,SUCCESS
svmguide1,SCS,False,0.1,0.0,Screening,5,75.1472209,0.85275081,0.93020642,0.88751545,0.60020243,0.18753219,0.00546408,850,SUCCESS
svmguide1,SCS,False,0.1,0.05,Baseline,5,84.94447317,0.83980583,0.92743119,0.8754717,0.0,1.260782,0.0,6075,SUCCESS
svmguide1,SCS,False,0.1,0.05,Screening,5,84.94447124,0.83980583,0.92743119,0.8754717,0.55364372,0.18161559,0.00316811,1450,SUCCESS
svmguide1,SCS,False,0.01,0.0,Baseline,6,8.96766431,0.84789644,0.93502294,0.88480392,0.0,0.17825222,0.0,825,SUCCESS
svmguide1,SCS,False,0.01,0.0,Screening,6,8.96766429,0.84789644,0.9350344,0.88480392,0.4944332,0.21683359,0.00339675,1625,SUCCESS
svmguide1,SCS,False,0.01,0.05,Baseline,6,9.67714342,0.83495146,0.93292431,0.87971698,0.0,0.23253226,0.0,1025,SUCCESS
svmguide1,SCS,False,0.01,0.05,Screening,6,9.6771433,0.83495146,0.93292431,0.87971698,0.46305668,0.12550545,0.0032649,600,SUCCESS
svmguide1,SCS,False,0.05,0.0,Baseline,6,38.9575224,0.8381877,0.93576835,0.87775061,0.0,0.22213221,0.0,1025,SUCCESS
svmguide1,SCS,False,0.05,0.0,Screening,6,38.95752194,0.8381877,0.93576835,0.87775061,0.57742915,0.09777951,0.00254965,550,SUCCESS
svmguide1,SCS,False,0.05,0.05,Baseline,6,43.5253324,0.85760518,0.9368578,0.89242054,0.0,0.44422317,0.0,1975,SUCCESS
svmguide1,SCS,False,0.05,0.05,Screening,6,43.52533226,0.85760518,0.93686927,0.89242054,0.53846154,0.10970426,0.00324988,525,SUCCESS
svmguide1,SCS,False,0.1,0.0,Baseline,6,74.93198131,0.8381877,0.93488532,0.87714988,0.0,1.32167912,0.0,4475,SUCCESS
svmguide1,SCS,False,0.1,0.0,Screening,6,74.93198027,0.8381877,0.93488532,0.87714988,0.60121457,0.17589092,0.0047195,1000,SUCCESS
svmguide1,SCS,False,0.1,0.05,Baseline,6,84.97159912,0.85436893,0.93707569,0.88721805,0.0,0.80722952,0.0,3775,SUCCESS
svmguide1,SCS,False,0.1,0.05,Screening,6,84.9715979,0.85436893,0.93707569,0.88721805,0.55516194,0.1204648,0.00318909,725,SUCCESS
svmguide1,SCS,False,0.01,0.0,Baseline,7,8.93535527,0.82524272,0.92174312,0.86924939,0.0,0.18176103,0.0,850,SUCCESS
svmguide1,SCS,False,0.01,0.0,Screening,7,8.93541891,0.82524272,0.92180046,0.86924939,0.49493927,0.06398153,0.00295305,200,SUCCESS
svmguide1,SCS,False,0.01,0.05,Baseline,7,9.64452178,0.81229773,0.91741972,0.8592233,0.0,0.19708753,0.0,800,SUCCESS
svmguide1,SCS,False,0.01,0.05,Screening,7,9.64452174,0.81229773,0.91741972,0.8592233,0.46255061,0.55491281,0.02236891,600,SUCCESS
svmguide1,SCS,False,0.05,0.0,Baseline,7,38.83422297,0.84951456,0.93389908,0.88754534,0.0,0.12043047,0.0,500,SUCCESS
svmguide1,SCS,False,0.05,0.0,Screening,7,38.83422338,0.84951456,0.93389908,0.88754534,0.57945344,0.18439889,0.00318813,1525,SUCCESS
svmguide1,SCS,False,0.05,0.05,Baseline,7,43.29393948,0.83656958,0.92854358,0.87576876,0.0,0.74850845,0.0,3550,SUCCESS
svmguide1,SCS,False,0.05,0.05,Screening,7,43.29393926,0.83656958,0.92854358,0.87576876,0.54149798,0.24397779,0.0048945,1025,SUCCESS
svmguide1,SCS,False,0.1,0.0,Baseline,7,74.78916428,0.85436893,0.93550459,0.8902439,0.0,2.11028504,0.0,10300,SUCCESS
svmguide1,SCS,False,0.1,0.0,Screening,7,74.78916445,0.85436893,0.93550459,0.8902439,0.60222672,0.17398477,0.00358248,1625,SUCCESS
svmguide1,SCS,False,0.1,0.05,Baseline,7,84.57755465,0.83980583,0.93051606,0.87701863,0.0,0.51515532,0.0,2425,SUCCESS
svmguide1,SCS,False,0.1,0.05,Screening,7,84.57798938,0.83980583,0.93065367,0.87701863,0.55718623,0.05761766,0.00334692,175,SUCCESS
svmguide1,SCS,False,0.01,0.0,Baseline,8,9.07406093,0.85760518,0.93922018,0.88746803,0.0,0.12238765,0.0,500,SUCCESS
svmguide1,SCS,False,0.01,0.0,Screening,8,9.07406093,0.85760518,0.93922018,0.88746803,0.48532389,0.18659759,0.00615382,675,SUCCESS
svmguide1,SCS,False,0.01,0.05,Baseline,8,9.80681088,0.85113269,0.93905963,0.88295165,0.0,0.12458181,0.0,500,SUCCESS
svmguide1,SCS,False,0.01,0.05,Screening,8,9.8068372,0.85113269,0.93891055,0.88295165,0.45445344,0.06758928,0.00259924,200,SUCCESS
svmguide1,SCS,False,0.05,0.0,Baseline,8,39.1227954,0.87216828,0.93799312,0.90062893,0.0,0.38080382,0.0,1900,SUCCESS
svmguide1,SCS,False,0.05,0.0,Screening,8,39.12279456,0.87216828,0.93799312,0.90062893,0.57287449,0.11076903,0.00311351,725,SUCCESS
svmguide1,SCS,False,0.05,0.05,Baseline,8,43.85978238,0.88187702,0.94133028,0.9081761,0.0,0.23948669,0.0,1075,SUCCESS
svmguide1,SCS,False,0.05,0.05,Screening,8,43.85982624,0.88187702,0.94137615,0.9081761,0.53137652,0.09181309,0.00404763,175,SUCCESS
svmguide1,SCS,False,0.1,0.0,Baseline,8,75.28078342,0.87055016,0.93682339,0.89873418,0.0,0.79485035,0.0,3975,SUCCESS
svmguide1,SCS,False,0.1,0.0,Screening,8,75.28078348,0.87055016,0.93682339,0.89873418,0.59969636,0.13191223,0.00410008,850,SUCCESS
svmguide1,SCS,False,0.1,0.05,Baseline,8,85.45691255,0.87864078,0.94094037,0.90542245,0.0,0.2699132,0.0,1150,SUCCESS
svmguide1,SCS,False,0.1,0.05,Screening,8,85.45691124,0.87864078,0.94094037,0.90542245,0.55364372,0.12155795,0.00240803,750,SUCCESS
svmguide1,SCS,False,0.01,0.0,Baseline,9,8.93802297,0.84466019,0.92809633,0.87434555,0.0,0.77573156,0.0,3925,SUCCESS
svmguide1,SCS,False,0.01,0.0,Screening,9,8.93802297,0.84466019,0.92809633,0.87434555,0.49240891,0.22925806,0.00508118,925,SUCCESS
svmguide1,SCS,False,0.01,0.05,Baseline,9,9.65333507,0.83495146,0.92533257,0.86507937,0.0,0.17159295,0.0,725,SUCCESS
svmguide1,SCS,False,0.01,0.05,Screening,9,9.65333505,0.83495146,0.92533257,0.86507937,0.46305668,0.15445232,0.00270414,875,SUCCESS
svmguide1,SCS,False,0.05,0.0,Baseline,9,38.6993751,0.84627832,0.93549312,0.87516426,0.0,1.22323179,0.0,6225,SUCCESS
svmguide1,SCS,False,0.05,0.0,Screening,9,38.69937483,0.84627832,0.93549312,0.87516426,0.58046559,0.14353943,0.00327897,1150,SUCCESS
svmguide1,SCS,False,0.05,0.05,Baseline,9,43.25971345,0.84466019,0.93409404,0.87234043,0.0,0.42203903,0.0,1925,SUCCESS
svmguide1,SCS,False,0.05,0.05,Screening,9,43.25971334,0.84466019,0.93409404,0.87234043,0.5409919,0.19730949,0.00470686,750,SUCCESS
svmguide1,SCS,False,0.1,0.0,Baseline,9,74.46519678,0.85760518,0.93490826,0.89346247,0.0,0.85797882,0.0,4300,SUCCESS
svmguide1,SCS,False,0.1,0.0,Screening,9,74.46519687,0.85760518,0.93490826,0.89346247,0.60475709,0.12442088,0.00320363,950,SUCCESS
svmguide1,SCS,False,0.1,0.05,Baseline,9,84.4046516,0.84627832,0.93611239,0.87383798,0.0,0.24586558,0.0,1075,SUCCESS
svmguide1,SCS,False,0.1,0.05,Screening,9,84.40465104,0.84627832,0.93611239,0.87383798,0.55769231,0.19351268,0.00583076,700,SUCCESS
svmguide1,SCS,False,0.01,0.0,Baseline,10,9.14344269,0.82686084,0.93102064,0.8771527,0.0,0.25678468,0.0,1125,SUCCESS
svmguide1,SCS,False,0.01,0.0,Screening,10,9.14344272,0.82686084,0.93102064,0.8771527,0.48076923,0.15719318,0.00313449,1000,SUCCESS
svmguide1,SCS,False,0.01,0.05,Baseline,10,9.86476088,0.82847896,0.92889908,0.87816092,0.0,0.10330296,0.0,375,SUCCESS
svmguide1,SCS,False,0.01,0.05,Screening,10,9.86481064,0.82847896,0.92923165,0.87788018,0.45394737,0.06243134,0.00272274,200,SUCCESS
svmguide1,SCS,False,0.05,0.0,Baseline,10,39.78819672,0.85275081,0.93548165,0.88639201,0.0,0.47391105,0.0,2350,SUCCESS
svmguide1,SCS,False,0.05,0.0,Screening,10,39.78819683,0.85275081,0.93548165,0.88639201,0.56882591,0.12619591,0.00332451,875,SUCCESS
svmguide1,SCS,False,0.05,0.05,Baseline,10,44.42723601,0.85760518,0.9337156,0.89,0.0,1.08486915,0.0,3325,SUCCESS
svmguide1,SCS,False,0.05,0.05,Screening,10,44.42723569,0.85760518,0.9337156,0.89,0.52935223,0.14002013,0.00318098,875,SUCCESS
svmguide1,SCS,False,0.1,0.0,Baseline,10,76.72047326,0.85598706,0.93520642,0.88805031,0.0,0.49331713,0.0,2475,SUCCESS
svmguide1,SCS,False,0.1,0.0,Screening,10,76.72047221,0.85598706,0.93520642,0.88805031,0.59311741,0.11420941,0.00317526,700,SUCCESS
svmguide1,SCS,False,0.1,0.05,Baseline,10,86.79515865,0.85598706,0.93508028,0.88971499,0.0,0.41689587,0.0,1900,SUCCESS
svmguide1,SCS,False,0.1,0.05,Screening,10,86.79515781,0.85598706,0.93508028,0.88971499,0.54706478,0.14449477,0.00346875,950,SUCCESS
svmguide1,SCS,False,0.01,0.0,Baseline,11,8.99360274,0.84304207,0.94475917,0.88786127,0.0,0.89739251,0.0,2850,SUCCESS
svmguide1,SCS,False,0.01,0.0,Screening,11,8.99360273,0.84304207,0.94475917,0.88786127,0.48684211,0.12923861,0.00319409,750,SUCCESS
svmguide1,SCS,False,0.01,0.05,Baseline,11,9.72775051,0.85436893,0.94275229,0.89361702,0.0,0.11287642,0.0,450,SUCCESS
svmguide1,SCS,False,0.01,0.05,Screening,11,9.7277505,0.85436893,0.94275229,0.89361702,0.45799595,0.11263537,0.00329638,475,SUCCESS
svmguide1,SCS,False,0.05,0.0,Baseline,11,38.80775891,0.88673139,0.95087156,0.91183879,0.0,0.16602159,0.0,725,SUCCESS
svmguide1,SCS,False,0.05,0.0,Screening,11,38.80775899,0.88673139,0.95087156,0.91183879,0.57995951,0.11698508,0.00304604,825,SUCCESS
svmguide1,SCS,False,0.05,0.05,Baseline,11,43.42703946,0.88349515,0.9509289,0.90954774,0.0,2.66496658,0.0,8900,SUCCESS
svmguide1,SCS,False,0.05,0.05,Screening,11,43.42703858,0.88349515,0.9509289,0.90954774,0.53694332,0.13071704,0.00343132,750,SUCCESS
svmguide1,SCS,False,0.1,0.0,Baseline,11,74.67250952,0.88187702,0.95142202,0.90976514,0.0,0.3228991,0.0,1525,SUCCESS
svmguide1,SCS,False,0.1,0.0,Screening,11,74.67250935,0.88187702,0.95142202,0.90976514,0.60374494,0.11120868,0.00309229,750,SUCCESS
svmguide1,SCS,False,0.1,0.05,Baseline,11,84.64389022,0.88834951,0.95163991,0.91232529,0.0,1.0987854,0.0,5250,SUCCESS
svmguide1,SCS,False,0.1,0.05,Screening,11,84.64389037,0.88834951,0.95163991,0.91232529,0.55718623,0.13501859,0.00246072,875,SUCCESS
svmguide1,SCS,False,0.01,0.0,Baseline,12,9.06191229,0.85275081,0.93436927,0.88227684,0.0,0.38381767,0.0,1150,SUCCESS
svmguide1,SCS,False,0.01,0.0,Screening,12,9.06199934,0.85113269,0.93425459,0.8814433,0.48431174,0.05640721,0.00259733,175,SUCCESS
svmguide1,SCS,False,0.01,0.05,Baseline,12,9.8002834,0.84304207,0.93065367,0.87386216,0.0,0.15050602,0.0,600,SUCCESS
svmguide1,SCS,False,0.01,0.05,Screening,12,9.80028341,0.84304207,0.93065367,0.87386216,0.45647773,0.14173889,0.00420904,625,SUCCESS
svmguide1,SCS,False,0.05,0.0,Baseline,12,39.01079927,0.87378641,0.94103211,0.90322581,0.0,1.17839384,0.0,5950,SUCCESS
svmguide1,SCS,False,0.05,0.0,Screening,12,39.01079951,0.87378641,0.94103211,0.90322581,0.57540486,0.14476991,0.00558639,950,SUCCESS
svmguide1,SCS,False,0.05,0.05,Baseline,12,43.76805942,0.86731392,0.94,0.8956743,0.0,0.14362931,0.0,600,SUCCESS
svmguide1,SCS,False,0.05,0.05,Screening,12,43.76811291,0.86731392,0.94012615,0.8956743,0.53441296,0.06836605,0.00421429,125,SUCCESS
svmguide1,SCS,False,0.1,0.0,Baseline,12,74.9598349,0.86731392,0.9418578,0.89800995,0.0,0.44053268,0.0,2075,SUCCESS
svmguide1,SCS,False,0.1,0.0,Screening,12,74.95983461,0.86731392,0.9418578,0.89800995,0.6007085,0.11301446,0.00377035,775,SUCCESS
svmguide1,SCS,False,0.1,0.05,Baseline,12,85.25006311,0.87055016,0.94068807,0.89821883,0.0,0.66538072,0.0,3200,SUCCESS
svmguide1,SCS,False,0.1,0.05,Screening,12,85.25006108,0.87055016,0.94068807,0.89821883,0.55313765,0.18578792,0.00466871,625,SUCCESS
svmguide1,SCS,False,0.01,0.0,Baseline,13,8.97580057,0.83009709,0.92735092,0.87485101,0.0,0.13429999,0.0,575,SUCCESS
svmguide1,SCS,False,0.01,0.0,Screening,13,8.97581397,0.82847896,0.92741972,0.87350835,0.48937247,0.06365418,0.00320482,200,SUCCESS
svmguide1,SCS,False,0.01,0.05,Baseline,13,9.70186224,0.81391586,0.92182339,0.8661234,0.0,0.24159765,0.0,975,SUCCESS
svmguide1,SCS,False,0.01,0.05,Screening,13,9.70186222,0.81391586,0.92182339,0.8661234,0.45951417,0.14909887,0.00351691,825,SUCCESS
svmguide1,SCS,False,0.05,0.0,Baseline,13,38.74042586,0.84304207,0.93529817,0.88383234,0.0,0.31534553,0.0,900,SUCCESS
svmguide1,SCS,False,0.05,0.0,Screening,13,38.74047865,0.84304207,0.93537844,0.88383234,0.57793522,0.08506417,0.00408292,175,SUCCESS
svmguide1,SCS,False,0.05,0.05,Baseline,13,43.38604053,0.84142395,0.93385321,0.88361045,0.0,0.16446877,0.0,700,SUCCESS
svmguide1,SCS,False,0.05,0.05,Screening,13,43.3860405,0.84142395,0.93385321,0.88361045,0.54048583,0.11814737,0.00321603,625,SUCCESS
svmguide1,SCS,False,0.1,0.0,Baseline,13,74.38373826,0.84789644,0.93536697,0.88647343,0.0,1.28378248,0.0,6400,SUCCESS
svmguide1,SCS,False,0.1,0.0,Screening,13,74.38373664,0.84789644,0.93536697,0.88647343,0.60323887,0.11741424,0.00310302,850,SUCCESS
svmguide1,SCS,False,0.1,0.05,Baseline,13,84.61045639,0.84951456,0.93590596,0.88727273,0.0,0.58701491,0.0,2550,SUCCESS
svmguide1,SCS,False,0.1,0.05,Screening,13,84.61045607,0.84951456,0.93590596,0.88727273,0.55718623,0.18736529,0.00363803,725,SUCCESS
svmguide1,SCS,False,0.01,0.0,Baseline,14,8.98227069,0.81877023,0.92448394,0.87037037,0.0,0.1555934,0.0,700,SUCCESS
svmguide1,SCS,False,0.01,0.0,Screening,14,8.98230912,0.81877023,0.92436927,0.87037037,0.49392713,0.05881357,0.00321841,200,SUCCESS
svmguide1,SCS,False,0.01,0.05,Baseline,14,9.67052004,0.8171521,0.91915138,0.86936416,0.0,0.14742398,0.0,600,SUCCESS
svmguide1,SCS,False,0.01,0.05,Screening,14,9.67052001,0.8171521,0.91915138,0.86936416,0.46609312,0.1371491,0.00248623,750,SUCCESS
svmguide1,SCS,False,0.05,0.0,Baseline,14,39.14434247,0.84789644,0.93411697,0.8825,0.0,0.1403656,0.0,550,SUCCESS
svmguide1,SCS,False,0.05,0.0,Screening,14,39.1443425,0.84789644,0.93409404,0.8825,0.576417,0.15046859,0.00503588,575,SUCCESS
svmguide1,SCS,False,0.05,0.05,Baseline,14,43.66823831,0.82686084,0.93232798,0.87307236,0.0,0.38498092,0.0,1800,SUCCESS
svmguide1,SCS,False,0.05,0.05,Screening,14,43.66836475,0.82686084,0.93245413,0.87307236,0.53846154,0.0531776,0.00246763,150,SUCCESS
svmguide1,SCS,False,0.1,0.0,Baseline,14,75.46173911,0.85113269,0.93485092,0.88442211,0.0,0.44351149,0.0,2125,SUCCESS
svmguide1,SCS,False,0.1,0.0,Screening,14,75.46173829,0.85113269,0.93485092,0.88442211,0.59969636,0.10230446,0.00269008,650,SUCCESS
svmguide1,SCS,False,0.1,0.05,Baseline,14,85.28706177,0.83009709,0.93324541,0.87632509,0.0,0.62312531,0.0,2900,SUCCESS
svmguide1,SCS,False,0.1,0.05,Screening,14,85.28706129,0.83009709,0.93324541,0.87632509,0.55212551,0.19350004,0.00490546,700,SUCCESS
svmguide1,SCS,False,0.01,0.0,Baseline,15,8.96190453,0.80420712,0.9053211,0.85847953,0.0,0.17567611,0.0,725,SUCCESS
svmguide1,SCS,False,0.01,0.0,Screening,15,8.96190439,0.80420712,0.90533257,0.85847953,0.49190283,0.123281,0.00329137,600,SUCCESS
svmguide1,SCS,False,0.01,0.05,Baseline,15,9.67197331,0.80097087,0.89979358,0.86006826,0.0,0.1185894,0.0,450,SUCCESS
svmguide1,SCS,False,0.01,0.05,Screening,15,9.67197328,0.80097087,0.89979358,0.86006826,0.46305668,0.13849425,0.00271344,750,SUCCESS
svmguide1,SCS,False,0.05,0.0,Baseline,15,38.81389287,0.82524272,0.91321101,0.86797066,0.0,0.33466935,0.0,1025,SUCCESS
svmguide1,SCS,False,0.05,0.0,Screening,15,38.81389308,0.82524272,0.91321101,0.86797066,0.57742915,0.12739921,0.00267434,850,SUCCESS
svmguide1,SCS,False,0.05,0.05,Baseline,15,43.44022623,0.81391586,0.91237385,0.86325803,0.0,0.38584995,0.0,1700,SUCCESS
svmguide1,SCS,False,0.05,0.05,Screening,15,43.44022582,0.81391586,0.91237385,0.86325803,0.54048583,0.11006021,0.00252533,600,SUCCESS
svmguide1,SCS,False,0.1,0.0,Baseline,15,74.6713506,0.82686084,0.91420872,0.86806412,0.0,1.74094486,0.0,8925,SUCCESS
svmguide1,SCS,False,0.1,0.0,Screening,15,74.67135093,0.82686084,0.91420872,0.86806412,0.60172065,0.11489058,0.00321007,775,SUCCESS
svmguide1,SCS,False,0.1,0.05,Baseline,15,84.71359199,0.82038835,0.91341743,0.86610374,0.0,1.37129283,0.0,4225,SUCCESS
svmguide1,SCS,False,0.1,0.05,Screening,15,84.71359153,0.82038835,0.91341743,0.86610374,0.55617409,0.1403718,0.00331736,925,SUCCESS
svmguide1,SCS,False,0.01,0.0,Baseline,16,9.01854158,0.8381877,0.93165138,0.88066826,0.0,0.11233687,0.0,475,SUCCESS
svmguide1,SCS,False,0.01,0.0,Screening,16,9.01854156,0.8381877,0.93165138,0.88066826,0.48836032,0.3182137,0.00355458,2675,SUCCESS
svmguide1,SCS,False,0.01,0.05,Baseline,16,9.74073731,0.82038835,0.93042431,0.87226697,0.0,0.46242189,0.0,2150,SUCCESS
svmguide1,SCS,False,0.01,0.05,Screening,16,9.7407373,0.82038835,0.93042431,0.87226697,0.45850202,0.26916933,0.00311899,1950,SUCCESS
svmguide1,SCS,False,0.05,0.0,Baseline,16,38.81382342,0.8592233,0.93474771,0.89219331,0.0,1.18015885,0.0,3900,SUCCESS
svmguide1,SCS,False,0.05,0.0,Screening,16,38.81403141,0.8592233,0.9347133,0.89219331,0.57793522,0.0509901,0.00259376,150,SUCCESS
svmguide1,SCS,False,0.05,0.05,Baseline,16,43.53615713,0.85760518,0.93567661,0.89108911,0.0,2.27989411,0.0,11125,SUCCESS
svmguide1,SCS,False,0.05,0.05,Screening,16,43.53615714,0.85760518,0.93566514,0.89108911,0.53694332,0.1387434,0.00251818,900,SUCCESS
svmguide1,SCS,False,0.1,0.0,Baseline,16,74.55699725,0.85598706,0.93373853,0.88971499,0.0,2.73614049,0.0,9100,SUCCESS
svmguide1,SCS,False,0.1,0.0,Screening,16,74.55699689,0.85598706,0.93373853,0.88971499,0.60323887,0.12867737,0.00257158,1000,SUCCESS
svmguide1,SCS,False,0.1,0.05,Baseline,16,84.79040339,0.86245955,0.93524083,0.89519112,0.0,0.52208877,0.0,2475,SUCCESS
svmguide1,SCS,False,0.1,0.05,Screening,16,84.79040268,0.86245955,0.93525229,0.89519112,0.55566802,0.13976479,0.00252867,925,SUCCESS
svmguide1,SCS,False,0.01,0.0,Baseline,17,8.99409444,0.83656958,0.92509174,0.87961859,0.0,0.33512521,0.0,1525,SUCCESS
svmguide1,SCS,False,0.01,0.0,Screening,17,8.9940944,0.83656958,0.92509174,0.87961859,0.4888664,0.1419487,0.00337172,825,SUCCESS
svmguide1,SCS,False,0.01,0.05,Baseline,17,9.70563756,0.83656958,0.92178899,0.87904192,0.0,0.1805501,0.0,475,SUCCESS
svmguide1,SCS,False,0.01,0.05,Screening,17,9.70563756,0.83656958,0.92178899,0.87904192,0.46153846,0.12265635,0.00352502,550,SUCCESS
svmguide1,SCS,False,0.05,0.0,Baseline,17,39.00395984,0.87702265,0.93441514,0.90180879,0.0,0.52023125,0.0,2425,SUCCESS
svmguide1,SCS,False,0.05,0.0,Screening,17,39.00395887,0.87702265,0.93441514,0.90180879,0.57742915,0.10078192,0.00266623,625,SUCCESS
svmguide1,SCS,False,0.05,0.05,Baseline,17,43.56351955,0.87216828,0.93147936,0.90037831,0.0,0.40972877,0.0,1900,SUCCESS
svmguide1,SCS,False,0.05,0.05,Screening,17,43.56395963,0.87216828,0.93152523,0.90037831,0.53643725,0.05635834,0.00353646,150,SUCCESS
svmguide1,SCS,False,0.1,0.0,Baseline,17,75.13141813,0.84627832,0.93473624,0.8864994,0.0,0.88212681,0.0,2875,SUCCESS
svmguide1,SCS,False,0.1,0.0,Screening,17,75.13141764,0.84627832,0.93473624,0.8864994,0.60172065,0.11362267,0.00251222,825,SUCCESS
svmguide1,SCS,False,0.1,0.05,Baseline,17,85.00322282,0.84627832,0.93324541,0.88676996,0.0,1.05405998,0.0,5075,SUCCESS
svmguide1,SCS,False,0.1,0.05,Screening,17,85.0034398,0.84627832,0.93319954,0.88676996,0.5541498,0.06026006,0.00263762,225,SUCCESS
svmguide1,SCS,False,0.01,0.0,Baseline,18,9.08020496,0.83495146,0.93154817,0.87710843,0.0,0.17107797,0.0,675,SUCCESS
svmguide1,SCS,False,0.01,0.0,Screening,18,9.0802049,0.83495146,0.93154817,0.87710843,0.48582996,0.20313001,0.00616097,650,SUCCESS
svmguide1,SCS,False,0.01,0.05,Baseline,18,9.79873736,0.84789644,0.92909404,0.87696335,0.0,0.16993046,0.0,625,SUCCESS
svmguide1,SCS,False,0.01,0.05,Screening,18,9.79873733,0.84789644,0.92909404,0.87696335,0.4534413,0.11358309,0.00343537,500,SUCCESS
svmguide1,SCS,False,0.05,0.0,Baseline,18,39.36874217,0.87540453,0.93990826,0.90410959,0.0,0.301296,0.0,1450,SUCCESS
svmguide1,SCS,False,0.05,0.0,Screening,18,39.36904807,0.87540453,0.93989679,0.90410959,0.57287449,0.04906034,0.00255084,125,SUCCESS
svmguide1,SCS,False,0.05,0.05,Baseline,18,44.06321032,0.8592233,0.9378555,0.89325153,0.0,0.4422214,0.0,1250,SUCCESS
svmguide1,SCS,False,0.05,0.05,Screening,18,44.06321017,0.8592233,0.9378555,0.89325153,0.53238866,0.14427829,0.00314522,950,SUCCESS
svmguide1,SCS,False,0.1,0.0,Baseline,18,75.77038564,0.87540453,0.94004587,0.90191083,0.0,1.39683747,0.0,7050,SUCCESS
svmguide1,SCS,False,0.1,0.0,Screening,18,75.77038581,0.87540453,0.94004587,0.90191083,0.59665992,0.11999893,0.00332737,825,SUCCESS
svmguide1,SCS,False,0.1,0.05,Baseline,18,85.94966252,0.87055016,0.93951835,0.90049751,0.0,0.68957591,0.0,3250,SUCCESS
svmguide1,SCS,False,0.1,0.05,Screening,18,85.94966223,0.87055016,0.93951835,0.90049751,0.55111336,0.19519114,0.0050211,800,SUCCESS
svmguide1,SCS,False,0.01,0.0,Baseline,19,8.83431856,0.8171521,0.90917431,0.85190039,0.0,0.34704995,0.0,1600,SUCCESS
svmguide1,SCS,False,0.01,0.0,Screening,19,8.83436743,0.8171521,0.90924312,0.85190039,0.49949393,0.07760239,0.00415444,225,SUCCESS
svmguide1,SCS,False,0.01,0.05,Baseline,19,9.54746881,0.81553398,0.90412844,0.84880637,0.0,0.25521684,0.0,1125,SUCCESS
svmguide1,SCS,False,0.01,0.05,Screening,19,9.54749222,0.81553398,0.9043578,0.84880637,0.46609312,0.06623459,0.00322366,225,SUCCESS
svmguide1,SCS,False,0.05,0.0,Baseline,19,37.99115845,0.84951456,0.92043578,0.88588957,0.0,0.17102313,0.0,700,SUCCESS
svmguide1,SCS,False,0.05,0.0,Screening,19,37.9913112,0.84951456,0.92036697,0.88588957,0.58653846,0.08678675,0.00539541,100,SUCCESS
svmguide1,SCS,False,0.05,0.05,Baseline,19,42.6005136,0.84304207,0.91630734,0.87798742,0.0,0.79269171,0.0,3725,SUCCESS
svmguide1,SCS,False,0.05,0.05,Screening,19,42.60051363,0.84304207,0.91630734,0.87798742,0.54605263,0.11465859,0.00318885,625,SUCCESS
svmguide1,SCS,False,0.1,0.0,Baseline,19,73.00768394,0.83333333,0.92178899,0.86500655,0.0,0.97627378,0.0,4950,SUCCESS
svmguide1,SCS,False,0.1,0.0,Screening,19,73.00768373,0.83333333,0.92178899,0.86500655,0.61133603,0.10445333,0.00313759,700,SUCCESS
svmguide1,SCS,False,0.1,0.05,Baseline,19,82.9279468,0.83333333,0.91978211,0.86571056,0.0,0.65821719,0.0,1925,SUCCESS
svmguide1,SCS,False,0.1,0.05,Screening,19,82.92794489,0.83333333,0.91978211,0.86571056,0.56477733,0.11250854,0.00336313,600,SUCCESS
svmguide1,SCS,False,0.01,0.0,Baseline,20,8.97802316,0.83980583,0.92472477,0.88057901,0.0,0.54016399,0.0,2625,SUCCESS
svmguide1,SCS,False,0.01,0.0,Screening,20,8.97815086,0.83980583,0.92446101,0.88057901,0.48987854,0.05780745,0.00328016,175,SUCCESS
svmguide1,SCS,False,0.01,0.05,Baseline,20,9.68631065,0.83171521,0.92230505,0.87559809,0.0,0.11934066,0.0,475,SUCCESS
svmguide1,SCS,False,0.01,0.05,Screening,20,9.68631058,0.83171521,0.92230505,0.87559809,0.46002024,0.12117076,0.00341535,575,SUCCESS
svmguide1,SCS,False,0.05,0.0,Baseline,20,39.1379743,0.87055016,0.93080275,0.90049751,0.0,0.82274961,0.0,3700,SUCCESS
svmguide1,SCS,False,0.05,0.0,Screening,20,39.13797457,0.87055016,0.93080275,0.90049751,0.57540486,0.19539547,0.00416255,950,SUCCESS
svmguide1,SCS,False,0.05,0.05,Baseline,20,43.56552306,0.85275081,0.93027523,0.88915956,0.0,0.43728971,0.0,2050,SUCCESS
svmguide1,SCS,False,0.05,0.05,Screening,20,43.56576194,0.85275081,0.93013761,0.88915956,0.53795547,0.05539966,0.00271034,150,SUCCESS
svmguide1,SCS,False,0.1,0.0,Baseline,20,75.47402407,0.86893204,0.93224771,0.89836888,0.0,0.38832378,0.0,1850,SUCCESS
svmguide1,SCS,False,0.1,0.0,Screening,20,75.47402348,0.86893204,0.93224771,0.89836888,0.59969636,0.11182189,0.00262332,775,SUCCESS
svmguide1,SCS,False,0.1,0.05,Baseline,20,85.15423815,0.85598706,0.93048165,0.89106487,0.0,1.79106188,0.0,5750,SUCCESS
svmguide1,SCS,False,0.1,0.05,Screening,20,85.15456418,0.85598706,0.93050459,0.89106487,0.55617409,0.05779886,0.00242043,200,SUCCESS
svmguide1,SCS,False,0.01,0.0,Baseline,21,9.06691649,0.84142395,0.93186927,0.87206266,0.0,0.17120004,0.0,750,SUCCESS
svmguide1,SCS,False,0.01,0.0,Screening,21,9.06695764,0.84142395,0.93192661,0.87206266,0.48684211,0.06544232,0.00260329,275,SUCCESS
svmguide1,SCS,False,0.01,0.05,Baseline,21,9.78231602,0.83009709,0.92876147,0.87776484,0.0,0.15022087,0.0,600,SUCCESS
svmguide1,SCS,False,0.01,0.05,Screening,21,9.78231604,0.83009709,0.92876147,0.87776484,0.45850202,0.2510798,0.00413847,925,SUCCESS
svmguide1,SCS,False,0.05,0.0,Baseline,21,39.49892474,0.8592233,0.93974771,0.89056604,0.0,0.46002483,0.0,2200,SUCCESS
svmguide1,SCS,False,0.05,0.0,Screening,21,39.49915348,0.8592233,0.93970183,0.89056604,0.57236842,0.05584168,0.00363731,150,SUCCESS
svmguide1,SCS,False,0.05,0.05,Baseline,21,44.03408494,0.86407767,0.9383945,0.89473684,0.0,0.30328631,0.0,1400,SUCCESS
svmguide1,SCS,False,0.05,0.05,Screening,21,44.03408498,0.86407767,0.9383945,0.89473684,0.53289474,0.14862013,0.00307679,875,SUCCESS
svmguide1,SCS,False,0.1,0.0,Baseline,21,76.22928447,0.86084142,0.94022936,0.89330025,0.0,1.09956479,0.0,3575,SUCCESS
svmguide1,SCS,False,0.1,0.0,Screening,21,76.22928416,0.86084142,0.94022936,0.89330025,0.59716599,0.11872005,0.00371003,600,SUCCESS
svmguide1,SCS,False,0.1,0.05,Baseline,21,86.05292989,0.86407767,0.94008028,0.8960396,0.0,0.91269445,0.0,4350,SUCCESS
svmguide1,SCS,False,0.1,0.05,Screening,21,86.05292919,0.86407767,0.94008028,0.8960396,0.55010121,0.19463634,0.00345516,1400,SUCCESS
svmguide1,SCS,False,0.01,0.0,Baseline,22,8.93982187,0.82524272,0.91261468,0.85900783,0.0,0.15857482,0.0,700,SUCCESS
svmguide1,SCS,False,0.01,0.0,Screening,22,8.93982185,0.82524272,0.91261468,0.85900783,0.49342105,0.14265847,0.0034399,925,SUCCESS
svmguide1,SCS,False,0.01,0.05,Baseline,22,9.64611962,0.80582524,0.9087156,0.85576923,0.0,0.18909979,0.0,475,SUCCESS
svmguide1,SCS,False,0.01,0.05,Screening,22,9.64614875,0.80744337,0.90837156,0.85816448,0.46002024,0.06422496,0.0028758,175,SUCCESS
svmguide1,SCS,False,0.05,0.0,Baseline,22,38.73997817,0.83656958,0.92571101,0.87637699,0.0,0.51341176,0.0,2525,SUCCESS
svmguide1,SCS,False,0.05,0.0,Screening,22,38.74004392,0.8381877,0.92563073,0.87775061,0.57945344,0.05138111,0.00247145,175,SUCCESS
svmguide1,SCS,False,0.05,0.05,Baseline,22,43.30965107,0.84142395,0.92079128,0.87531807,0.0,0.5398941,0.0,1575,SUCCESS
svmguide1,SCS,False,0.05,0.05,Screening,22,43.31019209,0.84142395,0.92083716,0.87531807,0.5409919,0.09042072,0.00431156,175,SUCCESS
svmguide1,SCS,False,0.1,0.0,Baseline,22,74.53472619,0.84466019,0.92837156,0.8817734,0.0,1.36853218,0.0,7025,SUCCESS
svmguide1,SCS,False,0.1,0.0,Screening,22,74.53554215,0.84466019,0.92849771,0.8817734,0.60323887,0.04778218,0.00258541,150,SUCCESS
svmguide1,SCS,False,0.1,0.05,Baseline,22,84.48748638,0.83495146,0.92261468,0.87376238,0.0,0.91380429,0.0,4375,SUCCESS
svmguide1,SCS,False,0.1,0.05,Screening,22,84.48804031,0.83656958,0.92256881,0.87484511,0.55718623,0.08770728,0.00421286,150,SUCCESS
svmguide1,SCS,False,0.01,0.0,Baseline,23,9.16270925,0.86731392,0.93885321,0.89646465,0.0,0.26670384,0.0,1250,SUCCESS
svmguide1,SCS,False,0.01,0.0,Screening,23,9.16280341,0.86731392,0.93893349,0.89646465,0.47925101,0.05661917,0.00316143,175,SUCCESS
svmguide1,SCS,False,0.01,0.05,Baseline,23,9.89972452,0.84789644,0.93650229,0.88480392,0.0,0.13780284,0.0,575,SUCCESS
svmguide1,SCS,False,0.01,0.05,Screening,23,9.89972451,0.84789644,0.93650229,0.88480392,0.44888664,0.15315676,0.00332665,825,SUCCESS
svmguide1,SCS,False,0.05,0.0,Baseline,23,39.58853941,0.87055016,0.93981651,0.89690722,0.0,2.25993323,0.0,11650,SUCCESS
svmguide1,SCS,False,0.05,0.0,Screening,23,39.58853965,0.87055016,0.93981651,0.89690722,0.56983806,0.25620365,0.00487566,1425,SUCCESS
svmguide1,SCS,False,0.05,0.05,Baseline,23,44.36808632,0.87378641,0.94283257,0.89896373,0.0,0.27761245,0.0,1250,SUCCESS
svmguide1,SCS,False,0.05,0.05,Screening,23,44.36808576,0.87378641,0.94283257,0.89896373,0.52732794,0.11749887,0.00316548,650,SUCCESS
svmguide1,SCS,False,0.1,0.0,Baseline,23,76.16026282,0.87055016,0.93963303,0.90049751,0.0,0.82091618,0.0,4100,SUCCESS
svmguide1,SCS,False,0.1,0.0,Screening,23,76.16026199,0.87055016,0.93963303,0.90049751,0.59564777,0.11352372,0.00321937,775,SUCCESS
svmguide1,SCS,False,0.1,0.05,Baseline,23,86.49697577,0.87864078,0.94236239,0.90518331,0.0,1.27642798,0.0,3975,SUCCESS
svmguide1,SCS,False,0.1,0.05,Screening,23,86.49697532,0.87864078,0.94236239,0.90518331,0.54757085,0.12902188,0.00314546,825,SUCCESS
svmguide1,SCS,False,0.01,0.0,Baseline,24,9.18039246,0.85598706,0.94922018,0.89566237,0.0,0.13695931,0.0,600,SUCCESS
svmguide1,SCS,False,0.01,0.0,Screening,24,9.1803924,0.85598706,0.94922018,0.89566237,0.48279352,0.15478277,0.00325561,875,SUCCESS
svmguide1,SCS,False,0.01,0.05,Baseline,24,9.90129272,0.85598706,0.94723624,0.89614936,0.0,0.11318016,0.0,450,SUCCESS
svmguide1,SCS,False,0.01,0.05,Screening,24,9.90129265,0.85598706,0.94723624,0.89614936,0.45293522,0.13742232,0.0026598,725,SUCCESS
svmguide1,SCS,False,0.05,0.0,Baseline,24,39.94471713,0.88834951,0.95411697,0.91342535,0.0,0.44908547,0.0,1375,SUCCESS
svmguide1,SCS,False,0.05,0.0,Screening,24,39.94471708,0.88834951,0.95411697,0.91342535,0.56730769,0.13569999,0.00308537,925,SUCCESS
svmguide1,SCS,False,0.05,0.05,Baseline,24,44.55895314,0.88996764,0.95489679,0.91687042,0.0,0.85602522,0.0,4100,SUCCESS
svmguide1,SCS,False,0.05,0.05,Screening,24,44.55895166,0.88996764,0.95489679,0.91687042,0.52631579,0.1319809,0.00315976,825,SUCCESS
svmguide1,SCS,False,0.1,0.0,Baseline,24,77.05346039,0.87702265,0.95369266,0.90686275,0.0,0.95161843,0.0,4775,SUCCESS
svmguide1,SCS,False,0.1,0.0,Screening,24,77.05345919,0.87702265,0.95369266,0.90686275,0.59210526,0.1596787,0.00462055,600,SUCCESS
svmguide1,SCS,False,0.1,0.05,Baseline,24,86.99773487,0.88673139,0.95494266,0.91336634,0.0,1.01944542,0.0,4900,SUCCESS
svmguide1,SCS,False,0.1,0.05,Screening,24,86.99773483,0.88673139,0.95494266,0.91336634,0.54504049,0.21063399,0.00318289,1500,SUCCESS
svmguide1,SCS,False,0.01,0.0,Baseline,25,8.95129348,0.84789644,0.92947248,0.88452088,0.0,0.16175008,0.0,700,SUCCESS
svmguide1,SCS,False,0.01,0.0,Screening,25,8.95129338,0.84789644,0.92947248,0.88452088,0.49342105,0.15210247,0.00345063,875,SUCCESS
svmguide1,SCS,False,0.01,0.05,Baseline,25,9.66626979,0.83333333,0.92691514,0.88037166,0.0,0.12222838,0.0,475,SUCCESS
svmguide1,SCS,False,0.01,0.05,Screening,25,9.66626979,0.83333333,0.92691514,0.88037166,0.46052632,0.16921782,0.00515819,475,SUCCESS
svmguide1,SCS,False,0.05,0.0,Baseline,25,38.79154469,0.84951456,0.93202982,0.88699878,0.0,0.1888814,0.0,875,SUCCESS
svmguide1,SCS,False,0.05,0.0,Screening,25,38.79154375,0.84951456,0.93202982,0.88699878,0.57894737,0.13850594,0.0047009,950,SUCCESS
svmguide1,SCS,False,0.05,0.05,Baseline,25,43.35211089,0.85436893,0.93388761,0.89260143,0.0,0.1448741,0.0,600,SUCCESS
svmguide1,SCS,False,0.05,0.05,Screening,25,43.35223131,0.85436893,0.93381881,0.89260143,0.54048583,0.05553532,0.00255132,175,SUCCESS
svmguide1,SCS,False,0.1,0.0,Baseline,25,74.72473675,0.84951456,0.93100917,0.88504326,0.0,0.55153155,0.0,2625,SUCCESS
svmguide1,SCS,False,0.1,0.0,Screening,25,74.72473455,0.84951456,0.93100917,0.88504326,0.60374494,0.18983603,0.00393105,925,SUCCESS
svmguide1,SCS,False,0.1,0.05,Baseline,25,84.57511358,0.85760518,0.93324541,0.89215686,0.0,0.69027829,0.0,3300,SUCCESS
svmguide1,SCS,False,0.1,0.05,Screening,25,84.57511328,0.85760518,0.93324541,0.89215686,0.55668016,0.12624097,0.00343418,800,SUCCESS
svmguide1,SCS,False,0.01,0.0,Baseline,26,8.96419751,0.84627832,0.93204128,0.88428745,0.0,0.29403877,0.0,1325,SUCCESS
svmguide1,SCS,False,0.01,0.0,Screening,26,8.96433076,0.84627832,0.93215596,0.88428745,0.49038462,0.06028867,0.00406933,175,SUCCESS
svmguide1,SCS,False,0.01,0.05,Baseline,26,9.67563587,0.82686084,0.92912844,0.8760139,0.0,1.40751052,0.0,4300,SUCCESS
svmguide1,SCS,False,0.01,0.05,Screening,26,9.67563588,0.82686084,0.92912844,0.8760139,0.46204453,0.20966506,0.00360703,1375,SUCCESS
svmguide1,SCS,False,0.05,0.0,Baseline,26,38.97381251,0.86407767,0.93795872,0.89420655,0.0,1.41551757,0.0,7050,SUCCESS
svmguide1,SCS,False,0.05,0.0,Screening,26,38.97387998,0.86407767,0.93788991,0.89420655,0.57742915,0.04948497,0.00298142,125,SUCCESS
svmguide1,SCS,False,0.05,0.05,Baseline,26,43.47028733,0.84951456,0.93694954,0.88835534,0.0,1.22561669,0.0,4500,SUCCESS
svmguide1,SCS,False,0.05,0.05,Screening,26,43.47028733,0.84951456,0.93694954,0.88835534,0.54048583,0.14497161,0.00269508,1000,SUCCESS
svmguide1,SCS,False,0.1,0.0,Baseline,26,75.1159707,0.85436893,0.93883028,0.8923445,0.0,1.7980895,0.0,9075,SUCCESS
svmguide1,SCS,False,0.1,0.0,Screening,26,75.1159707,0.85436893,0.93883028,0.8923445,0.6007085,0.15258551,0.0025022,1375,SUCCESS
svmguide1,SCS,False,0.1,0.05,Baseline,26,84.92118028,0.86084142,0.93969037,0.89434889,0.0,0.64688015,0.0,3075,SUCCESS
svmguide1,SCS,False,0.1,0.05,Screening,26,84.92165371,0.86084142,0.93974771,0.89434889,0.55769231,0.08754921,0.00415206,150,SUCCESS
svmguide1,SCS,False,0.01,0.0,Baseline,27,9.13420164,0.84304207,0.93888761,0.86802721,0.0,0.23658919,0.0,1050,SUCCESS
svmguide1,SCS,False,0.01,0.0,Screening,27,9.13420166,0.84304207,0.93888761,0.86802721,0.48380567,0.15795112,0.00263977,1050,SUCCESS
svmguide1,SCS,False,0.01,0.05,Baseline,27,9.85362308,0.83656958,0.93355505,0.86369771,0.0,0.11462831,0.0,450,SUCCESS
svmguide1,SCS,False,0.01,0.05,Screening,27,9.8536558,0.83656958,0.93355505,0.86369771,0.451417,0.06280804,0.00354838,175,SUCCESS
svmguide1,SCS,False,0.05,0.0,Baseline,27,39.8679887,0.87864078,0.94691514,0.90396927,0.0,0.13895249,0.0,600,SUCCESS
svmguide1,SCS,False,0.05,0.0,Screening,27,39.86803567,0.87864078,0.94691514,0.90396927,0.57034413,0.07816505,0.00480151,150,SUCCESS
svmguide1,SCS,False,0.05,0.05,Baseline,27,44.38289009,0.86245955,0.94544725,0.89060489,0.0,0.45838332,0.0,2150,SUCCESS
svmguide1,SCS,False,0.05,0.05,Screening,27,44.38288992,0.86245955,0.94544725,0.89060489,0.5298583,0.12185383,0.00326467,700,SUCCESS
svmguide1,SCS,False,0.1,0.0,Baseline,27,77.02855526,0.88673139,0.94744266,0.91094148,0.0,0.55428028,0.0,2600,SUCCESS
svmguide1,SCS,False,0.1,0.0,Screening,27,77.0285553,0.88673139,0.94744266,0.91094148,0.59311741,0.11295009,0.00252151,825,SUCCESS
svmguide1,SCS,False,0.1,0.05,Baseline,27,86.76230776,0.87378641,0.94643349,0.89974293,0.0,0.82815766,0.0,3950,SUCCESS
svmguide1,SCS,False,0.1,0.05,Screening,27,86.76230639,0.87378641,0.94643349,0.89974293,0.54757085,0.18931818,0.00417662,725,SUCCESS
svmguide1,SCS,False,0.01,0.0,Baseline,28,8.88375977,0.85275081,0.93067661,0.88888889,0.0,0.10974216,0.0,450,SUCCESS
svmguide1,SCS,False,0.01,0.0,Screening,28,8.88376671,0.85436893,0.93059633,0.8902439,0.49493927,0.05678725,0.00265145,175,SUCCESS
svmguide1,SCS,False,0.01,0.05,Baseline,28,9.60584672,0.83333333,0.92659404,0.88174512,0.0,0.50033379,0.0,2325,SUCCESS
svmguide1,SCS,False,0.01,0.05,Screening,28,9.60584659,0.83333333,0.92659404,0.88174512,0.46305668,0.16321635,0.00335574,975,SUCCESS
svmguide1,SCS,False,0.05,0.0,Baseline,28,38.19292828,0.85275081,0.93388761,0.88888889,0.0,0.44517946,0.0,1375,SUCCESS
svmguide1,SCS,False,0.05,0.0,Screening,28,38.19313195,0.85275081,0.93388761,0.88888889,0.58451417,0.05286336,0.00347638,125,SUCCESS
svmguide1,SCS,False,0.05,0.05,Baseline,28,42.85209684,0.85598706,0.93425459,0.89212121,0.0,1.39757919,0.0,6700,SUCCESS
svmguide1,SCS,False,0.05,0.05,Screening,28,42.85209637,0.85598706,0.93425459,0.89212121,0.54251012,0.12206459,0.00332713,725,SUCCESS
svmguide1,SCS,False,0.1,0.0,Baseline,28,73.31793595,0.84951456,0.93316514,0.88532676,0.0,0.63352346,0.0,3050,SUCCESS
svmguide1,SCS,False,0.1,0.0,Screening,28,73.31847848,0.84627832,0.93311927,0.88456865,0.60931174,0.05181837,0.00317264,150,SUCCESS
svmguide1,SCS,False,0.1,0.05,Baseline,28,83.41417511,0.85436893,0.93459862,0.8902439,0.0,1.56642818,0.0,7525,SUCCESS
svmguide1,SCS,False,0.1,0.05,Screening,28,83.41417568,0.85436893,0.93459862,0.8902439,0.56275304,0.15664649,0.00344419,1125,SUCCESS
svmguide1,SCS,False,0.01,0.0,Baseline,29,9.00404188,0.84304207,0.93383028,0.88327316,0.0,0.16541457,0.0,725,SUCCESS
svmguide1,SCS,False,0.01,0.0,Screening,29,9.00404188,0.84304207,0.93383028,0.88327316,0.49038462,0.13505244,0.0025456,850,SUCCESS
svmguide1,SCS,False,0.01,0.05,Baseline,29,9.71711767,0.83333333,0.93010321,0.8772348,0.0,0.37439132,0.0,1075,SUCCESS
svmguide1,SCS,False,0.01,0.05,Screening,29,9.71711767,0.83333333,0.93010321,0.8772348,0.45698381,0.15798616,0.00320053,775,SUCCESS
svmguide1,SCS,False,0.05,0.0,Baseline,29,39.32749391,0.86569579,0.94384174,0.89714994,0.0,0.1390996,0.0,600,SUCCESS
svmguide1,SCS,False,0.05,0.0,Screening,29,39.32749398,0.86569579,0.94384174,0.89714994,0.576417,0.11202073,0.00251842,700,SUCCESS
svmguide1,SCS,False,0.05,0.05,Baseline,29,43.74391741,0.86245955,0.94115826,0.89440994,0.0,0.82552505,0.0,3925,SUCCESS
svmguide1,SCS,False,0.05,0.05,Screening,29,43.74391719,0.86245955,0.94115826,0.89440994,0.53491903,0.19419432,0.0043478,725,SUCCESS
svmguide1,SCS,False,0.1,0.0,Baseline,29,75.88761354,0.86731392,0.94415138,0.89775561,0.0,0.7257452,0.0,2350,SUCCESS
svmguide1,SCS,False,0.1,0.0,Screening,29,75.88761102,0.86731392,0.94415138,0.89775561,0.59817814,0.10906458,0.00262737,775,SUCCESS
svmguide1,SCS,False,0.1,0.05,Baseline,29,85.53886888,0.86731392,0.9440711,0.8975,0.0,0.55599403,0.0,2650,SUCCESS
svmguide1,SCS,False,0.1,0.05,Screening,29,85.53886861,0.86731392,0.9440711,0.8975,0.55465587,0.11118293,0.00315118,625,SUCCESS
svmguide1,SCS,False,0.01,0.0,Baseline,30,8.9868117,0.84142395,0.93806193,0.88361045,0.0,0.11711574,0.0,450,SUCCESS
svmguide1,SCS,False,0.01,0.0,Screening,30,8.98684894,0.83980583,0.93788991,0.88256228,0.48937247,0.05731297,0.00250268,200,SUCCESS
svmguide1,SCS,False,0.01,0.05,Baseline,30,9.71112271,0.83333333,0.93550459,0.8786808,0.0,0.18279696,0.0,450,SUCCESS
svmguide1,SCS,False,0.01,0.05,Screening,30,9.71113106,0.83333333,0.93553899,0.8786808,0.45799595,0.06537986,0.00268912,225,SUCCESS
svmguide1,SCS,False,0.05,0.0,Baseline,30,38.83060708,0.83171521,0.94011468,0.87850467,0.0,0.15969682,0.0,700,SUCCESS
svmguide1,SCS,False,0.05,0.0,Screening,30,38.83060691,0.83171521,0.94012615,0.87850467,0.5784413,0.10871601,0.00355554,600,SUCCESS
svmguide1,SCS,False,0.05,0.05,Baseline,30,43.45624904,0.85436893,0.94198394,0.89104116,0.0,0.17051244,0.0,700,SUCCESS
svmguide1,SCS,False,0.05,0.05,Screening,30,43.45624908,0.85436893,0.94198394,0.89104116,0.53593117,0.12434244,0.00320601,700,SUCCESS
svmguide1,SCS,False,0.1,0.0,Baseline,30,74.62410814,0.83980583,0.93975917,0.88284024,0.0,1.27143908,0.0,4400,SUCCESS
svmguide1,SCS,False,0.1,0.0,Screening,30,74.62410746,0.83980583,0.93975917,0.88284024,0.60121457,0.12724853,0.00266743,800,SUCCESS
svmguide1,SCS,False,0.1,0.05,Baseline,30,84.76551687,0.86569579,0.94158257,0.8986569,0.0,1.02036428,0.0,4825,SUCCESS
svmguide1,SCS,False,0.1,0.05,Screening,30,84.7655165,0.86569579,0.94158257,0.8986569,0.55668016,0.12969208,0.00267577,775,SUCCESS
svmguide1,SCS,True,0.01,0.0,Baseline,1,9.09937937,0.82847896,0.92922018,0.87529412,0.0,0.1885798,0.0,825,SUCCESS
svmguide1,SCS,True,0.01,0.0,Screening,1,9.09942358,0.82847896,0.92932339,0.87529412,0.48481781,0.09589624,0.00400639,200,SUCCESS
svmguide1,SCS,True,0.01,0.05,Baseline,1,9.82051572,0.82524272,0.92666284,0.87323944,0.0,0.24379468,0.0,625,SUCCESS
svmguide1,SCS,True,0.01,0.05,Screening,1,9.82051574,0.82524272,0.92666284,0.87323944,0.45445344,0.14115667,0.00251198,625,SUCCESS
svmguide1,SCS,True,0.05,0.0,Baseline,1,39.26780068,0.84789644,0.93139908,0.88395062,0.0,0.18339324,0.0,825,SUCCESS
svmguide1,SCS,True,0.05,0.0,Screening,1,39.26798551,0.84789644,0.93131881,0.88395062,0.57439271,0.0395937,0.0025754,0,SUCCESS
svmguide1,SCS,True,0.05,0.05,Baseline,1,44.02804353,0.83980583,0.93440367,0.88256228,0.0,0.18209577,0.0,800,SUCCESS
svmguide1,SCS,True,0.05,0.05,Screening,1,44.02804329,0.83980583,0.93440367,0.88256228,0.53036437,0.25204635,0.00475359,1025,SUCCESS
svmguide1,SCS,True,0.1,0.0,Baseline,1,75.55819232,0.85113269,0.93094037,0.88669951,0.0,0.58139491,0.0,2825,SUCCESS
svmguide1,SCS,True,0.1,0.0,Screening,1,75.558191,0.85113269,0.93094037,0.88669951,0.59767206,0.14028096,0.00310659,1175,SUCCESS
svmguide1,SCS,True,0.1,0.05,Baseline,1,85.80013178,0.85760518,0.93329128,0.89,0.0,1.26961684,0.0,6125,SUCCESS
svmguide1,SCS,True,0.1,0.05,Screening,1,85.80035118,0.83495146,0.93338303,0.87769784,0.54908907,0.05832267,0.00268531,200,SUCCESS
svmguide1,SCS,True,0.01,0.0,Baseline,2,8.96955566,0.83656958,0.91605505,0.87001287,0.0,0.31459308,0.0,900,SUCCESS
svmguide1,SCS,True,0.01,0.0,Screening,2,8.96955566,0.83656958,0.91605505,0.87001287,0.49493927,0.12098289,0.00277352,700,SUCCESS
svmguide1,SCS,True,0.01,0.05,Baseline,2,9.66421673,0.83171521,0.91347477,0.87735849,0.0,0.22825646,0.0,950,SUCCESS
svmguide1,SCS,True,0.01,0.05,Screening,2,9.66421671,0.83171521,0.91347477,0.87735849,0.4645749,0.14181256,0.00332642,775,SUCCESS
svmguide1,SCS,True,0.05,0.0,Baseline,2,39.08365494,0.8592233,0.92834862,0.89111389,0.0,0.1751256,0.0,800,SUCCESS
svmguide1,SCS,True,0.05,0.0,Screening,2,39.08365511,0.8592233,0.92836009,0.89111389,0.57692308,0.10312414,0.00260258,625,SUCCESS
svmguide1,SCS,True,0.05,0.05,Baseline,2,43.57785773,0.85598706,0.92450688,0.89079755,0.0,1.84590769,0.0,5675,SUCCESS
svmguide1,SCS,True,0.05,0.05,Screening,2,43.57798536,0.85598706,0.92443807,0.89079755,0.53795547,0.05663538,0.00257945,150,SUCCESS
svmguide1,SCS,True,0.1,0.0,Baseline,2,75.31767692,0.86084142,0.92926606,0.89223058,0.0,0.20301819,0.0,925,SUCCESS
svmguide1,SCS,True,0.1,0.0,Screening,2,75.31767676,0.86084142,0.92926606,0.89223058,0.59969636,0.09491873,0.00238657,550,SUCCESS
svmguide1,SCS,True,0.1,0.05,Baseline,2,85.1397498,0.85760518,0.92569954,0.89108911,0.0,0.1779201,0.0,775,SUCCESS
svmguide1,SCS,True,0.1,0.05,Screening,2,85.13975018,0.85760518,0.92569954,0.89108911,0.55566802,0.13255668,0.00317335,850,SUCCESS
svmguide1,SCS,True,0.01,0.0,Baseline,3,9.04125866,0.85760518,0.93912844,0.88717949,0.0,0.24276829,0.0,650,SUCCESS
svmguide1,SCS,True,0.01,0.0,Screening,3,9.04125859,0.85760518,0.93912844,0.88717949,0.48582996,0.12765217,0.00257945,750,SUCCESS
svmguide1,SCS,True,0.01,0.05,Baseline,3,9.77058038,0.84466019,0.93669725,0.87467363,0.0,0.34791017,0.0,1550,SUCCESS
svmguide1,SCS,True,0.01,0.05,Screening,3,9.77059135,0.84466019,0.93652523,0.87467363,0.45445344,0.06441975,0.00261331,200,SUCCESS
svmguide1,SCS,True,0.05,0.0,Baseline,3,38.88144148,0.88187702,0.94413991,0.90909091,0.0,0.35228467,0.0,1725,SUCCESS
svmguide1,SCS,True,0.05,0.0,Screening,3,38.88144129,0.88187702,0.94413991,0.90909091,0.57793522,0.10383296,0.0025146,650,SUCCESS
svmguide1,SCS,True,0.05,0.05,Baseline,3,43.63447093,0.88673139,0.94527523,0.91139241,0.0,0.18494081,0.0,800,SUCCESS
svmguide1,SCS,True,0.05,0.05,Screening,3,43.63447082,0.88673139,0.94527523,0.91139241,0.53289474,0.21549678,0.00415111,750,SUCCESS
svmguide1,SCS,True,0.1,0.0,Baseline,3,74.66857216,0.87540453,0.94372706,0.90505549,0.0,0.77603507,0.0,3875,SUCCESS
svmguide1,SCS,True,0.1,0.0,Screening,3,74.66857218,0.87540453,0.94372706,0.90505549,0.60273279,0.1247704,0.00274634,975,SUCCESS
svmguide1,SCS,True,0.1,0.05,Baseline,3,84.95094461,0.88349515,0.94553899,0.90909091,0.0,1.63922548,0.0,8125,SUCCESS
svmguide1,SCS,True,0.1,0.05,Screening,3,84.95094476,0.88349515,0.94553899,0.90909091,0.5541498,0.13391519,0.00266528,850,SUCCESS
svmguide1,SCS,True,0.01,0.0,Baseline,4,9.12163698,0.8381877,0.93263761,0.88235294,0.0,0.18671536,0.0,600,SUCCESS
svmguide1,SCS,True,0.01,0.0,Screening,4,9.12163698,0.8381877,0.93263761,0.88235294,0.48380567,0.1437676,0.00254607,925,SUCCESS
svmguide1,SCS,True,0.01,0.05,Baseline,4,9.8526391,0.84466019,0.93104358,0.88571429,0.0,0.15516996,0.0,625,SUCCESS
svmguide1,SCS,True,0.01,0.05,Screening,4,9.85263929,0.84466019,0.93099771,0.88571429,0.45394737,0.47247744,0.00281787,3800,SUCCESS
svmguide1,SCS,True,0.05,0.0,Baseline,4,39.40550566,0.85436893,0.93626147,0.8907767,0.0,0.21793032,0.0,950,SUCCESS
svmguide1,SCS,True,0.05,0.0,Screening,4,39.40566361,0.85436893,0.93626147,0.8907767,0.57287449,0.07553339,0.00414562,125,SUCCESS
svmguide1,SCS,True,0.05,0.05,Baseline,4,44.13755625,0.85760518,0.93708716,0.89268293,0.0,0.74459529,0.0,3500,SUCCESS
svmguide1,SCS,True,0.05,0.05,Screening,4,44.13755506,0.85760518,0.93708716,0.89268293,0.53087045,0.14456558,0.00273037,925,SUCCESS
svmguide1,SCS,True,0.1,0.0,Baseline,4,75.7976295,0.85598706,0.93661697,0.89159562,0.0,1.76596427,0.0,9025,SUCCESS
svmguide1,SCS,True,0.1,0.0,Screening,4,75.79762957,0.85598706,0.93661697,0.89159562,0.59716599,0.1672585,0.00256944,1475,SUCCESS
svmguide1,SCS,True,0.1,0.05,Baseline,4,86.08032925,0.86084142,0.93858945,0.89563107,0.0,0.71599388,0.0,2150,SUCCESS
svmguide1,SCS,True,0.1,0.05,Screening,4,86.08032868,0.86084142,0.93858945,0.89563107,0.54959514,0.12275696,0.00276518,700,SUCCESS
svmguide1,SCS,True,0.01,0.0,Baseline,5,8.97558263,0.83171521,0.92100917,0.875,0.0,0.11694241,0.0,475,SUCCESS
svmguide1,SCS,True,0.01,0.0,Screening,5,8.97558262,0.83171521,0.92100917,0.875,0.49291498,0.14491868,0.00273728,800,SUCCESS
svmguide1,SCS,True,0.01,0.05,Baseline,5,9.67924949,0.82524272,0.91715596,0.86699507,0.0,0.10668516,0.0,400,SUCCESS
svmguide1,SCS,True,0.01,0.05,Screening,5,9.67925291,0.82524272,0.91723624,0.86699507,0.46609312,0.11228943,0.00436282,275,SUCCESS
svmguide1,SCS,True,0.05,0.0,Baseline,5,38.98667891,0.85113269,0.92799312,0.88613861,0.0,1.10699439,0.0,5575,SUCCESS
svmguide1,SCS,True,0.05,0.0,Screening,5,38.98681107,0.85113269,0.9281422,0.88613861,0.57692308,0.0506928,0.00262117,150,SUCCESS
svmguide1,SCS,True,0.05,0.05,Baseline,5,43.51145699,0.84142395,0.92652523,0.87780549,0.0,1.83528233,0.0,8950,SUCCESS
svmguide1,SCS,True,0.05,0.05,Screening,5,43.51164153,0.84304207,0.92677752,0.87890137,0.53744939,0.09741449,0.00407505,175,SUCCESS
svmguide1,SCS,True,0.1,0.0,Baseline,5,75.14722209,0.85436893,0.93020642,0.88861386,0.0,0.21086335,0.0,925,SUCCESS
svmguide1,SCS,True,0.1,0.0,Screening,5,75.14722192,0.85275081,0.93020642,0.88751545,0.60020243,0.11182189,0.00256252,800,SUCCESS
svmguide1,SCS,True,0.1,0.05,Baseline,5,84.94447286,0.83980583,0.92743119,0.8754717,0.0,1.25153804,0.0,6050,SUCCESS
svmguide1,SCS,True,0.1,0.05,Screening,5,84.94447124,0.83980583,0.92743119,0.8754717,0.55364372,0.18029785,0.00258541,1425,SUCCESS
svmguide1,SCS,True,0.01,0.0,Baseline,6,8.96766427,0.84789644,0.93502294,0.88480392,0.0,0.18269205,0.0,825,SUCCESS
svmguide1,SCS,True,0.01,0.0,Screening,6,8.9676643,0.84789644,0.93502294,0.88480392,0.4944332,0.14621878,0.00268126,825,SUCCESS
svmguide1,SCS,True,0.01,0.05,Baseline,6,9.67714334,0.83495146,0.93292431,0.87971698,0.0,0.42661238,0.0,2000,SUCCESS
svmguide1,SCS,True,0.01,0.05,Screening,6,9.67714331,0.83495146,0.93292431,0.87971698,0.46356275,0.16195393,0.00333476,825,SUCCESS
svmguide1,SCS,True,0.05,0.0,Baseline,6,38.95752176,0.8381877,0.93576835,0.87775061,0.0,0.14972878,0.0,650,SUCCESS
svmguide1,SCS,True,0.05,0.0,Screening,6,38.95752187,0.8381877,0.93576835,0.87775061,0.57742915,0.12132931,0.0026114,850,SUCCESS
svmguide1,SCS,True,0.05,0.05,Baseline,6,43.52533205,0.85760518,0.93686927,0.89242054,0.0,0.58298421,0.0,1650,SUCCESS
svmguide1,SCS,True,0.05,0.05,Screening,6,43.5253321,0.85760518,0.93686927,0.89242054,0.53997976,0.15269113,0.00361824,975,SUCCESS
svmguide1,SCS,True,0.1,0.0,Baseline,6,74.93198054,0.8381877,0.93488532,0.87714988,0.0,0.67887735,0.0,3375,SUCCESS
svmguide1,SCS,True,0.1,0.0,Screening,6,74.93198016,0.8381877,0.93488532,0.87714988,0.60121457,0.1216054,0.00259328,950,SUCCESS
svmguide1,SCS,True,0.1,0.05,Baseline,6,84.97159908,0.85436893,0.93707569,0.88721805,0.0,0.73029804,0.0,3425,SUCCESS
svmguide1,SCS,True,0.1,0.05,Screening,6,84.97159829,0.85436893,0.93707569,0.88721805,0.55516194,0.19253087,0.00438976,750,SUCCESS
svmguide1,SCS,True,0.01,0.0,Baseline,7,8.9353552,0.82524272,0.92174312,0.86924939,0.0,0.14473701,0.0,575,SUCCESS
svmguide1,SCS,True,0.01,0.0,Screening,7,8.93540768,0.82524272,0.92183486,0.86924939,0.49493927,0.05922151,0.00263953,200,SUCCESS
svmguide1,SCS,True,0.01,0.05,Baseline,7,9.64452171,0.81229773,0.91741972,0.8592233,0.0,0.38554382,0.0,1750,SUCCESS
svmguide1,SCS,True,0.01,0.05,Screening,7,9.64452178,0.81229773,0.91741972,0.8592233,0.46305668,0.13850451,0.00290728,675,SUCCESS
svmguide1,SCS,True,0.05,0.0,Baseline,7,38.83422303,0.84951456,0.93389908,0.88754534,0.0,0.40701675,0.0,1225,SUCCESS
svmguide1,SCS,True,0.05,0.0,Screening,7,38.83422301,0.84951456,0.93389908,0.88754534,0.57945344,0.15811133,0.00274944,1325,SUCCESS
svmguide1,SCS,True,0.05,0.05,Baseline,7,43.29393943,0.83656958,0.92854358,0.87576876,0.0,1.59474516,0.0,7800,SUCCESS
svmguide1,SCS,True,0.05,0.05,Screening,7,43.2939395,0.83656958,0.92854358,0.87576876,0.54200405,0.13965011,0.00324297,925,SUCCESS
svmguide1,SCS,True,0.1,0.0,Baseline,7,74.78916398,0.85436893,0.93550459,0.8902439,0.0,2.03595448,0.0,10400,SUCCESS
svmguide1,SCS,True,0.1,0.0,Screening,7,74.7891639,0.85436893,0.93550459,0.8902439,0.60222672,0.22027731,0.00415945,1225,SUCCESS
svmguide1,SCS,True,0.1,0.05,Baseline,7,84.57755388,0.83980583,0.93050459,0.87701863,0.0,0.22120667,0.0,950,SUCCESS
svmguide1,SCS,True,0.1,0.05,Screening,7,84.57755382,0.83980583,0.93050459,0.87701863,0.55718623,0.12335491,0.00256252,725,SUCCESS
svmguide1,SCS,True,0.01,0.0,Baseline,8,9.07406092,0.85760518,0.93922018,0.88746803,0.0,0.13334036,0.0,500,SUCCESS
svmguide1,SCS,True,0.01,0.0,Screening,8,9.07408427,0.85760518,0.93913991,0.88746803,0.48532389,0.05886626,0.00258207,200,SUCCESS
svmguide1,SCS,True,0.01,0.05,Baseline,8,9.80681102,0.85113269,0.93905963,0.88295165,0.0,0.15616059,0.0,650,SUCCESS
svmguide1,SCS,True,0.01,0.05,Screening,8,9.80683462,0.85113269,0.93891055,0.88295165,0.45445344,0.12058926,0.00592995,200,SUCCESS
svmguide1,SCS,True,0.05,0.0,Baseline,8,39.12279498,0.87216828,0.93799312,0.90062893,0.0,0.54141641,0.0,2650,SUCCESS
svmguide1,SCS,True,0.05,0.0,Screening,8,39.12279452,0.87216828,0.93799312,0.90062893,0.57287449,0.1047349,0.0025568,625,SUCCESS
svmguide1,SCS,True,0.05,0.05,Baseline,8,43.85978196,0.88187702,0.94133028,0.9081761,0.0,0.17072678,0.0,700,SUCCESS
svmguide1,SCS,True,0.05,0.05,Screening,8,43.85978206,0.88187702,0.94133028,0.9081761,0.53137652,0.11733985,0.00269771,625,SUCCESS
svmguide1,SCS,True,0.1,0.0,Baseline,8,75.28078373,0.87055016,0.93682339,0.89873418,0.0,0.63019443,0.0,2975,SUCCESS
svmguide1,SCS,True,0.1,0.0,Screening,8,75.28078335,0.87055016,0.93682339,0.89873418,0.6007085,0.20453763,0.00582004,875,SUCCESS
svmguide1,SCS,True,0.1,0.05,Baseline,8,85.45691137,0.87864078,0.94094037,0.90542245,0.0,0.32868457,0.0,1450,SUCCESS
svmguide1,SCS,True,0.1,0.05,Screening,8,85.45691157,0.87864078,0.9409289,0.90542245,0.5541498,0.11478472,0.00262856,675,SUCCESS
svmguide1,SCS,True,0.01,0.0,Baseline,9,8.93802298,0.84466019,0.92809633,0.87434555,0.0,1.80973148,0.0,9175,SUCCESS
svmguide1,SCS,True,0.01,0.0,Screening,9,8.938023,0.84466019,0.92809633,0.87434555,0.49240891,0.16597724,0.002846,1100,SUCCESS
svmguide1,SCS,True,0.01,0.05,Baseline,9,9.65333505,0.83495146,0.92533257,0.86507937,0.0,0.34016514,0.0,900,SUCCESS
svmguide1,SCS,True,0.01,0.05,Screening,9,9.65333505,0.83495146,0.92533257,0.86507937,0.46305668,0.25450349,0.00434136,900,SUCCESS
svmguide1,SCS,True,0.05,0.0,Baseline,9,38.69937541,0.84627832,0.93549312,0.87516426,0.0,0.44230199,0.0,2175,SUCCESS
svmguide1,SCS,True,0.05,0.0,Screening,9,38.69937487,0.84627832,0.93549312,0.87516426,0.58046559,0.14501286,0.00247383,1075,SUCCESS
svmguide1,SCS,True,0.05,0.05,Baseline,9,43.25971332,0.84466019,0.93409404,0.87234043,0.0,1.07337093,0.0,5175,SUCCESS
svmguide1,SCS,True,0.05,0.05,Screening,9,43.25971329,0.84466019,0.93409404,0.87234043,0.5409919,0.1664741,0.0026114,875,SUCCESS
svmguide1,SCS,True,0.1,0.0,Baseline,9,74.46519771,0.85760518,0.93490826,0.89346247,0.0,0.96046448,0.0,4250,SUCCESS
svmguide1,SCS,True,0.1,0.0,Screening,9,74.46519666,0.85760518,0.93490826,0.89346247,0.60526316,0.1131835,0.00321293,750,SUCCESS
svmguide1,SCS,True,0.1,0.05,Baseline,9,84.40465118,0.84627832,0.93611239,0.87383798,0.0,0.13147235,0.0,500,SUCCESS
svmguide1,SCS,True,0.1,0.05,Screening,9,84.4046511,0.84627832,0.93611239,0.87383798,0.55921053,0.11475134,0.00308871,650,SUCCESS
svmguide1,SCS,True,0.01,0.0,Baseline,10,9.14344271,0.82686084,0.93102064,0.8771527,0.0,0.26776814,0.0,1250,SUCCESS
svmguide1,SCS,True,0.01,0.0,Screening,10,9.14344269,0.82686084,0.93102064,0.8771527,0.48076923,0.23608279,0.00444245,900,SUCCESS
svmguide1,SCS,True,0.01,0.05,Baseline,10,9.86476091,0.82847896,0.92889908,0.87816092,0.0,0.19897676,0.0,500,SUCCESS
svmguide1,SCS,True,0.01,0.05,Screening,10,9.86481064,0.82847896,0.92923165,0.87788018,0.45394737,0.06368256,0.00259829,200,SUCCESS
svmguide1,SCS,True,0.05,0.0,Baseline,10,39.78819766,0.85275081,0.93548165,0.88639201,0.0,0.80388927,0.0,4050,SUCCESS
svmguide1,SCS,True,0.05,0.0,Screening,10,39.78819675,0.85275081,0.93548165,0.88639201,0.56882591,0.12126327,0.00255513,850,SUCCESS
svmguide1,SCS,True,0.05,0.05,Baseline,10,44.42723608,0.85760518,0.9337156,0.89,0.0,1.50183225,0.0,4775,SUCCESS
svmguide1,SCS,True,0.05,0.05,Screening,10,44.42723571,0.85760518,0.9337156,0.89,0.52935223,0.11543608,0.00284004,625,SUCCESS
svmguide1,SCS,True,0.1,0.0,Baseline,10,76.72047407,0.85598706,0.93520642,0.88805031,0.0,0.59883499,0.0,2900,SUCCESS
svmguide1,SCS,True,0.1,0.0,Screening,10,76.72047222,0.85598706,0.93520642,0.88805031,0.59159919,0.11743283,0.00327897,700,SUCCESS
svmguide1,SCS,True,0.1,0.05,Baseline,10,86.79515852,0.85598706,0.93508028,0.88971499,0.0,0.33166575,0.0,1500,SUCCESS
svmguide1,SCS,True,0.1,0.05,Screening,10,86.79515825,0.85598706,0.93508028,0.88971499,0.54706478,0.14723158,0.00267601,850,SUCCESS
svmguide1,SCS,True,0.01,0.0,Baseline,11,8.99360279,0.84304207,0.94475917,0.88786127,0.0,0.52049208,0.0,1625,SUCCESS
svmguide1,SCS,True,0.01,0.0,Screening,11,8.99363292,0.84304207,0.94483945,0.88786127,0.48684211,0.05811954,0.00264239,200,SUCCESS
svmguide1,SCS,True,0.01,0.05,Baseline,11,9.7277505,0.85436893,0.94275229,0.89361702,0.0,0.15303469,0.0,650,SUCCESS
svmguide1,SCS,True,0.01,0.05,Screening,11,9.72776935,0.85436893,0.94264908,0.89361702,0.45799595,0.07328582,0.00267053,250,SUCCESS
svmguide1,SCS,True,0.05,0.0,Baseline,11,38.80775954,0.88673139,0.95087156,0.91183879,0.0,0.13662291,0.0,600,SUCCESS
svmguide1,SCS,True,0.05,0.0,Screening,11,38.80775893,0.88673139,0.95087156,0.91183879,0.57995951,0.13682461,0.00262666,1025,SUCCESS
svmguide1,SCS,True,0.05,0.05,Baseline,11,43.42703849,0.88349515,0.95094037,0.90954774,0.0,0.64717031,0.0,1875,SUCCESS
svmguide1,SCS,True,0.05,0.05,Screening,11,43.42703849,0.88349515,0.95094037,0.90954774,0.53795547,0.13042831,0.00251651,825,SUCCESS
svmguide1,SCS,True,0.1,0.0,Baseline,11,74.67250895,0.88187702,0.95142202,0.90976514,0.0,0.29176402,0.0,1350,SUCCESS
svmguide1,SCS,True,0.1,0.0,Screening,11,74.67297267,0.88187702,0.95134174,0.90976514,0.60374494,0.05592132,0.00285244,175,SUCCESS
svmguide1,SCS,True,0.1,0.05,Baseline,11,84.6438917,0.88834951,0.95165138,0.91232529,0.0,1.16513801,0.0,5675,SUCCESS
svmguide1,SCS,True,0.1,0.05,Screening,11,84.64389039,0.88834951,0.95163991,0.91232529,0.55566802,0.22138596,0.00378585,925,SUCCESS
svmguide1,SCS,True,0.01,0.0,Baseline,12,9.06191233,0.85275081,0.93436927,0.88227684,0.0,0.20188498,0.0,575,SUCCESS
svmguide1,SCS,True,0.01,0.0,Screening,12,9.0619123,0.85275081,0.93436927,0.88227684,0.48380567,0.12722898,0.00255752,700,SUCCESS
svmguide1,SCS,True,0.01,0.05,Baseline,12,9.80028351,0.84304207,0.93065367,0.87386216,0.0,0.12553024,0.0,500,SUCCESS
svmguide1,SCS,True,0.01,0.05,Screening,12,9.80028341,0.84304207,0.93065367,0.87386216,0.45647773,0.12563896,0.00259471,625,SUCCESS
svmguide1,SCS,True,0.05,0.0,Baseline,12,39.01079934,0.87378641,0.94103211,0.90322581,0.0,0.66561007,0.0,3250,SUCCESS
svmguide1,SCS,True,0.05,0.0,Screening,12,39.01091341,0.87378641,0.94110092,0.90322581,0.57540486,0.08265042,0.00377536,175,SUCCESS
svmguide1,SCS,True,0.05,0.05,Baseline,12,43.7680595,0.86731392,0.94,0.8956743,0.0,0.34702563,0.0,1375,SUCCESS
svmguide1,SCS,True,0.05,0.05,Screening,12,43.76812106,0.86731392,0.94014908,0.8956743,0.53441296,0.04125953,0.00264812,0,SUCCESS
svmguide1,SCS,True,0.1,0.0,Baseline,12,74.95983741,0.86731392,0.9418578,0.89800995,0.0,0.35369682,0.0,1675,SUCCESS
svmguide1,SCS,True,0.1,0.0,Screening,12,74.95983467,0.86731392,0.9418578,0.89800995,0.59868421,0.115026,0.00336528,750,SUCCESS
svmguide1,SCS,True,0.1,0.05,Baseline,12,85.25006133,0.87055016,0.94068807,0.89821883,0.0,0.57779241,0.0,2725,SUCCESS
svmguide1,SCS,True,0.1,0.05,Screening,12,85.2500618,0.87055016,0.94068807,0.89821883,0.55465587,0.2127459,0.00480437,850,SUCCESS
svmguide1,SCS,True,0.01,0.0,Baseline,13,8.97580057,0.83009709,0.92735092,0.87485101,0.0,0.18230772,0.0,800,SUCCESS
svmguide1,SCS,True,0.01,0.0,Screening,13,8.97580057,0.83009709,0.92735092,0.87485101,0.48937247,0.12235928,0.00258899,700,SUCCESS
svmguide1,SCS,True,0.01,0.05,Baseline,13,9.70186223,0.81391586,0.92182339,0.8661234,0.0,0.65270042,0.0,3050,SUCCESS
svmguide1,SCS,True,0.01,0.05,Screening,13,9.70186222,0.81391586,0.92182339,0.8661234,0.45951417,0.26565552,0.00396872,975,SUCCESS
svmguide1,SCS,True,0.05,0.0,Baseline,13,38.74042649,0.84304207,0.93529817,0.88383234,0.0,0.18601108,0.0,550,SUCCESS
svmguide1,SCS,True,0.05,0.0,Screening,13,38.74055886,0.84304207,0.93538991,0.88383234,0.57793522,0.05235696,0.00277638,175,SUCCESS
svmguide1,SCS,True,0.05,0.05,Baseline,13,43.38604095,0.84142395,0.93385321,0.88361045,0.0,0.37000465,0.0,1625,SUCCESS
svmguide1,SCS,True,0.05,0.05,Screening,13,43.38604056,0.84142395,0.93385321,0.88361045,0.54048583,0.11691332,0.00284028,675,SUCCESS
svmguide1,SCS,True,0.1,0.0,Baseline,13,74.38373665,0.84789644,0.93536697,0.88647343,0.0,0.31195188,0.0,1475,SUCCESS
svmguide1,SCS,True,0.1,0.0,Screening,13,74.3837367,0.84789644,0.93536697,0.88647343,0.60425101,0.1159308,0.00322294,800,SUCCESS
svmguide1,SCS,True,0.1,0.05,Baseline,13,84.6104563,0.84951456,0.93590596,0.88727273,0.0,0.31873035,0.0,925,SUCCESS
svmguide1,SCS,True,0.1,0.05,Screening,13,84.61045628,0.84951456,0.93590596,0.88727273,0.55718623,0.11385727,0.00255537,675,SUCCESS
svmguide1,SCS,True,0.01,0.0,Baseline,14,8.98227073,0.81877023,0.92448394,0.87037037,0.0,0.2122283,0.0,950,SUCCESS
svmguide1,SCS,True,0.01,0.0,Screening,14,8.98230558,0.81877023,0.92436927,0.87037037,0.49392713,0.0401516,0.00254059,0,SUCCESS
svmguide1,SCS,True,0.01,0.05,Baseline,14,9.67052009,0.8171521,0.91915138,0.86936416,0.0,0.25031686,0.0,650,SUCCESS
svmguide1,SCS,True,0.01,0.05,Screening,14,9.67052007,0.8171521,0.91915138,0.86936416,0.46609312,0.13902903,0.0033052,725,SUCCESS
svmguide1,SCS,True,0.05,0.0,Baseline,14,39.14434262,0.84789644,0.93411697,0.8825,0.0,0.11733556,0.0,475,SUCCESS
svmguide1,SCS,True,0.05,0.0,Screening,14,39.14435869,0.84789644,0.93402523,0.8825,0.57591093,0.05116415,0.00347495,125,SUCCESS
svmguide1,SCS,True,0.05,0.05,Baseline,14,43.66823821,0.82686084,0.93232798,0.87307236,0.0,0.42324257,0.0,1675,SUCCESS
svmguide1,SCS,True,0.05,0.05,Screening,14,43.66823786,0.82686084,0.93232798,0.87307236,0.53846154,0.20707178,0.00389457,800,SUCCESS
svmguide1,SCS,True,0.1,0.0,Baseline,14,75.46173817,0.85113269,0.93485092,0.88442211,0.0,0.23032022,0.0,1050,SUCCESS
svmguide1,SCS,True,0.1,0.0,Screening,14,75.46173839,0.85113269,0.93485092,0.88442211,0.59969636,0.10586548,0.002707,700,SUCCESS
svmguide1,SCS,True,0.1,0.05,Baseline,14,85.28706284,0.83009709,0.93323394,0.87632509,0.0,0.71814084,0.0,3425,SUCCESS
svmguide1,SCS,True,0.1,0.05,Screening,14,85.28706133,0.83009709,0.93324541,0.87632509,0.55212551,0.14295793,0.00252533,975,SUCCESS
svmguide1,SCS,True,0.01,0.0,Baseline,15,8.9619044,0.80420712,0.90533257,0.85847953,0.0,0.11936522,0.0,500,SUCCESS
svmguide1,SCS,True,0.01,0.0,Screening,15,8.96190895,0.80420712,0.90533257,0.85847953,0.49291498,0.06569123,0.0025835,275,SUCCESS
svmguide1,SCS,True,0.01,0.05,Baseline,15,9.67197332,0.80097087,0.89979358,0.86006826,0.0,0.12000561,0.0,475,SUCCESS
svmguide1,SCS,True,0.01,0.05,Screening,15,9.67197328,0.80097087,0.89979358,0.86006826,0.46305668,0.14362502,0.00279641,650,SUCCESS
svmguide1,SCS,True,0.05,0.0,Baseline,15,38.81389319,0.82524272,0.91321101,0.86797066,0.0,0.22894859,0.0,1025,SUCCESS
svmguide1,SCS,True,0.05,0.0,Screening,15,38.81389301,0.82524272,0.91321101,0.86797066,0.57489879,0.11925793,0.00322866,800,SUCCESS
svmguide1,SCS,True,0.05,0.05,Baseline,15,43.44022617,0.81391586,0.91237385,0.86325803,0.0,0.42282176,0.0,2000,SUCCESS
svmguide1,SCS,True,0.05,0.05,Screening,15,43.44022586,0.81391586,0.91237385,0.86325803,0.54048583,0.21038175,0.00439286,675,SUCCESS
svmguide1,SCS,True,0.1,0.0,Baseline,15,74.6713505,0.82686084,0.91420872,0.86806412,0.0,1.28619623,0.0,6050,SUCCESS
svmguide1,SCS,True,0.1,0.0,Screening,15,74.67135054,0.82686084,0.91420872,0.86806412,0.60172065,0.1209445,0.00296688,850,SUCCESS
svmguide1,SCS,True,0.1,0.05,Baseline,15,84.71359169,0.82038835,0.91341743,0.86610374,0.0,0.41501069,0.0,1925,SUCCESS
svmguide1,SCS,True,0.1,0.05,Screening,15,84.71359187,0.82038835,0.91341743,0.86610374,0.55617409,0.12131906,0.00264382,750,SUCCESS
svmguide1,SCS,True,0.01,0.0,Baseline,16,9.01854164,0.8381877,0.93165138,0.88066826,0.0,0.12127662,0.0,500,SUCCESS
svmguide1,SCS,True,0.01,0.0,Screening,16,9.01855521,0.8381877,0.93166284,0.88066826,0.48836032,0.09741879,0.00374079,250,SUCCESS
svmguide1,SCS,True,0.01,0.05,Baseline,16,9.74073737,0.82038835,0.93042431,0.87226697,0.0,0.54830265,0.0,2400,SUCCESS
svmguide1,SCS,True,0.01,0.05,Screening,16,9.7407373,0.82038835,0.93042431,0.87226697,0.45850202,0.18654442,0.0026989,1125,SUCCESS
svmguide1,SCS,True,0.05,0.0,Baseline,16,38.81382273,0.8592233,0.93475917,0.89219331,0.0,0.82037258,0.0,4000,SUCCESS
svmguide1,SCS,True,0.05,0.0,Screening,16,38.81399269,0.8592233,0.93472477,0.89219331,0.57793522,0.05300856,0.00252199,175,SUCCESS
svmguide1,SCS,True,0.05,0.05,Baseline,16,43.53615715,0.85760518,0.93567661,0.89108911,0.0,1.44126964,0.0,7050,SUCCESS
svmguide1,SCS,True,0.05,0.05,Screening,16,43.53620409,0.85760518,0.93567661,0.89108911,0.53694332,0.08470225,0.00413275,150,SUCCESS
svmguide1,SCS,True,0.1,0.0,Baseline,16,74.55699709,0.85598706,0.93373853,0.88971499,0.0,1.52577329,0.0,7900,SUCCESS
svmguide1,SCS,True,0.1,0.0,Screening,16,74.5569965,0.85598706,0.93373853,0.88971499,0.60323887,0.12873816,0.00250196,925,SUCCESS
svmguide1,SCS,True,0.1,0.05,Baseline,16,84.79040255,0.86245955,0.93524083,0.89519112,0.0,0.90583777,0.0,4325,SUCCESS
svmguide1,SCS,True,0.1,0.05,Screening,16,84.79040207,0.86245955,0.93524083,0.89519112,0.55566802,0.14402413,0.00255775,975,SUCCESS
svmguide1,SCS,True,0.01,0.0,Baseline,17,8.99409441,0.83656958,0.92509174,0.87961859,0.0,0.18641973,0.0,600,SUCCESS
svmguide1,SCS,True,0.01,0.0,Screening,17,8.99409441,0.83656958,0.92509174,0.87961859,0.4888664,0.12908697,0.00281167,775,SUCCESS
svmguide1,SCS,True,0.01,0.05,Baseline,17,9.7056377,0.83656958,0.92178899,0.87904192,0.0,0.18154478,0.0,700,SUCCESS
svmguide1,SCS,True,0.01,0.05,Screening,17,9.70566143,0.83656958,0.92186927,0.87904192,0.46153846,0.06324387,0.0026896,200,SUCCESS
svmguide1,SCS,True,0.05,0.0,Baseline,17,39.00395891,0.87702265,0.93441514,0.90180879,0.0,0.19578075,0.0,900,SUCCESS
svmguide1,SCS,True,0.05,0.0,Screening,17,39.00395887,0.87702265,0.93441514,0.90180879,0.57742915,0.10772777,0.00253463,700,SUCCESS
svmguide1,SCS,True,0.05,0.05,Baseline,17,43.56351967,0.87216828,0.93147936,0.90037831,0.0,0.76709604,0.0,2275,SUCCESS
svmguide1,SCS,True,0.05,0.05,Screening,17,43.56396799,0.87216828,0.9315367,0.90037831,0.53744939,0.05498433,0.00260091,150,SUCCESS
svmguide1,SCS,True,0.1,0.0,Baseline,17,75.1314182,0.84627832,0.93473624,0.8864994,0.0,1.16710019,0.0,5900,SUCCESS
svmguide1,SCS,True,0.1,0.0,Screening,17,75.13141764,0.84627832,0.93473624,0.8864994,0.59969636,0.1030786,0.00247836,650,SUCCESS
svmguide1,SCS,True,0.1,0.05,Baseline,17,85.0032205,0.84627832,0.93324541,0.88676996,0.0,0.71775556,0.0,3475,SUCCESS
svmguide1,SCS,True,0.1,0.05,Screening,17,85.00337852,0.84627832,0.93336009,0.88676996,0.55516194,0.06091142,0.00274658,225,SUCCESS
svmguide1,SCS,True,0.01,0.0,Baseline,18,9.08020489,0.83495146,0.93154817,0.87710843,0.0,0.2184701,0.0,600,SUCCESS
svmguide1,SCS,True,0.01,0.0,Screening,18,9.08023562,0.83656958,0.93173165,0.87816647,0.48431174,0.05551887,0.00260639,175,SUCCESS
svmguide1,SCS,True,0.01,0.05,Baseline,18,9.79873735,0.84789644,0.92909404,0.87696335,0.0,0.49958038,0.0,2275,SUCCESS
svmguide1,SCS,True,0.01,0.05,Screening,18,9.79876868,0.84627832,0.92909404,0.87282463,0.4534413,0.06081843,0.00263476,175,SUCCESS
svmguide1,SCS,True,0.05,0.0,Baseline,18,39.36874233,0.87540453,0.93990826,0.90410959,0.0,0.3051548,0.0,1475,SUCCESS
svmguide1,SCS,True,0.05,0.0,Screening,18,39.36874212,0.87540453,0.93990826,0.90410959,0.57287449,0.11224651,0.00248051,725,SUCCESS
svmguide1,SCS,True,0.05,0.05,Baseline,18,44.06321133,0.8592233,0.9378555,0.89325153,0.0,1.00597954,0.0,3100,SUCCESS
svmguide1,SCS,True,0.05,0.05,Screening,18,44.06321045,0.8592233,0.9378555,0.89325153,0.53087045,0.15570784,0.00264835,1100,SUCCESS
svmguide1,SCS,True,0.1,0.0,Baseline,18,75.77038568,0.87540453,0.94004587,0.90191083,0.0,1.1109159,0.0,5625,SUCCESS
svmguide1,SCS,True,0.1,0.0,Screening,18,75.77038574,0.87540453,0.94004587,0.90191083,0.59615385,0.13391113,0.00328112,1050,SUCCESS
svmguide1,SCS,True,0.1,0.05,Baseline,18,85.9496625,0.87055016,0.93951835,0.90049751,0.0,0.93920064,0.0,2825,SUCCESS
svmguide1,SCS,True,0.1,0.05,Screening,18,85.94966221,0.87055016,0.93951835,0.90049751,0.54959514,0.12455082,0.00261641,775,SUCCESS
svmguide1,SCS,True,0.01,0.0,Baseline,19,8.83431848,0.8171521,0.90917431,0.85190039,0.0,0.18773437,0.0,850,SUCCESS
svmguide1,SCS,True,0.01,0.0,Screening,19,8.83437598,0.8171521,0.90922018,0.85190039,0.49949393,0.03888369,0.00248551,0,SUCCESS
svmguide1,SCS,True,0.01,0.05,Baseline,19,9.54746883,0.81553398,0.90412844,0.84880637,0.0,0.44968104,0.0,2025,SUCCESS
svmguide1,SCS,True,0.01,0.05,Screening,19,9.54746883,0.81553398,0.90412844,0.84880637,0.46508097,0.15402055,0.00455356,850,SUCCESS
svmguide1,SCS,True,0.05,0.0,Baseline,19,37.9911583,0.84951456,0.92043578,0.88588957,0.0,0.19548488,0.0,825,SUCCESS
svmguide1,SCS,True,0.05,0.0,Screening,19,37.9912968,0.84951456,0.92036697,0.88588957,0.58653846,0.06222916,0.00337362,0,SUCCESS
svmguide1,SCS,True,0.05,0.05,Baseline,19,42.60051365,0.84304207,0.91630734,0.87798742,0.0,0.94353008,0.0,4500,SUCCESS
svmguide1,SCS,True,0.05,0.05,Screening,19,42.60051352,0.84304207,0.91630734,0.87798742,0.54605263,0.12933064,0.00268149,825,SUCCESS
svmguide1,SCS,True,0.1,0.0,Baseline,19,73.00768435,0.83333333,0.92178899,0.86500655,0.0,1.08731794,0.0,5500,SUCCESS
svmguide1,SCS,True,0.1,0.0,Screening,19,73.00780855,0.83333333,0.92174312,0.86500655,0.61133603,0.051862,0.00253439,175,SUCCESS
svmguide1,SCS,True,0.1,0.05,Baseline,19,82.92794588,0.83333333,0.91978211,0.86571056,0.0,0.71703959,0.0,2175,SUCCESS
svmguide1,SCS,True,0.1,0.05,Screening,19,82.92794498,0.83333333,0.91978211,0.86571056,0.56477733,0.11491156,0.00254703,675,SUCCESS
svmguide1,SCS,True,0.01,0.0,Baseline,20,8.97802304,0.83980583,0.92472477,0.88057901,0.0,0.72364378,0.0,3675,SUCCESS
svmguide1,SCS,True,0.01,0.0,Screening,20,8.97813392,0.83980583,0.92444954,0.88057901,0.48987854,0.03944325,0.00261402,0,SUCCESS
svmguide1,SCS,True,0.01,0.05,Baseline,20,9.68631059,0.83171521,0.92230505,0.87559809,0.0,0.29893088,0.0,775,SUCCESS
svmguide1,SCS,True,0.01,0.05,Screening,20,9.6863106,0.83171521,0.92230505,0.87559809,0.46052632,0.1957047,0.00420904,700,SUCCESS
svmguide1,SCS,True,0.05,0.0,Baseline,20,39.13797481,0.87055016,0.93080275,0.90049751,0.0,0.64821959,0.0,3275,SUCCESS
svmguide1,SCS,True,0.05,0.0,Screening,20,39.13797438,0.87055016,0.93080275,0.90049751,0.57489879,0.14350009,0.00274968,1100,SUCCESS
svmguide1,SCS,True,0.05,0.05,Baseline,20,43.56552285,0.85275081,0.93027523,0.88915956,0.0,0.43263173,0.0,1975,SUCCESS
svmguide1,SCS,True,0.05,0.05,Screening,20,43.56577792,0.85275081,0.9303555,0.88915956,0.53846154,0.08925128,0.00413847,175,SUCCESS
svmguide1,SCS,True,0.1,0.0,Baseline,20,75.47402588,0.86893204,0.93224771,0.89836888,0.0,0.31893301,0.0,1475,SUCCESS
svmguide1,SCS,True,0.1,0.0,Screening,20,75.47402363,0.86893204,0.93224771,0.89836888,0.59919028,0.12704754,0.00355291,900,SUCCESS
svmguide1,SCS,True,0.1,0.05,Baseline,20,85.15423853,0.85598706,0.93048165,0.89106487,0.0,1.23682952,0.0,5950,SUCCESS
svmguide1,SCS,True,0.1,0.05,Screening,20,85.15456381,0.85598706,0.93050459,0.89106487,0.55617409,0.05795312,0.00274467,200,SUCCESS
svmguide1,SCS,True,0.01,0.0,Baseline,21,9.06691649,0.84142395,0.93186927,0.87206266,0.0,0.18401313,0.0,825,SUCCESS
svmguide1,SCS,True,0.01,0.0,Screening,21,9.06694065,0.84142395,0.93184633,0.87206266,0.48684211,0.10963941,0.00415778,250,SUCCESS
svmguide1,SCS,True,0.01,0.05,Baseline,21,9.78231603,0.83009709,0.92876147,0.87776484,0.0,0.15848207,0.0,650,SUCCESS
svmguide1,SCS,True,0.01,0.05,Screening,21,9.782316,0.83009709,0.92876147,0.87776484,0.45850202,0.15294743,0.00248837,875,SUCCESS
svmguide1,SCS,True,0.05,0.0,Baseline,21,39.49892542,0.8592233,0.93974771,0.89056604,0.0,0.41934371,0.0,2050,SUCCESS
svmguide1,SCS,True,0.05,0.0,Screening,21,39.49905331,0.8592233,0.93979358,0.89056604,0.57186235,0.0475316,0.00252056,125,SUCCESS
svmguide1,SCS,True,0.05,0.05,Baseline,21,44.03408515,0.86407767,0.9383945,0.89473684,0.0,0.41915417,0.0,1875,SUCCESS
svmguide1,SCS,True,0.05,0.05,Screening,21,44.03408498,0.86407767,0.9383945,0.89473684,0.53289474,0.22625017,0.00519109,900,SUCCESS
svmguide1,SCS,True,0.1,0.0,Baseline,21,76.22928431,0.86084142,0.94022936,0.89330025,0.0,0.87602091,0.0,3150,SUCCESS
svmguide1,SCS,True,0.1,0.0,Screening,21,76.22928438,0.86084142,0.94024083,0.89330025,0.59716599,0.10141492,0.0026691,625,SUCCESS
svmguide1,SCS,True,0.1,0.05,Baseline,21,86.05292885,0.86407767,0.94008028,0.8960396,0.0,1.14749241,0.0,5625,SUCCESS
svmguide1,SCS,True,0.1,0.05,Screening,21,86.05292983,0.86407767,0.94008028,0.8960396,0.55111336,0.18852735,0.00286508,1475,SUCCESS
svmguide1,SCS,True,0.01,0.0,Baseline,22,8.93982197,0.82524272,0.91261468,0.85900783,0.0,0.1633563,0.0,675,SUCCESS
svmguide1,SCS,True,0.01,0.0,Screening,22,8.9398796,0.82524272,0.91284404,0.85900783,0.49139676,0.06357837,0.00345349,200,SUCCESS
svmguide1,SCS,True,0.01,0.05,Baseline,22,9.64611963,0.80582524,0.9087156,0.85576923,0.0,0.4930737,0.0,1475,SUCCESS
svmguide1,SCS,True,0.01,0.05,Screening,22,9.64614833,0.80744337,0.90838303,0.85816448,0.46002024,0.04136539,0.00258398,0,SUCCESS
svmguide1,SCS,True,0.05,0.0,Baseline,22,38.73997819,0.83656958,0.92571101,0.87637699,0.0,0.17998886,0.0,825,SUCCESS
svmguide1,SCS,True,0.05,0.0,Screening,22,38.7400438,0.8381877,0.92563073,0.87775061,0.57945344,0.0521543,0.00263429,175,SUCCESS
svmguide1,SCS,True,0.05,0.05,Baseline,22,43.30965093,0.84142395,0.92079128,0.87531807,0.0,0.7640512,0.0,3700,SUCCESS
svmguide1,SCS,True,0.05,0.05,Screening,22,43.31019209,0.84142395,0.92083716,0.87531807,0.5409919,0.05696082,0.00261736,175,SUCCESS
svmguide1,SCS,True,0.1,0.0,Baseline,22,74.53472664,0.84466019,0.92837156,0.8817734,0.0,3.14894271,0.0,10925,SUCCESS
svmguide1,SCS,True,0.1,0.0,Screening,22,74.53472568,0.84466019,0.92836009,0.8817734,0.60273279,0.11960387,0.00255084,900,SUCCESS
svmguide1,SCS,True,0.1,0.05,Baseline,22,84.4874856,0.83495146,0.92261468,0.87376238,0.0,0.24343944,0.0,1000,SUCCESS
svmguide1,SCS,True,0.1,0.05,Screening,22,84.48804026,0.83656958,0.92256881,0.87484511,0.55718623,0.05279231,0.00258279,150,SUCCESS
svmguide1,SCS,True,0.01,0.0,Baseline,23,9.16270925,0.86731392,0.93886468,0.89646465,0.0,0.21459103,0.0,950,SUCCESS
svmguide1,SCS,True,0.01,0.0,Screening,23,9.16279867,0.86731392,0.93896789,0.89646465,0.47925101,0.03833461,0.00250316,0,SUCCESS
svmguide1,SCS,True,0.01,0.05,Baseline,23,9.89972453,0.84789644,0.93650229,0.88480392,0.0,0.34758401,0.0,975,SUCCESS
svmguide1,SCS,True,0.01,0.05,Screening,23,9.89972454,0.84789644,0.93650229,0.88480392,0.44888664,0.14864445,0.00280428,800,SUCCESS
svmguide1,SCS,True,0.05,0.0,Baseline,23,39.58853945,0.87055016,0.93981651,0.89690722,0.0,1.20547867,0.0,6150,SUCCESS
svmguide1,SCS,True,0.05,0.0,Screening,23,39.58853951,0.87055016,0.93981651,0.89690722,0.56983806,0.12178302,0.00247645,825,SUCCESS
svmguide1,SCS,True,0.05,0.05,Baseline,23,44.36808589,0.87378641,0.94283257,0.89896373,0.0,0.1672473,0.0,650,SUCCESS
svmguide1,SCS,True,0.05,0.05,Screening,23,44.36808585,0.87378641,0.94283257,0.89896373,0.52732794,0.18254328,0.00374746,650,SUCCESS
svmguide1,SCS,True,0.1,0.0,Baseline,23,76.16026408,0.87055016,0.93963303,0.90049751,0.0,0.84543109,0.0,4225,SUCCESS
svmguide1,SCS,True,0.1,0.0,Screening,23,76.160262,0.87055016,0.93963303,0.90049751,0.59463563,0.11047006,0.00408721,675,SUCCESS
svmguide1,SCS,True,0.1,0.05,Baseline,23,86.49697574,0.87864078,0.94236239,0.90518331,0.0,1.72733402,0.0,8325,SUCCESS
svmguide1,SCS,True,0.1,0.05,Screening,23,86.49697538,0.87864078,0.94236239,0.90518331,0.54757085,0.20734811,0.0042243,800,SUCCESS
svmguide1,SCS,True,0.01,0.0,Baseline,24,9.1803924,0.85598706,0.94922018,0.89566237,0.0,0.20022154,0.0,600,SUCCESS
svmguide1,SCS,True,0.01,0.0,Screening,24,9.18039239,0.85598706,0.94922018,0.89566237,0.48279352,0.12437916,0.00255942,725,SUCCESS
svmguide1,SCS,True,0.01,0.05,Baseline,24,9.90129265,0.85598706,0.94723624,0.89614936,0.0,0.14682722,0.0,600,SUCCESS
svmguide1,SCS,True,0.01,0.05,Screening,24,9.90129268,0.85598706,0.94723624,0.89614936,0.45293522,0.12942863,0.00267887,650,SUCCESS
svmguide1,SCS,True,0.05,0.0,Baseline,24,39.94471884,0.88834951,0.95411697,0.91342535,0.0,0.73897624,0.0,3675,SUCCESS
svmguide1,SCS,True,0.05,0.0,Screening,24,39.9447975,0.88834951,0.95409404,0.91342535,0.56629555,0.04976368,0.00331831,125,SUCCESS
svmguide1,SCS,True,0.05,0.05,Baseline,24,44.55895165,0.88996764,0.95489679,0.91687042,0.0,0.93678522,0.0,2775,SUCCESS
svmguide1,SCS,True,0.05,0.05,Screening,24,44.5590985,0.88996764,0.95491972,0.91687042,0.52732794,0.05680799,0.00255394,175,SUCCESS
svmguide1,SCS,True,0.1,0.0,Baseline,24,77.05346094,0.87702265,0.95369266,0.90686275,0.0,0.7611773,0.0,3850,SUCCESS
svmguide1,SCS,True,0.1,0.0,Screening,24,77.0534592,0.87702265,0.95369266,0.90686275,0.59159919,0.10644221,0.00262213,700,SUCCESS
svmguide1,SCS,True,0.1,0.05,Baseline,24,86.99773616,0.88673139,0.95494266,0.91336634,0.0,1.20157242,0.0,5800,SUCCESS
svmguide1,SCS,True,0.1,0.05,Screening,24,86.99773434,0.88673139,0.95494266,0.91336634,0.54453441,0.31391001,0.00614643,1525,SUCCESS
svmguide1,SCS,True,0.01,0.0,Baseline,25,8.95129339,0.84789644,0.92947248,0.88452088,0.0,0.38653779,0.0,1875,SUCCESS
svmguide1,SCS,True,0.01,0.0,Screening,25,8.95132753,0.84951456,0.92948394,0.88588957,0.49342105,0.05686569,0.00267148,200,SUCCESS
svmguide1,SCS,True,0.01,0.05,Baseline,25,9.66626981,0.83333333,0.92691514,0.88037166,0.0,0.1582911,0.0,600,SUCCESS
svmguide1,SCS,True,0.01,0.05,Screening,25,9.66630489,0.83333333,0.92666284,0.88037166,0.46052632,0.06550884,0.00306582,200,SUCCESS
svmguide1,SCS,True,0.05,0.0,Baseline,25,38.79154434,0.84951456,0.93202982,0.88699878,0.0,0.34569955,0.0,1675,SUCCESS
svmguide1,SCS,True,0.05,0.0,Screening,25,38.79154382,0.84951456,0.93202982,0.88699878,0.57995951,0.2020545,0.00407338,950,SUCCESS
svmguide1,SCS,True,0.05,0.05,Baseline,25,43.35211136,0.85436893,0.93388761,0.89260143,0.0,0.20025563,0.0,875,SUCCESS
svmguide1,SCS,True,0.05,0.05,Screening,25,43.3522313,0.85436893,0.93381881,0.89260143,0.54048583,0.05699277,0.00318336,175,SUCCESS
svmguide1,SCS,True,0.1,0.0,Baseline,25,74.72473824,0.84951456,0.93100917,0.88504326,0.0,0.6554265,0.0,3200,SUCCESS
svmguide1,SCS,True,0.1,0.0,Screening,25,74.72473393,0.84951456,0.93100917,0.88504326,0.60273279,0.10990381,0.00268579,775,SUCCESS
svmguide1,SCS,True,0.1,0.05,Baseline,25,84.57511462,0.85760518,0.93324541,0.89215686,0.0,0.54493141,0.0,2575,SUCCESS
svmguide1,SCS,True,0.1,0.05,Screening,25,84.57511326,0.85760518,0.93324541,0.89215686,0.55668016,0.21301055,0.00449014,825,SUCCESS
svmguide1,SCS,True,0.01,0.0,Baseline,26,8.96419751,0.84627832,0.93204128,0.88428745,0.0,0.31119347,0.0,925,SUCCESS
svmguide1,SCS,True,0.01,0.0,Screening,26,8.96419748,0.84627832,0.93204128,0.88428745,0.49089069,0.14494467,0.00314426,925,SUCCESS
svmguide1,SCS,True,0.01,0.05,Baseline,26,9.67563587,0.82686084,0.92912844,0.8760139,0.0,1.09099388,0.0,5175,SUCCESS
svmguide1,SCS,True,0.01,0.05,Screening,26,9.67563589,0.82686084,0.92912844,0.8760139,0.46204453,0.15349746,0.00270438,900,SUCCESS
svmguide1,SCS,True,0.05,0.0,Baseline,26,38.97381295,0.86407767,0.93795872,0.89420655,0.0,0.65157914,0.0,3250,SUCCESS
svmguide1,SCS,True,0.05,0.0,Screening,26,38.97387998,0.86407767,0.93788991,0.89420655,0.57742915,0.07391071,0.0041151,125,SUCCESS
svmguide1,SCS,True,0.05,0.05,Baseline,26,43.47028732,0.84951456,0.93694954,0.88835534,0.0,1.05350137,0.0,3900,SUCCESS
svmguide1,SCS,True,0.05,0.05,Screening,26,43.47028732,0.84951456,0.93694954,0.88835534,0.54048583,0.18009448,0.00263166,1325,SUCCESS
svmguide1,SCS,True,0.1,0.0,Baseline,26,75.11597081,0.85436893,0.93883028,0.8923445,0.0,1.86208248,0.0,9400,SUCCESS
svmguide1,SCS,True,0.1,0.0,Screening,26,75.1159707,0.85436893,0.93883028,0.8923445,0.6007085,0.16537452,0.00261545,1475,SUCCESS
svmguide1,SCS,True,0.1,0.05,Baseline,26,84.92117908,0.86084142,0.93969037,0.89434889,0.0,0.85629177,0.0,2500,SUCCESS
svmguide1,SCS,True,0.1,0.05,Screening,26,84.92117855,0.86084142,0.93969037,0.89434889,0.55769231,0.15685749,0.00311613,925,SUCCESS
svmguide1,SCS,True,0.01,0.0,Baseline,27,9.13420166,0.84304207,0.93888761,0.86802721,0.0,0.4127996,0.0,1800,SUCCESS
svmguide1,SCS,True,0.01,0.0,Screening,27,9.13420166,0.84304207,0.93888761,0.86802721,0.48380567,0.17481923,0.0036633,1075,SUCCESS
svmguide1,SCS,True,0.01,0.05,Baseline,27,9.85362312,0.83656958,0.93355505,0.86369771,0.0,0.17380047,0.0,600,SUCCESS
svmguide1,SCS,True,0.01,0.05,Screening,27,9.85364642,0.83656958,0.93355505,0.86369771,0.451417,0.09660578,0.00503564,0,SUCCESS
svmguide1,SCS,True,0.05,0.0,Baseline,27,39.86798847,0.87864078,0.94691514,0.90396927,0.0,0.22190928,0.0,850,SUCCESS
svmguide1,SCS,True,0.05,0.0,Screening,27,39.86803979,0.87864078,0.94691514,0.90396927,0.57034413,0.04170418,0.00267506,0,SUCCESS
svmguide1,SCS,True,0.05,0.05,Baseline,27,44.38288999,0.86245955,0.94544725,0.89060489,0.0,0.39426422,0.0,1650,SUCCESS
svmguide1,SCS,True,0.05,0.05,Screening,27,44.38289024,0.86245955,0.94544725,0.89060489,0.5298583,0.14540315,0.00333476,600,SUCCESS
svmguide1,SCS,True,0.1,0.0,Baseline,27,77.02855574,0.88673139,0.94744266,0.91094148,0.0,0.28815746,0.0,925,SUCCESS
svmguide1,SCS,True,0.1,0.0,Screening,27,77.02855584,0.88673139,0.94743119,0.91094148,0.59261134,0.22613454,0.00480151,1075,SUCCESS
svmguide1,SCS,True,0.1,0.05,Baseline,27,86.76230629,0.87378641,0.94643349,0.89974293,0.0,0.84360075,0.0,3750,SUCCESS
svmguide1,SCS,True,0.1,0.05,Screening,27,86.7623062,0.87378641,0.94643349,0.89974293,0.54757085,0.17997479,0.00387931,825,SUCCESS
svmguide1,SCS,True,0.01,0.0,Baseline,28,8.88375976,0.85275081,0.93067661,0.88888889,0.0,0.14716244,0.0,600,SUCCESS
svmguide1,SCS,True,0.01,0.0,Screening,28,8.88376288,0.85436893,0.9306078,0.8902439,0.49493927,0.06200886,0.00261259,200,SUCCESS
svmguide1,SCS,True,0.01,0.05,Baseline,28,9.60584662,0.83333333,0.92659404,0.88174512,0.0,1.21201515,0.0,3350,SUCCESS
svmguide1,SCS,True,0.01,0.05,Screening,28,9.60584659,0.83333333,0.92659404,0.88174512,0.46305668,0.1811173,0.00352693,950,SUCCESS
svmguide1,SCS,True,0.05,0.0,Baseline,28,38.19292957,0.85275081,0.93391055,0.88888889,0.0,0.39595079,0.0,1800,SUCCESS
svmguide1,SCS,True,0.05,0.0,Screening,28,38.19292843,0.85275081,0.93388761,0.88888889,0.58451417,0.1349113,0.00283289,925,SUCCESS
svmguide1,SCS,True,0.05,0.05,Baseline,28,42.85209663,0.85598706,0.93424312,0.89212121,0.0,1.03049946,0.0,4825,SUCCESS
svmguide1,SCS,True,0.05,0.05,Screening,28,42.85209612,0.85598706,0.93425459,0.89212121,0.54251012,0.21028662,0.00340295,800,SUCCESS
svmguide1,SCS,True,0.1,0.0,Baseline,28,73.31794016,0.84951456,0.93316514,0.88532676,0.0,1.4807384,0.0,5700,SUCCESS
svmguide1,SCS,True,0.1,0.0,Screening,28,73.31793584,0.84951456,0.93316514,0.88532676,0.60880567,0.12815285,0.00315356,925,SUCCESS
svmguide1,SCS,True,0.1,0.05,Baseline,28,83.41417501,0.85436893,0.93459862,0.8902439,0.0,1.91359663,0.0,8925,SUCCESS
svmguide1,SCS,True,0.1,0.05,Screening,28,83.41417475,0.85436893,0.93459862,0.8902439,0.56275304,0.17023087,0.00336194,1150,SUCCESS
svmguide1,SCS,True,0.01,0.0,Baseline,29,9.00404185,0.84304207,0.93383028,0.88327316,0.0,0.15317822,0.0,675,SUCCESS
svmguide1,SCS,True,0.01,0.0,Screening,29,9.00405562,0.84304207,0.93396789,0.88327316,0.49089069,0.0589695,0.00263762,200,SUCCESS
svmguide1,SCS,True,0.01,0.05,Baseline,29,9.71711763,0.83333333,0.93010321,0.8772348,0.0,0.18839288,0.0,825,SUCCESS
svmguide1,SCS,True,0.01,0.05,Screening,29,9.71714235,0.83333333,0.93018349,0.8772348,0.45647773,0.062639,0.00338817,200,SUCCESS
svmguide1,SCS,True,0.05,0.0,Baseline,29,39.32749356,0.86569579,0.94384174,0.89714994,0.0,0.19579482,0.0,800,SUCCESS
svmguide1,SCS,True,0.05,0.0,Screening,29,39.32749353,0.86569579,0.94384174,0.89714994,0.576417,0.10454488,0.00256443,625,SUCCESS
svmguide1,SCS,True,0.05,0.05,Baseline,29,43.74391803,0.86245955,0.94115826,0.89440994,0.0,1.04595804,0.0,3000,SUCCESS
svmguide1,SCS,True,0.05,0.05,Screening,29,43.7439174,0.86245955,0.94115826,0.89440994,0.53593117,0.14860821,0.0027256,825,SUCCESS
svmguide1,SCS,True,0.1,0.0,Baseline,29,75.88761129,0.86731392,0.94415138,0.89775561,0.0,0.16232038,0.0,725,SUCCESS
svmguide1,SCS,True,0.1,0.0,Screening,29,75.88761146,0.86731392,0.94415138,0.89775561,0.59817814,0.11604524,0.00254297,750,SUCCESS
svmguide1,SCS,True,0.1,0.05,Baseline,29,85.53886863,0.86731392,0.9440711,0.8975,0.0,0.14937019,0.0,525,SUCCESS
svmguide1,SCS,True,0.1,0.05,Screening,29,85.53886861,0.86731392,0.9440711,0.8975,0.55465587,0.14947772,0.00287437,650,SUCCESS
svmguide1,SCS,True,0.01,0.0,Baseline,30,8.98681166,0.84142395,0.93806193,0.88361045,0.0,0.14760137,0.0,475,SUCCESS
svmguide1,SCS,True,0.01,0.0,Screening,30,8.98685192,0.83980583,0.93787844,0.88256228,0.48937247,0.09047675,0.00499797,200,SUCCESS
svmguide1,SCS,True,0.01,0.05,Baseline,30,9.71112274,0.83333333,0.93550459,0.8786808,0.0,0.17965078,0.0,750,SUCCESS
svmguide1,SCS,True,0.01,0.05,Screening,30,9.71113108,0.83333333,0.93553899,0.8786808,0.45799595,0.07221103,0.00294733,225,SUCCESS
svmguide1,SCS,True,0.05,0.0,Baseline,30,38.83060717,0.83171521,0.94011468,0.87850467,0.0,0.16346765,0.0,700,SUCCESS
svmguide1,SCS,True,0.05,0.0,Screening,30,38.83060673,0.83171521,0.94013761,0.87850467,0.5784413,0.11680317,0.00278497,625,SUCCESS
svmguide1,SCS,True,0.05,0.05,Baseline,30,43.45624889,0.85436893,0.94198394,0.89104116,0.0,0.52991319,0.0,2350,SUCCESS
svmguide1,SCS,True,0.05,0.05,Screening,30,43.45626936,0.85436893,0.94196101,0.89104116,0.53643725,0.08838558,0.00460148,175,SUCCESS
svmguide1,SCS,True,0.1,0.0,Baseline,30,74.62410716,0.83980583,0.93975917,0.88284024,0.0,0.86407804,0.0,4250,SUCCESS
svmguide1,SCS,True,0.1,0.0,Screening,30,74.62410704,0.83980583,0.93975917,0.88284024,0.60121457,0.11596084,0.00298834,750,SUCCESS
svmguide1,SCS,True,0.1,0.05,Baseline,30,84.76551904,0.86569579,0.94158257,0.8986569,0.0,0.31070709,0.0,1350,SUCCESS
svmguide1,SCS,True,0.1,0.05,Screening,30,84.76551635,0.86569579,0.94158257,0.8986569,0.55566802,0.14727163,0.00277877,975,SUCCESS
svmguide1,CVXOPT,False,0.01,0.0,Baseline,1,9.09937941,0.82847896,0.92922018,0.87529412,0.0,0.26531172,0.0,750,SUCCESS
svmguide1,CVXOPT,False,0.01,0.0,Screening,1,9.09940759,0.83009709,0.92915138,0.87661575,0.48431174,0.05787897,0.00274563,200,SUCCESS
svmguide1,CVXOPT,False,0.01,0.05,Baseline,1,9.8205157,0.82524272,0.92666284,0.87323944,0.0,0.11567926,0.0,375,SUCCESS
svmguide1,CVXOPT,False,0.01,0.05,Screening,1,9.8205157,0.82524272,0.92666284,0.87323944,0.45445344,0.1615622,0.00281811,850,SUCCESS
svmguide1,CVXOPT,False,0.05,0.0,Baseline,1,39.26780099,0.84789644,0.93139908,0.88395062,0.0,0.28713274,0.0,1200,SUCCESS
svmguide1,CVXOPT,False,0.05,0.0,Screening,1,39.26780064,0.84789644,0.93139908,0.88395062,0.57439271,0.09038973,0.00264549,400,SUCCESS
svmguide1,CVXOPT,False,0.05,0.05,Baseline,1,44.02804333,0.83980583,0.93440367,0.88256228,0.0,0.83893061,0.0,2375,SUCCESS
svmguide1,CVXOPT,False,0.05,0.05,Screening,1,44.02804343,0.83980583,0.93440367,0.88256228,0.53137652,0.1328733,0.0025332,825,SUCCESS
svmguide1,CVXOPT,False,0.1,0.0,Baseline,1,75.55819181,0.85113269,0.93094037,0.88669951,0.0,0.79735947,0.0,3875,SUCCESS
svmguide1,CVXOPT,False,0.1,0.0,Screening,1,75.55819108,0.85113269,0.93094037,0.88669951,0.59817814,0.16574073,0.00309038,1300,SUCCESS
svmguide1,CVXOPT,False,0.1,0.05,Baseline,1,85.80013186,0.85760518,0.93329128,0.89,0.0,1.5355866,0.0,7150,SUCCESS
svmguide1,CVXOPT,False,0.1,0.05,Screening,1,85.80051602,0.83333333,0.93337156,0.87635054,0.54908907,0.07380366,0.00429249,25,SUCCESS
svmguide1,CVXOPT,False,0.01,0.0,Baseline,2,8.96955568,0.83656958,0.91605505,0.87001287,0.0,0.16653299,0.0,725,SUCCESS
svmguide1,CVXOPT,False,0.01,0.0,Screening,2,8.96955569,0.83656958,0.91605505,0.87001287,0.49493927,0.14183211,0.0027771,850,SUCCESS
svmguide1,CVXOPT,False,0.01,0.05,Baseline,2,9.66421673,0.83171521,0.91347477,0.87735849,0.0,0.14095306,0.0,575,SUCCESS
svmguide1,CVXOPT,False,0.01,0.05,Screening,2,9.66421677,0.83171521,0.91345183,0.87735849,0.46406883,0.14619446,0.0026226,800,SUCCESS
svmguide1,CVXOPT,False,0.05,0.0,Baseline,2,39.08365506,0.8592233,0.92834862,0.89111389,0.0,0.28261924,0.0,800,SUCCESS
svmguide1,CVXOPT,False,0.05,0.0,Screening,2,39.08365492,0.8592233,0.92834862,0.89111389,0.57692308,0.11357689,0.00258064,700,SUCCESS
svmguide1,CVXOPT,False,0.05,0.05,Baseline,2,43.57785871,0.85598706,0.92450688,0.89079755,0.0,0.73191667,0.0,3350,SUCCESS
svmguide1,CVXOPT,False,0.05,0.05,Screening,2,43.57785813,0.85598706,0.92450688,0.89079755,0.53744939,0.13992071,0.00263906,775,SUCCESS
svmguide1,CVXOPT,False,0.1,0.0,Baseline,2,75.31767874,0.86084142,0.92926606,0.89223058,0.0,0.19205594,0.0,875,SUCCESS
svmguide1,CVXOPT,False,0.1,0.0,Screening,2,75.31816639,0.86084142,0.92930046,0.89223058,0.59817814,0.05877542,0.00272465,225,SUCCESS
svmguide1,CVXOPT,False,0.1,0.05,Baseline,2,85.13975024,0.85760518,0.92569954,0.89108911,0.0,1.26210594,0.0,3850,SUCCESS
svmguide1,CVXOPT,False,0.1,0.05,Screening,2,85.13975072,0.85760518,0.92569954,0.89108911,0.55566802,0.1341989,0.00264096,825,SUCCESS
svmguide1,CVXOPT,False,0.01,0.0,Baseline,3,9.04125863,0.85760518,0.93912844,0.88717949,0.0,0.15520573,0.0,650,SUCCESS
svmguide1,CVXOPT,False,0.01,0.0,Screening,3,9.04130501,0.85760518,0.93922018,0.88717949,0.48481781,0.06006885,0.00270748,175,SUCCESS
svmguide1,CVXOPT,False,0.01,0.05,Baseline,3,9.77058026,0.84466019,0.93669725,0.87467363,0.0,0.18798375,0.0,800,SUCCESS
svmguide1,CVXOPT,False,0.01,0.05,Screening,3,9.77063066,0.84627832,0.93665138,0.87614081,0.45293522,0.06042409,0.00276351,175,SUCCESS
svmguide1,CVXOPT,False,0.05,0.0,Baseline,3,38.8814412,0.88187702,0.94413991,0.90909091,0.0,0.24910069,0.0,700,SUCCESS
svmguide1,CVXOPT,False,0.05,0.0,Screening,3,38.88144118,0.88187702,0.94413991,0.90909091,0.57793522,0.10812807,0.00258994,650,SUCCESS
svmguide1,CVXOPT,False,0.05,0.05,Baseline,3,43.63447118,0.88673139,0.94527523,0.91139241,0.0,0.32015419,0.0,1425,SUCCESS
svmguide1,CVXOPT,False,0.05,0.05,Screening,3,43.63450189,0.88673139,0.94520642,0.91139241,0.53390688,0.05662584,0.00270462,150,SUCCESS
svmguide1,CVXOPT,False,0.1,0.0,Baseline,3,74.66857276,0.87540453,0.94372706,0.90505549,0.0,1.11219764,0.0,5450,SUCCESS
svmguide1,CVXOPT,False,0.1,0.0,Screening,3,74.66857216,0.87540453,0.94372706,0.90505549,0.60273279,0.18616652,0.00387955,900,SUCCESS
svmguide1,CVXOPT,False,0.1,0.05,Baseline,3,84.95094449,0.88349515,0.94553899,0.90909091,0.0,2.02084517,0.0,9375,SUCCESS
svmguide1,CVXOPT,False,0.1,0.05,Screening,3,84.95094455,0.88349515,0.94553899,0.90909091,0.5541498,0.19068885,0.0028348,1550,SUCCESS
svmguide1,CVXOPT,False,0.01,0.0,Baseline,4,9.121637,0.8381877,0.93263761,0.88235294,0.0,0.12000847,0.0,500,SUCCESS
svmguide1,CVXOPT,False,0.01,0.0,Screening,4,9.12170432,0.8381877,0.93237385,0.88235294,0.48380567,0.05719423,0.00264001,175,SUCCESS
svmguide1,CVXOPT,False,0.01,0.05,Baseline,4,9.85263916,0.84466019,0.93104358,0.88571429,0.0,0.33213019,0.0,900,SUCCESS
svmguide1,CVXOPT,False,0.01,0.05,Screening,4,9.85263925,0.84466019,0.93099771,0.88571429,0.45394737,0.23568439,0.00276017,1500,SUCCESS
svmguide1,CVXOPT,False,0.05,0.0,Baseline,4,39.40550652,0.85436893,0.93626147,0.8907767,0.0,0.16247702,0.0,700,SUCCESS
svmguide1,CVXOPT,False,0.05,0.0,Screening,4,39.40550569,0.85436893,0.93626147,0.8907767,0.57186235,0.10543823,0.00274515,625,SUCCESS
svmguide1,CVXOPT,False,0.05,0.05,Baseline,4,44.1375555,0.85760518,0.93708716,0.89268293,0.0,0.58505177,0.0,2675,SUCCESS
svmguide1,CVXOPT,False,0.05,0.05,Screening,4,44.13765392,0.85760518,0.93708716,0.89268293,0.53087045,0.08304548,0.00445461,150,SUCCESS
svmguide1,CVXOPT,False,0.1,0.0,Baseline,4,75.79762939,0.85598706,0.93661697,0.89159562,0.0,1.15235209,0.0,5750,SUCCESS
svmguide1,CVXOPT,False,0.1,0.0,Screening,4,75.79807434,0.85598706,0.93670872,0.89159562,0.59716599,0.05139184,0.00257468,175,SUCCESS
svmguide1,CVXOPT,False,0.1,0.05,Baseline,4,86.08032867,0.86084142,0.93858945,0.89563107,0.0,0.90482044,0.0,4325,SUCCESS
svmguide1,CVXOPT,False,0.1,0.05,Screening,4,86.08032864,0.86084142,0.93858945,0.89563107,0.54959514,0.13130617,0.00260329,850,SUCCESS
svmguide1,CVXOPT,False,0.01,0.0,Baseline,5,8.97558263,0.83171521,0.92100917,0.875,0.0,0.18276429,0.0,500,SUCCESS
svmguide1,CVXOPT,False,0.01,0.0,Screening,5,8.97558694,0.83171521,0.92105505,0.875,0.49291498,0.06284237,0.00259995,250,SUCCESS
svmguide1,CVXOPT,False,0.01,0.05,Baseline,5,9.67924952,0.82200647,0.91715596,0.87058824,0.0,0.10774398,0.0,400,SUCCESS
svmguide1,CVXOPT,False,0.01,0.05,Screening,5,9.67925016,0.82524272,0.91715596,0.86699507,0.46609312,0.18588758,0.00261807,1200,SUCCESS
svmguide1,CVXOPT,False,0.05,0.0,Baseline,5,38.98667843,0.85113269,0.92799312,0.88613861,0.0,1.08618379,0.0,5550,SUCCESS
svmguide1,CVXOPT,False,0.05,0.0,Screening,5,38.98725331,0.84304207,0.92829128,0.88156288,0.57742915,0.05037618,0.00348735,150,SUCCESS
svmguide1,CVXOPT,False,0.05,0.05,Baseline,5,43.51145685,0.84142395,0.92652523,0.87780549,0.0,1.63671231,0.0,5625,SUCCESS
svmguide1,CVXOPT,False,0.05,0.05,Screening,5,43.5117591,0.84304207,0.92654817,0.87890137,0.53795547,0.06603813,0.0030694,150,SUCCESS
svmguide1,CVXOPT,False,0.1,0.0,Baseline,5,75.1472209,0.85275081,0.93020642,0.88751545,0.0,0.61571431,0.0,2975,SUCCESS
svmguide1,CVXOPT,False,0.1,0.0,Screening,5,75.1472209,0.85275081,0.93020642,0.88751545,0.60020243,0.11822844,0.00271654,850,SUCCESS
svmguide1,CVXOPT,False,0.1,0.05,Baseline,5,84.94447317,0.83980583,0.92743119,0.8754717,0.0,1.25982189,0.0,6075,SUCCESS
svmguide1,CVXOPT,False,0.1,0.05,Screening,5,84.94447124,0.83980583,0.92743119,0.8754717,0.55364372,0.32480288,0.004076,1475,SUCCESS
svmguide1,CVXOPT,False,0.01,0.0,Baseline,6,8.96766431,0.84789644,0.93502294,0.88480392,0.0,0.18690538,0.0,825,SUCCESS
svmguide1,CVXOPT,False,0.01,0.0,Screening,6,8.96766429,0.84789644,0.9350344,0.88480392,0.4944332,0.2185204,0.00276852,1575,SUCCESS
svmguide1,CVXOPT,False,0.01,0.05,Baseline,6,9.67714342,0.83495146,0.93292431,0.87971698,0.0,0.2540915,0.0,1025,SUCCESS
svmguide1,CVXOPT,False,0.01,0.05,Screening,6,9.67716518,0.83495146,0.93295872,0.87971698,0.46305668,0.06692219,0.00279546,225,SUCCESS
svmguide1,CVXOPT,False,0.05,0.0,Baseline,6,38.9575224,0.8381877,0.93576835,0.87775061,0.0,0.23933911,0.0,1025,SUCCESS
svmguide1,CVXOPT,False,0.05,0.0,Screening,6,38.95752194,0.8381877,0.93576835,0.87775061,0.57742915,0.09594274,0.00265527,550,SUCCESS
svmguide1,CVXOPT,False,0.05,0.05,Baseline,6,43.5253324,0.85760518,0.9368578,0.89242054,0.0,0.50754261,0.0,1975,SUCCESS
svmguide1,CVXOPT,False,0.05,0.05,Screening,6,43.52533226,0.85760518,0.93686927,0.89242054,0.53846154,0.11310101,0.00282526,525,SUCCESS
svmguide1,CVXOPT,False,0.1,0.0,Baseline,6,74.93198131,0.8381877,0.93488532,0.87714988,0.0,0.9188447,0.0,4475,SUCCESS
svmguide1,CVXOPT,False,0.1,0.0,Screening,6,74.93198027,0.8381877,0.93488532,0.87714988,0.60121457,0.13093543,0.00266385,1025,SUCCESS
svmguide1,CVXOPT,False,0.1,0.05,Baseline,6,84.97159912,0.85436893,0.93707569,0.88721805,0.0,0.82111788,0.0,3775,SUCCESS
svmguide1,CVXOPT,False,0.1,0.05,Screening,6,84.9715979,0.85436893,0.93707569,0.88721805,0.55516194,0.19446397,0.00408864,750,SUCCESS
svmguide1,CVXOPT,False,0.01,0.0,Baseline,7,8.93535527,0.82524272,0.92174312,0.86924939,0.0,0.19065189,0.0,850,SUCCESS
svmguide1,CVXOPT,False,0.01,0.0,Screening,7,8.93541891,0.82524272,0.92180046,0.86924939,0.49493927,0.05973101,0.00289035,200,SUCCESS
svmguide1,CVXOPT,False,0.01,0.05,Baseline,7,9.64452178,0.81229773,0.91741972,0.8592233,0.0,0.18842578,0.0,800,SUCCESS
svmguide1,CVXOPT,False,0.01,0.05,Screening,7,9.64452174,0.81229773,0.91741972,0.8592233,0.46255061,0.13670373,0.0031507,575,SUCCESS
svmguide1,CVXOPT,False,0.05,0.0,Baseline,7,38.83422297,0.84951456,0.93389908,0.88754534,0.0,0.12060189,0.0,500,SUCCESS
svmguide1,CVXOPT,False,0.05,0.0,Screening,7,38.83422338,0.84951456,0.93389908,0.88754534,0.57945344,0.28217769,0.00404906,1475,SUCCESS
svmguide1,CVXOPT,False,0.05,0.05,Baseline,7,43.29393948,0.83656958,0.92854358,0.87576876,0.0,0.96670747,0.0,3550,SUCCESS
svmguide1,CVXOPT,False,0.05,0.05,Screening,7,43.29429998,0.83656958,0.92854358,0.87576876,0.54149798,0.05696177,0.00262141,150,SUCCESS
svmguide1,CVXOPT,False,0.1,0.0,Baseline,7,74.78916428,0.85436893,0.93550459,0.8902439,0.0,2.07299352,0.0,10300,SUCCESS
svmguide1,CVXOPT,False,0.1,0.0,Screening,7,74.78916445,0.85436893,0.93550459,0.8902439,0.60222672,0.17382216,0.00272465,1575,SUCCESS
svmguide1,CVXOPT,False,0.1,0.05,Baseline,7,84.57755465,0.83980583,0.93051606,0.87701863,0.0,0.79923511,0.0,2425,SUCCESS
svmguide1,CVXOPT,False,0.1,0.05,Screening,7,84.57755383,0.83980583,0.93050459,0.87701863,0.55718623,0.13980126,0.00387287,750,SUCCESS
svmguide1,CVXOPT,False,0.01,0.0,Baseline,8,9.07406093,0.85760518,0.93922018,0.88746803,0.0,0.13164043,0.0,500,SUCCESS
svmguide1,CVXOPT,False,0.01,0.0,Screening,8,9.07408374,0.85760518,0.93912844,0.88746803,0.48532389,0.04151893,0.0027585,0,SUCCESS
svmguide1,CVXOPT,False,0.01,0.05,Baseline,8,9.80681088,0.85113269,0.93905963,0.88295165,0.0,0.12926388,0.0,500,SUCCESS
svmguide1,CVXOPT,False,0.01,0.05,Screening,8,9.8068372,0.85113269,0.93891055,0.88295165,0.45445344,0.10345268,0.00432181,200,SUCCESS
svmguide1,CVXOPT,False,0.05,0.0,Baseline,8,39.1227954,0.87216828,0.93799312,0.90062893,0.0,0.40712857,0.0,1900,SUCCESS
svmguide1,CVXOPT,False,0.05,0.0,Screening,8,39.12290241,0.87216828,0.93791284,0.90062893,0.57287449,0.05093956,0.00253987,150,SUCCESS
svmguide1,CVXOPT,False,0.05,0.05,Baseline,8,43.85978238,0.88187702,0.94133028,0.9081761,0.0,0.25410104,0.0,1075,SUCCESS
svmguide1,CVXOPT,False,0.05,0.05,Screening,8,43.85982624,0.88187702,0.94137615,0.9081761,0.53137652,0.05767369,0.00285363,175,SUCCESS
svmguide1,CVXOPT,False,0.1,0.0,Baseline,8,75.28078342,0.87055016,0.93682339,0.89873418,0.0,0.81829762,0.0,3975,SUCCESS
svmguide1,CVXOPT,False,0.1,0.0,Screening,8,75.28078348,0.87055016,0.93682339,0.89873418,0.59969636,0.22251701,0.0036931,875,SUCCESS
svmguide1,CVXOPT,False,0.1,0.05,Baseline,8,85.45691255,0.87864078,0.94094037,0.90542245,0.0,0.27168226,0.0,1150,SUCCESS
svmguide1,CVXOPT,False,0.1,0.05,Screening,8,85.45691124,0.87864078,0.94094037,0.90542245,0.55364372,0.13304591,0.00266933,750,SUCCESS
svmguide1,CVXOPT,False,0.01,0.0,Baseline,9,8.93802297,0.84466019,0.92809633,0.87434555,0.0,0.78362608,0.0,3925,SUCCESS
svmguide1,CVXOPT,False,0.01,0.0,Screening,9,8.93802297,0.84466019,0.92809633,0.87434555,0.49240891,0.15849972,0.00256634,1050,SUCCESS
svmguide1,CVXOPT,False,0.01,0.05,Baseline,9,9.65333507,0.83495146,0.92533257,0.86507937,0.0,0.17676759,0.0,725,SUCCESS
svmguide1,CVXOPT,False,0.01,0.05,Screening,9,9.65333505,0.83495146,0.92533257,0.86507937,0.46305668,0.15932798,0.003335,775,SUCCESS
svmguide1,CVXOPT,False,0.05,0.0,Baseline,9,38.6993751,0.84627832,0.93549312,0.87516426,0.0,1.51724267,0.0,6225,SUCCESS
svmguide1,CVXOPT,False,0.05,0.0,Screening,9,38.69937483,0.84627832,0.93549312,0.87516426,0.58046559,0.14277959,0.00245333,1150,SUCCESS
svmguide1,CVXOPT,False,0.05,0.05,Baseline,9,43.25971345,0.84466019,0.93409404,0.87234043,0.0,0.40608621,0.0,1925,SUCCESS
svmguide1,CVXOPT,False,0.05,0.05,Screening,9,43.25971334,0.84466019,0.93409404,0.87234043,0.5409919,0.12733078,0.00299263,750,SUCCESS
svmguide1,CVXOPT,False,0.1,0.0,Baseline,9,74.46519678,0.85760518,0.93490826,0.89346247,0.0,0.88043714,0.0,4300,SUCCESS
svmguide1,CVXOPT,False,0.1,0.0,Screening,9,74.46519687,0.85760518,0.93490826,0.89346247,0.60475709,0.11334252,0.00237203,850,SUCCESS
svmguide1,CVXOPT,False,0.1,0.05,Baseline,9,84.4046516,0.84627832,0.93611239,0.87383798,0.0,0.37610149,0.0,1075,SUCCESS
svmguide1,CVXOPT,False,0.1,0.05,Screening,9,84.40465104,0.84627832,0.93611239,0.87383798,0.55769231,0.1914463,0.00410676,750,SUCCESS
svmguide1,CVXOPT,False,0.01,0.0,Baseline,10,9.14344269,0.82686084,0.93102064,0.8771527,0.0,0.23972034,0.0,1125,SUCCESS
svmguide1,CVXOPT,False,0.01,0.0,Screening,10,9.14344272,0.82686084,0.93102064,0.8771527,0.48076923,0.15635705,0.00258064,1000,SUCCESS
svmguide1,CVXOPT,False,0.01,0.05,Baseline,10,9.86476088,0.82847896,0.92889908,0.87816092,0.0,0.10443211,0.0,375,SUCCESS
svmguide1,CVXOPT,False,0.01,0.05,Screening,10,9.86481064,0.82847896,0.92923165,0.87788018,0.45394737,0.06299829,0.00263667,200,SUCCESS
svmguide1,CVXOPT,False,0.05,0.0,Baseline,10,39.78819672,0.85275081,0.93548165,0.88639201,0.0,0.73974133,0.0,2350,SUCCESS
svmguide1,CVXOPT,False,0.05,0.0,Screening,10,39.78819683,0.85275081,0.93548165,0.88639201,0.56882591,0.13159752,0.00256753,900,SUCCESS
svmguide1,CVXOPT,False,0.05,0.05,Baseline,10,44.42723601,0.85760518,0.9337156,0.89,0.0,0.71016383,0.0,3325,SUCCESS
svmguide1,CVXOPT,False,0.05,0.05,Screening,10,44.42723569,0.85760518,0.9337156,0.89,0.52935223,0.14212894,0.0025444,900,SUCCESS
svmguide1,CVXOPT,False,0.1,0.0,Baseline,10,76.72047326,0.85598706,0.93520642,0.88805031,0.0,0.51593399,0.0,2475,SUCCESS
svmguide1,CVXOPT,False,0.1,0.0,Screening,10,76.72047221,0.85598706,0.93520642,0.88805031,0.59311741,0.12311816,0.00311875,700,SUCCESS
svmguide1,CVXOPT,False,0.1,0.05,Baseline,10,86.79515865,0.85598706,0.93508028,0.88971499,0.0,0.64082575,0.0,1900,SUCCESS
svmguide1,CVXOPT,False,0.1,0.05,Screening,10,86.79515781,0.85598706,0.93508028,0.88971499,0.54706478,0.13951159,0.00259352,925,SUCCESS
svmguide1,CVXOPT,False,0.01,0.0,Baseline,11,8.99360274,0.84304207,0.94475917,0.88786127,0.0,0.57785487,0.0,2850,SUCCESS
svmguide1,CVXOPT,False,0.01,0.0,Screening,11,8.99363291,0.84304207,0.94483945,0.88786127,0.48684211,0.05930233,0.00265336,200,SUCCESS
svmguide1,CVXOPT,False,0.01,0.05,Baseline,11,9.72775051,0.85436893,0.94275229,0.89361702,0.0,0.16778398,0.0,450,SUCCESS
svmguide1,CVXOPT,False,0.01,0.05,Screening,11,9.72776909,0.85436893,0.94264908,0.89361702,0.45799595,0.08339167,0.00267649,250,SUCCESS
svmguide1,CVXOPT,False,0.05,0.0,Baseline,11,38.80775891,0.88673139,0.95087156,0.91183879,0.0,0.16967297,0.0,725,SUCCESS
svmguide1,CVXOPT,False,0.05,0.0,Screening,11,38.80775899,0.88673139,0.95087156,0.91183879,0.57995951,0.1212554,0.00252962,825,SUCCESS
svmguide1,CVXOPT,False,0.05,0.05,Baseline,11,43.42703946,0.88349515,0.9509289,0.90954774,0.0,1.89438295,0.0,8900,SUCCESS
svmguide1,CVXOPT,False,0.05,0.05,Screening,11,43.42703858,0.88349515,0.9509289,0.90954774,0.53694332,0.20867252,0.00424528,775,SUCCESS
svmguide1,CVXOPT,False,0.1,0.0,Baseline,11,74.67250952,0.88187702,0.95142202,0.90976514,0.0,0.32119918,0.0,1525,SUCCESS
svmguide1,CVXOPT,False,0.1,0.0,Screening,11,74.67297243,0.88187702,0.95135321,0.90976514,0.60374494,0.03751016,0.00248432,0,SUCCESS
svmguide1,CVXOPT,False,0.1,0.05,Baseline,11,84.64389022,0.88834951,0.95163991,0.91232529,0.0,1.08952951,0.0,5250,SUCCESS
svmguide1,CVXOPT,False,0.1,0.05,Screening,11,84.64427804,0.88511327,0.95159404,0.91001267,0.55718623,0.06083536,0.00246763,200,SUCCESS
svmguide1,CVXOPT,False,0.01,0.0,Baseline,12,9.06191229,0.85275081,0.93436927,0.88227684,0.0,0.3876102,0.0,1150,SUCCESS
svmguide1,CVXOPT,False,0.01,0.0,Screening,12,9.06199634,0.85113269,0.93426606,0.8814433,0.48431174,0.10771132,0.00816321,175,SUCCESS
svmguide1,CVXOPT,False,0.01,0.05,Baseline,12,9.8002834,0.84304207,0.93065367,0.87386216,0.0,0.14712,0.0,600,SUCCESS
svmguide1,CVXOPT,False,0.01,0.05,Screening,12,9.80028341,0.84304207,0.93065367,0.87386216,0.45647773,0.13464379,0.0028801,650,SUCCESS
svmguide1,CVXOPT,False,0.05,0.0,Baseline,12,39.01079927,0.87378641,0.94103211,0.90322581,0.0,1.20853519,0.0,5950,SUCCESS
svmguide1,CVXOPT,False,0.05,0.0,Screening,12,39.0109249,0.87378641,0.94110092,0.90322581,0.57540486,0.04031324,0.00290251,0,SUCCESS
svmguide1,CVXOPT,False,0.05,0.05,Baseline,12,43.76805942,0.86731392,0.94,0.8956743,0.0,0.25594926,0.0,600,SUCCESS
svmguide1,CVXOPT,False,0.05,0.05,Screening,12,43.76813901,0.86731392,0.94011468,0.8956743,0.53441296,0.06716561,0.00408697,25,SUCCESS
svmguide1,CVXOPT,False,0.1,0.0,Baseline,12,74.9598349,0.86731392,0.9418578,0.89800995,0.0,0.41651845,0.0,2075,SUCCESS
svmguide1,CVXOPT,False,0.1,0.0,Screening,12,74.95983461,0.86731392,0.9418578,0.89800995,0.6007085,0.12158298,0.00248742,825,SUCCESS
svmguide1,CVXOPT,False,0.1,0.05,Baseline,12,85.25006311,0.87055016,0.94068807,0.89821883,0.0,0.67299628,0.0,3200,SUCCESS
svmguide1,CVXOPT,False,0.1,0.05,Screening,12,85.25006108,0.87055016,0.94068807,0.89821883,0.55313765,0.11148739,0.00290656,625,SUCCESS
svmguide1,CVXOPT,False,0.01,0.0,Baseline,13,8.97580057,0.83009709,0.92735092,0.87485101,0.0,0.1375885,0.0,575,SUCCESS
svmguide1,CVXOPT,False,0.01,0.0,Screening,13,8.97580057,0.83009709,0.92735092,0.87485101,0.48937247,0.21645617,0.0042851,825,SUCCESS
svmguide1,CVXOPT,False,0.01,0.05,Baseline,13,9.70186224,0.81391586,0.92182339,0.8661234,0.0,0.22564435,0.0,975,SUCCESS
svmguide1,CVXOPT,False,0.01,0.05,Screening,13,9.70186222,0.81391586,0.92182339,0.8661234,0.45951417,0.15446329,0.00253916,900,SUCCESS
svmguide1,CVXOPT,False,0.05,0.0,Baseline,13,38.74042586,0.84304207,0.93529817,0.88383234,0.0,0.21080351,0.0,900,SUCCESS
svmguide1,CVXOPT,False,0.05,0.0,Screening,13,38.74047865,0.84304207,0.93537844,0.88383234,0.57793522,0.05323577,0.002707,175,SUCCESS
svmguide1,CVXOPT,False,0.05,0.05,Baseline,13,43.38604053,0.84142395,0.93385321,0.88361045,0.0,0.16425943,0.0,700,SUCCESS
svmguide1,CVXOPT,False,0.05,0.05,Screening,13,43.3860405,0.84142395,0.93385321,0.88361045,0.54048583,0.19276381,0.00397229,675,SUCCESS
svmguide1,CVXOPT,False,0.1,0.0,Baseline,13,74.38373826,0.84789644,0.93536697,0.88647343,0.0,1.83675432,0.0,6400,SUCCESS
svmguide1,CVXOPT,False,0.1,0.0,Screening,13,74.38373664,0.84789644,0.93536697,0.88647343,0.60323887,0.11389875,0.00261617,825,SUCCESS
svmguide1,CVXOPT,False,0.1,0.05,Baseline,13,84.61045639,0.84951456,0.93590596,0.88727273,0.0,0.54913878,0.0,2550,SUCCESS
svmguide1,CVXOPT,False,0.1,0.05,Screening,13,84.61045607,0.84951456,0.93590596,0.88727273,0.55718623,0.12817311,0.0028789,700,SUCCESS
svmguide1,CVXOPT,False,0.01,0.0,Baseline,14,8.98227069,0.81877023,0.92448394,0.87037037,0.0,0.24794412,0.0,700,SUCCESS
svmguide1,CVXOPT,False,0.01,0.0,Screening,14,8.9823041,0.81877023,0.9243922,0.87037037,0.49392713,0.06482434,0.00379205,0,SUCCESS
svmguide1,CVXOPT,False,0.01,0.05,Baseline,14,9.67052004,0.8171521,0.91915138,0.86936416,0.0,0.15178061,0.0,600,SUCCESS
svmguide1,CVXOPT,False,0.01,0.05,Screening,14,9.67052001,0.8171521,0.91915138,0.86936416,0.46609312,0.13643217,0.00268936,750,SUCCESS
svmguide1,CVXOPT,False,0.05,0.0,Baseline,14,39.14434247,0.84789644,0.93411697,0.8825,0.0,0.12892437,0.0,550,SUCCESS
svmguide1,CVXOPT,False,0.05,0.0,Screening,14,39.14434951,0.84789644,0.93425459,0.8825,0.576417,0.05317187,0.00272107,175,SUCCESS
svmguide1,CVXOPT,False,0.05,0.05,Baseline,14,43.66823831,0.82686084,0.93232798,0.87307236,0.0,0.39415145,0.0,1800,SUCCESS
svmguide1,CVXOPT,False,0.05,0.05,Screening,14,43.66836475,0.82686084,0.93245413,0.87307236,0.53846154,0.08645034,0.00409937,150,SUCCESS
svmguide1,CVXOPT,False,0.1,0.0,Baseline,14,75.46173911,0.85113269,0.93485092,0.88442211,0.0,0.43842363,0.0,2125,SUCCESS
svmguide1,CVXOPT,False,0.1,0.0,Screening,14,75.46173829,0.85113269,0.93485092,0.88442211,0.59969636,0.10566783,0.00271535,650,SUCCESS
svmguide1,CVXOPT,False,0.1,0.05,Baseline,14,85.28706177,0.83009709,0.93324541,0.87632509,0.0,0.61456132,0.0,2900,SUCCESS
svmguide1,CVXOPT,False,0.1,0.05,Screening,14,85.28706129,0.83009709,0.93324541,0.87632509,0.55212551,0.12775517,0.00265455,750,SUCCESS
svmguide1,CVXOPT,False,0.01,0.0,Baseline,15,8.96190453,0.80420712,0.9053211,0.85847953,0.0,0.20036507,0.0,725,SUCCESS
svmguide1,CVXOPT,False,0.01,0.0,Screening,15,8.96190439,0.80420712,0.90533257,0.85847953,0.49190283,0.17630076,0.00387573,575,SUCCESS
svmguide1,CVXOPT,False,0.01,0.05,Baseline,15,9.67197331,0.80097087,0.89979358,0.86006826,0.0,0.11381745,0.0,450,SUCCESS
svmguide1,CVXOPT,False,0.01,0.05,Screening,15,9.67197328,0.80097087,0.89979358,0.86006826,0.46305668,0.15354013,0.00283217,750,SUCCESS
svmguide1,CVXOPT,False,0.05,0.0,Baseline,15,38.81389287,0.82524272,0.91321101,0.86797066,0.0,0.21925306,0.0,1025,SUCCESS
svmguide1,CVXOPT,False,0.05,0.0,Screening,15,38.81389308,0.82524272,0.91321101,0.86797066,0.57742915,0.12184453,0.00249577,850,SUCCESS
svmguide1,CVXOPT,False,0.05,0.05,Baseline,15,43.44022623,0.81391586,0.91237385,0.86325803,0.0,0.58673215,0.0,1700,SUCCESS
svmguide1,CVXOPT,False,0.05,0.05,Screening,15,43.44022582,0.81391586,0.91237385,0.86325803,0.54048583,0.17973614,0.00423574,600,SUCCESS
svmguide1,CVXOPT,False,0.1,0.0,Baseline,15,74.6713506,0.82686084,0.91420872,0.86806412,0.0,1.77608323,0.0,8925,SUCCESS
svmguide1,CVXOPT,False,0.1,0.0,Screening,15,74.67135093,0.82686084,0.91420872,0.86806412,0.60172065,0.11989093,0.00266194,775,SUCCESS
svmguide1,CVXOPT,False,0.1,0.05,Baseline,15,84.71359199,0.82038835,0.91341743,0.86610374,0.0,0.8972137,0.0,4225,SUCCESS
svmguide1,CVXOPT,False,0.1,0.05,Screening,15,84.71359153,0.82038835,0.91341743,0.86610374,0.55617409,0.2137816,0.00378585,875,SUCCESS
svmguide1,CVXOPT,False,0.01,0.0,Baseline,16,9.01854158,0.8381877,0.93165138,0.88066826,0.0,0.17963243,0.0,475,SUCCESS
svmguide1,CVXOPT,False,0.01,0.0,Screening,16,9.01854156,0.8381877,0.93165138,0.88066826,0.48836032,0.33132744,0.00273585,2650,SUCCESS
svmguide1,CVXOPT,False,0.01,0.05,Baseline,16,9.74073731,0.82038835,0.93042431,0.87226697,0.0,0.48008418,0.0,2150,SUCCESS
svmguide1,CVXOPT,False,0.01,0.05,Screening,16,9.7407373,0.82038835,0.93042431,0.87226697,0.45850202,0.29342675,0.00271416,2000,SUCCESS
svmguide1,CVXOPT,False,0.05,0.0,Baseline,16,38.81382342,0.8592233,0.93474771,0.89219331,0.0,0.78989077,0.0,3900,SUCCESS
svmguide1,CVXOPT,False,0.05,0.0,Screening,16,38.81403141,0.8592233,0.9347133,0.89219331,0.57793522,0.05181932,0.00245786,150,SUCCESS
svmguide1,CVXOPT,False,0.05,0.05,Baseline,16,43.53615713,0.85760518,0.93567661,0.89108911,0.0,3.5046227,0.0,11125,SUCCESS
svmguide1,CVXOPT,False,0.05,0.05,Screening,16,43.53615714,0.85760518,0.93566514,0.89108911,0.53694332,0.13962412,0.00261211,900,SUCCESS
svmguide1,CVXOPT,False,0.1,0.0,Baseline,16,74.55699725,0.85598706,0.93373853,0.88971499,0.0,1.85378861,0.0,9100,SUCCESS
svmguide1,CVXOPT,False,0.1,0.0,Screening,16,74.55699689,0.85598706,0.93373853,0.88971499,0.60323887,0.1323638,0.0027926,1000,SUCCESS
svmguide1,CVXOPT,False,0.1,0.05,Baseline,16,84.79040339,0.86245955,0.93524083,0.89519112,0.0,0.54894042,0.0,2475,SUCCESS
svmguide1,CVXOPT,False,0.1,0.05,Screening,16,84.79040268,0.86245955,0.93525229,0.89519112,0.55566802,0.2268858,0.00428033,925,SUCCESS
svmguide1,CVXOPT,False,0.01,0.0,Baseline,17,8.99409444,0.83656958,0.92509174,0.87961859,0.0,0.32671952,0.0,1525,SUCCESS
svmguide1,CVXOPT,False,0.01,0.0,Screening,17,8.9940944,0.83656958,0.92509174,0.87961859,0.4888664,0.1439383,0.00335622,850,SUCCESS
svmguide1,CVXOPT,False,0.01,0.05,Baseline,17,9.70563756,0.83656958,0.92178899,0.87904192,0.0,0.1338613,0.0,475,SUCCESS
svmguide1,CVXOPT,False,0.01,0.05,Screening,17,9.70565705,0.83656958,0.92186927,0.87904192,0.46153846,0.04150152,0.00273728,0,SUCCESS
svmguide1,CVXOPT,False,0.05,0.0,Baseline,17,39.00395984,0.87702265,0.93441514,0.90180879,0.0,0.77858305,0.0,2425,SUCCESS
svmguide1,CVXOPT,False,0.05,0.0,Screening,17,39.00395887,0.87702265,0.93441514,0.90180879,0.57742915,0.16016531,0.00366116,625,SUCCESS
svmguide1,CVXOPT,False,0.05,0.05,Baseline,17,43.56351955,0.87216828,0.93147936,0.90037831,0.0,0.4094274,0.0,1900,SUCCESS
svmguide1,CVXOPT,False,0.05,0.05,Screening,17,43.56351947,0.87216828,0.93147936,0.90037831,0.53643725,0.15974998,0.0027976,1075,SUCCESS
svmguide1,CVXOPT,False,0.1,0.0,Baseline,17,75.13141813,0.84627832,0.93473624,0.8864994,0.0,0.59102225,0.0,2875,SUCCESS
svmguide1,CVXOPT,False,0.1,0.0,Screening,17,75.13141764,0.84627832,0.93473624,0.8864994,0.60172065,0.1295073,0.00352669,825,SUCCESS
svmguide1,CVXOPT,False,0.1,0.05,Baseline,17,85.00322282,0.84627832,0.93324541,0.88676996,0.0,1.70073414,0.0,5075,SUCCESS
svmguide1,CVXOPT,False,0.1,0.05,Screening,17,85.0034398,0.84627832,0.93319954,0.88676996,0.5541498,0.07639503,0.0026772,225,SUCCESS
svmguide1,CVXOPT,False,0.01,0.0,Baseline,18,9.08020496,0.83495146,0.93154817,0.87710843,0.0,0.15821886,0.0,675,SUCCESS
svmguide1,CVXOPT,False,0.01,0.0,Screening,18,9.08022454,0.83495146,0.93163991,0.87710843,0.48582996,0.06984687,0.00297642,200,SUCCESS
svmguide1,CVXOPT,False,0.01,0.05,Baseline,18,9.79873736,0.84789644,0.92909404,0.87696335,0.0,0.15416145,0.0,625,SUCCESS
svmguide1,CVXOPT,False,0.01,0.05,Screening,18,9.79876828,0.84627832,0.92909404,0.87282463,0.4534413,0.04310012,0.00277305,0,SUCCESS
svmguide1,CVXOPT,False,0.05,0.0,Baseline,18,39.36874217,0.87540453,0.93990826,0.90410959,0.0,0.49618483,0.0,1450,SUCCESS
svmguide1,CVXOPT,False,0.05,0.0,Screening,18,39.36912572,0.87378641,0.93975917,0.90298507,0.57287449,0.07922602,0.00535774,100,SUCCESS
svmguide1,CVXOPT,False,0.05,0.05,Baseline,18,44.06321032,0.8592233,0.9378555,0.89325153,0.0,0.28891253,0.0,1250,SUCCESS
svmguide1,CVXOPT,False,0.05,0.05,Screening,18,44.06321017,0.8592233,0.9378555,0.89325153,0.53238866,0.15056276,0.00270438,950,SUCCESS
svmguide1,CVXOPT,False,0.1,0.0,Baseline,18,75.77038564,0.87540453,0.94004587,0.90191083,0.0,1.43528008,0.0,7050,SUCCESS
svmguide1,CVXOPT,False,0.1,0.0,Screening,18,75.77038581,0.87540453,0.94004587,0.90191083,0.59665992,0.11577535,0.00259185,825,SUCCESS
svmguide1,CVXOPT,False,0.1,0.05,Baseline,18,85.94966252,0.87055016,0.93951835,0.90049751,0.0,0.85840845,0.0,3250,SUCCESS
svmguide1,CVXOPT,False,0.1,0.05,Screening,18,85.94966223,0.87055016,0.93951835,0.90049751,0.55111336,0.21784735,0.00403357,850,SUCCESS
svmguide1,CVXOPT,False,0.01,0.0,Baseline,19,8.83431856,0.8171521,0.90917431,0.85190039,0.0,0.34546185,0.0,1600,SUCCESS
svmguide1,CVXOPT,False,0.01,0.0,Screening,19,8.83438279,0.8171521,0.90918578,0.85190039,0.49949393,0.03954315,0.00253153,0,SUCCESS
svmguide1,CVXOPT,False,0.01,0.05,Baseline,19,9.54746881,0.81553398,0.90412844,0.84880637,0.0,0.25426221,0.0,1125,SUCCESS
svmguide1,CVXOPT,False,0.01,0.05,Screening,19,9.54749222,0.81553398,0.9043578,0.84880637,0.46609312,0.07271791,0.00269198,225,SUCCESS
svmguide1,CVXOPT,False,0.05,0.0,Baseline,19,37.99115845,0.84951456,0.92043578,0.88588957,0.0,0.24535084,0.0,700,SUCCESS
svmguide1,CVXOPT,False,0.05,0.0,Screening,19,37.99127593,0.84951456,0.92036697,0.88588957,0.58653846,0.06234765,0.00419235,0,SUCCESS
svmguide1,CVXOPT,False,0.05,0.05,Baseline,19,42.6005136,0.84304207,0.91630734,0.87798742,0.0,0.79815888,0.0,3725,SUCCESS
svmguide1,CVXOPT,False,0.05,0.05,Screening,19,42.60051363,0.84304207,0.91630734,0.87798742,0.54605263,0.12162495,0.00267243,700,SUCCESS
svmguide1,CVXOPT,False,0.1,0.0,Baseline,19,73.00768394,0.83333333,0.92178899,0.86500655,0.0,0.98652244,0.0,4950,SUCCESS
svmguide1,CVXOPT,False,0.1,0.0,Screening,19,73.00779761,0.83333333,0.92174312,0.86500655,0.61133603,0.06794,0.00424957,0,SUCCESS
svmguide1,CVXOPT,False,0.1,0.05,Baseline,19,82.9279468,0.83333333,0.91978211,0.86571056,0.0,0.65246654,0.0,1925,SUCCESS
svmguide1,CVXOPT,False,0.1,0.05,Screening,19,82.92794489,0.83333333,0.91978211,0.86571056,0.56477733,0.11890793,0.00255322,650,SUCCESS
svmguide1,CVXOPT,False,0.01,0.0,Baseline,20,8.97802316,0.83980583,0.92472477,0.88057901,0.0,0.54237032,0.0,2625,SUCCESS
svmguide1,CVXOPT,False,0.01,0.0,Screening,20,8.97811968,0.83980583,0.92446101,0.88057901,0.48987854,0.03978372,0.00252676,0,SUCCESS
svmguide1,CVXOPT,False,0.01,0.05,Baseline,20,9.68631065,0.83171521,0.92230505,0.87559809,0.0,0.12990403,0.0,475,SUCCESS
svmguide1,CVXOPT,False,0.01,0.05,Screening,20,9.68634732,0.83171521,0.92227064,0.87559809,0.46002024,0.06758094,0.0027597,175,SUCCESS
svmguide1,CVXOPT,False,0.05,0.0,Baseline,20,39.1379743,0.87055016,0.93080275,0.90049751,0.0,1.18525624,0.0,3700,SUCCESS
svmguide1,CVXOPT,False,0.05,0.0,Screening,20,39.13797457,0.87055016,0.93080275,0.90049751,0.57540486,0.20146084,0.00434613,900,SUCCESS
svmguide1,CVXOPT,False,0.05,0.05,Baseline,20,43.56552306,0.85275081,0.93027523,0.88915956,0.0,0.45102429,0.0,2050,SUCCESS
svmguide1,CVXOPT,False,0.05,0.05,Screening,20,43.56552284,0.85275081,0.93027523,0.88915956,0.53795547,0.12100458,0.00258183,650,SUCCESS
svmguide1,CVXOPT,False,0.1,0.0,Baseline,20,75.47402407,0.86893204,0.93224771,0.89836888,0.0,0.38888359,0.0,1850,SUCCESS
svmguide1,CVXOPT,False,0.1,0.0,Screening,20,75.47402348,0.86893204,0.93224771,0.89836888,0.59969636,0.18183446,0.00439835,775,SUCCESS
svmguide1,CVXOPT,False,0.1,0.05,Baseline,20,85.15423815,0.85598706,0.93048165,0.89106487,0.0,1.19811749,0.0,5750,SUCCESS
svmguide1,CVXOPT,False,0.1,0.05,Screening,20,85.15456418,0.85598706,0.93050459,0.89106487,0.55617409,0.0586729,0.00252223,200,SUCCESS
svmguide1,CVXOPT,False,0.01,0.0,Baseline,21,9.06691649,0.84142395,0.93186927,0.87206266,0.0,0.1674211,0.0,750,SUCCESS
svmguide1,CVXOPT,False,0.01,0.0,Screening,21,9.06694059,0.84142395,0.93184633,0.87206266,0.48684211,0.06315541,0.00255203,250,SUCCESS
svmguide1,CVXOPT,False,0.01,0.05,Baseline,21,9.78231602,0.83009709,0.92876147,0.87776484,0.0,0.22778964,0.0,600,SUCCESS
svmguide1,CVXOPT,False,0.01,0.05,Screening,21,9.78231604,0.83009709,0.92876147,0.87776484,0.45850202,0.25492644,0.00393748,925,SUCCESS
svmguide1,CVXOPT,False,0.05,0.0,Baseline,21,39.49892474,0.8592233,0.93974771,0.89056604,0.0,0.4487617,0.0,2200,SUCCESS
svmguide1,CVXOPT,False,0.05,0.0,Screening,21,39.49903291,0.8592233,0.93973624,0.89056604,0.57236842,0.0409565,0.00265193,25,SUCCESS
svmguide1,CVXOPT,False,0.05,0.05,Baseline,21,44.03408494,0.86407767,0.9383945,0.89473684,0.0,0.30304337,0.0,1400,SUCCESS
svmguide1,CVXOPT,False,0.05,0.05,Screening,21,44.03408498,0.86407767,0.9383945,0.89473684,0.53289474,0.15507245,0.00317407,925,SUCCESS
svmguide1,CVXOPT,False,0.1,0.0,Baseline,21,76.22928447,0.86084142,0.94022936,0.89330025,0.0,1.10996342,0.0,3575,SUCCESS
svmguide1,CVXOPT,False,0.1,0.0,Screening,21,76.22928416,0.86084142,0.94022936,0.89330025,0.59716599,0.1702559,0.00417662,600,SUCCESS
svmguide1,CVXOPT,False,0.1,0.05,Baseline,21,86.05292989,0.86407767,0.94008028,0.8960396,0.0,0.90820217,0.0,4350,SUCCESS
svmguide1,CVXOPT,False,0.1,0.05,Screening,21,86.05292919,0.86407767,0.94008028,0.8960396,0.55010121,0.1894989,0.00294161,1475,SUCCESS
svmguide1,CVXOPT,False,0.01,0.0,Baseline,22,8.93982187,0.82524272,0.91261468,0.85900783,0.0,0.15784407,0.0,700,SUCCESS
svmguide1,CVXOPT,False,0.01,0.0,Screening,22,8.93984181,0.82524272,0.91266055,0.85900783,0.49342105,0.05803275,0.00263023,200,SUCCESS
svmguide1,CVXOPT,False,0.01,0.05,Baseline,22,9.64611962,0.80582524,0.9087156,0.85576923,0.0,0.12022066,0.0,475,SUCCESS
svmguide1,CVXOPT,False,0.01,0.05,Screening,22,9.64615448,0.80582524,0.90856651,0.85576923,0.46002024,0.09586477,0.00418425,175,SUCCESS
svmguide1,CVXOPT,False,0.05,0.0,Baseline,22,38.73997817,0.83656958,0.92571101,0.87637699,0.0,0.50918555,0.0,2525,SUCCESS
svmguide1,CVXOPT,False,0.05,0.0,Screening,22,38.74004392,0.8381877,0.92563073,0.87775061,0.57945344,0.05602574,0.00272059,175,SUCCESS
svmguide1,CVXOPT,False,0.05,0.05,Baseline,22,43.30965107,0.84142395,0.92079128,0.87531807,0.0,0.39365959,0.0,1575,SUCCESS
svmguide1,CVXOPT,False,0.05,0.05,Screening,22,43.31019209,0.84142395,0.92083716,0.87531807,0.5409919,0.06537008,0.00278258,175,SUCCESS
svmguide1,CVXOPT,False,0.1,0.0,Baseline,22,74.53472619,0.84466019,0.92837156,0.8817734,0.0,1.4248805,0.0,7025,SUCCESS
svmguide1,CVXOPT,False,0.1,0.0,Screening,22,74.53554215,0.84466019,0.92849771,0.8817734,0.60323887,0.07744932,0.00440669,150,SUCCESS
svmguide1,CVXOPT,False,0.1,0.05,Baseline,22,84.48748638,0.83495146,0.92261468,0.87376238,0.0,1.39862061,0.0,4375,SUCCESS
svmguide1,CVXOPT,False,0.1,0.05,Screening,22,84.48804031,0.83656958,0.92256881,0.87484511,0.55718623,0.05323005,0.00259089,150,SUCCESS
svmguide1,CVXOPT,False,0.01,0.0,Baseline,23,9.16270925,0.86731392,0.93885321,0.89646465,0.0,0.28131986,0.0,1250,SUCCESS
svmguide1,CVXOPT,False,0.01,0.0,Screening,23,9.1627092,0.86731392,0.93886468,0.89646465,0.47925101,0.11402822,0.00260592,600,SUCCESS
svmguide1,CVXOPT,False,0.01,0.05,Baseline,23,9.89972452,0.84789644,0.93650229,0.88480392,0.0,0.13677979,0.0,575,SUCCESS
svmguide1,CVXOPT,False,0.01,0.05,Screening,23,9.89972451,0.84789644,0.93650229,0.88480392,0.44888664,0.23958063,0.00394726,850,SUCCESS
svmguide1,CVXOPT,False,0.05,0.0,Baseline,23,39.58853941,0.87055016,0.93981651,0.89690722,0.0,2.6012969,0.0,11650,SUCCESS
svmguide1,CVXOPT,False,0.05,0.0,Screening,23,39.58853965,0.87055016,0.93981651,0.89690722,0.56983806,0.18007517,0.00275016,1425,SUCCESS
svmguide1,CVXOPT,False,0.05,0.05,Baseline,23,44.36808632,0.87378641,0.94283257,0.89896373,0.0,0.27703834,0.0,1250,SUCCESS
svmguide1,CVXOPT,False,0.05,0.05,Screening,23,44.36808576,0.87378641,0.94283257,0.89896373,0.52732794,0.12108207,0.0027678,675,SUCCESS
svmguide1,CVXOPT,False,0.1,0.0,Baseline,23,76.16026282,0.87055016,0.93963303,0.90049751,0.0,0.81513095,0.0,4100,SUCCESS
svmguide1,CVXOPT,False,0.1,0.0,Screening,23,76.16026199,0.87055016,0.93963303,0.90049751,0.59564777,0.17178655,0.00391102,800,SUCCESS
svmguide1,CVXOPT,False,0.1,0.05,Baseline,23,86.49697577,0.87864078,0.94236239,0.90518331,0.0,1.14606214,0.0,3975,SUCCESS
svmguide1,CVXOPT,False,0.1,0.05,Screening,23,86.49697532,0.87864078,0.94236239,0.90518331,0.54757085,0.13240862,0.0026412,825,SUCCESS
svmguide1,CVXOPT,False,0.01,0.0,Baseline,24,9.18039246,0.85598706,0.94922018,0.89566237,0.0,0.14264989,0.0,600,SUCCESS
svmguide1,CVXOPT,False,0.01,0.0,Screening,24,9.1803924,0.85598706,0.94922018,0.89566237,0.48279352,0.14112473,0.00256181,875,SUCCESS
svmguide1,CVXOPT,False,0.01,0.05,Baseline,24,9.90129272,0.85598706,0.94723624,0.89614936,0.0,0.1109128,0.0,450,SUCCESS
svmguide1,CVXOPT,False,0.01,0.05,Screening,24,9.90129265,0.85598706,0.94723624,0.89614936,0.45293522,0.22718263,0.00545502,750,SUCCESS
svmguide1,CVXOPT,False,0.05,0.0,Baseline,24,39.94471713,0.88834951,0.95411697,0.91342535,0.0,0.28843784,0.0,1375,SUCCESS
svmguide1,CVXOPT,False,0.05,0.0,Screening,24,39.94471708,0.88834951,0.95411697,0.91342535,0.56730769,0.12527561,0.00255108,900,SUCCESS
svmguide1,CVXOPT,False,0.05,0.05,Baseline,24,44.55895314,0.88996764,0.95489679,0.91687042,0.0,0.8593061,0.0,4100,SUCCESS
svmguide1,CVXOPT,False,0.05,0.05,Screening,24,44.55895166,0.88996764,0.95489679,0.91687042,0.52631579,0.13699293,0.00257349,825,SUCCESS
svmguide1,CVXOPT,False,0.1,0.0,Baseline,24,77.05346039,0.87702265,0.95369266,0.90686275,0.0,1.33916855,0.0,4775,SUCCESS
svmguide1,CVXOPT,False,0.1,0.0,Screening,24,77.05345919,0.87702265,0.95369266,0.90686275,0.59210526,0.15656543,0.00383329,600,SUCCESS
svmguide1,CVXOPT,False,0.1,0.05,Baseline,24,86.99773487,0.88673139,0.95494266,0.91336634,0.0,1.01239491,0.0,4900,SUCCESS
svmguide1,CVXOPT,False,0.1,0.05,Screening,24,86.99817973,0.88673139,0.9549656,0.91336634,0.54504049,0.05744791,0.00308084,150,SUCCESS
svmguide1,CVXOPT,False,0.01,0.0,Baseline,25,8.95129348,0.84789644,0.92947248,0.88452088,0.0,0.15646482,0.0,700,SUCCESS
svmguide1,CVXOPT,False,0.01,0.0,Screening,25,8.95129338,0.84789644,0.92947248,0.88452088,0.49342105,0.15538073,0.00262117,900,SUCCESS
svmguide1,CVXOPT,False,0.01,0.05,Baseline,25,9.66626979,0.83333333,0.92691514,0.88037166,0.0,0.19719768,0.0,475,SUCCESS
svmguide1,CVXOPT,False,0.01,0.05,Screening,25,9.66630002,0.83333333,0.92669725,0.88037166,0.46052632,0.06798005,0.00404501,0,SUCCESS
svmguide1,CVXOPT,False,0.05,0.0,Baseline,25,38.79154469,0.84951456,0.93202982,0.88699878,0.0,0.1895535,0.0,875,SUCCESS
svmguide1,CVXOPT,False,0.05,0.0,Screening,25,38.79156104,0.85113269,0.93207569,0.88807786,0.57894737,0.04987431,0.00256729,150,SUCCESS
svmguide1,CVXOPT,False,0.05,0.05,Baseline,25,43.35211089,0.85436893,0.93388761,0.89260143,0.0,0.14377475,0.0,600,SUCCESS
svmguide1,CVXOPT,False,0.05,0.05,Screening,25,43.35223131,0.85436893,0.93381881,0.89260143,0.54048583,0.05658197,0.002527,175,SUCCESS
svmguide1,CVXOPT,False,0.1,0.0,Baseline,25,74.72473675,0.84951456,0.93100917,0.88504326,0.0,0.54217076,0.0,2625,SUCCESS
svmguide1,CVXOPT,False,0.1,0.0,Screening,25,74.72473455,0.84951456,0.93100917,0.88504326,0.60374494,0.21973491,0.00475883,975,SUCCESS
svmguide1,CVXOPT,False,0.1,0.05,Baseline,25,84.57511358,0.85760518,0.93324541,0.89215686,0.0,0.73553276,0.0,3300,SUCCESS
svmguide1,CVXOPT,False,0.1,0.05,Screening,25,84.57511328,0.85760518,0.93324541,0.89215686,0.55668016,0.13409114,0.0025754,850,SUCCESS
svmguide1,CVXOPT,False,0.01,0.0,Baseline,26,8.96419751,0.84627832,0.93204128,0.88428745,0.0,0.27773595,0.0,1325,SUCCESS
svmguide1,CVXOPT,False,0.01,0.0,Screening,26,8.96421441,0.84627832,0.93205275,0.88428745,0.49038462,0.06247282,0.00273323,200,SUCCESS
svmguide1,CVXOPT,False,0.01,0.05,Baseline,26,9.67563587,0.82686084,0.92912844,0.8760139,0.0,1.4321804,0.0,4300,SUCCESS
svmguide1,CVXOPT,False,0.01,0.05,Screening,26,9.67563588,0.82686084,0.92912844,0.8760139,0.46204453,0.20862007,0.00349021,1350,SUCCESS
svmguide1,CVXOPT,False,0.05,0.0,Baseline,26,38.97381251,0.86407767,0.93795872,0.89420655,0.0,1.40402174,0.0,7050,SUCCESS
svmguide1,CVXOPT,False,0.05,0.0,Screening,26,38.97387998,0.86407767,0.93788991,0.89420655,0.57742915,0.08124065,0.00397086,125,SUCCESS
svmguide1,CVXOPT,False,0.05,0.05,Baseline,26,43.47028733,0.84951456,0.93694954,0.88835534,0.0,1.45663047,0.0,4500,SUCCESS
svmguide1,CVXOPT,False,0.05,0.05,Screening,26,43.47028733,0.84951456,0.93694954,0.88835534,0.54048583,0.15968275,0.0026474,1000,SUCCESS
svmguide1,CVXOPT,False,0.1,0.0,Baseline,26,75.1159707,0.85436893,0.93883028,0.8923445,0.0,1.82778525,0.0,9075,SUCCESS
svmguide1,CVXOPT,False,0.1,0.0,Screening,26,75.1159707,0.85436893,0.93883028,0.8923445,0.6007085,0.16044188,0.00338507,1375,SUCCESS
svmguide1,CVXOPT,False,0.1,0.05,Baseline,26,84.92118028,0.86084142,0.93969037,0.89434889,0.0,0.67960238,0.0,3075,SUCCESS
svmguide1,CVXOPT,False,0.1,0.05,Screening,26,84.92165371,0.86084142,0.93974771,0.89434889,0.55769231,0.09082627,0.00376821,150,SUCCESS
svmguide1,CVXOPT,False,0.01,0.0,Baseline,27,9.13420164,0.84304207,0.93888761,0.86802721,0.0,0.35329723,0.0,1050,SUCCESS
svmguide1,CVXOPT,False,0.01,0.0,Screening,27,9.1342613,0.84142395,0.93876147,0.86684783,0.48380567,0.05675077,0.00255799,175,SUCCESS
svmguide1,CVXOPT,False,0.01,0.05,Baseline,27,9.85362308,0.83656958,0.93355505,0.86369771,0.0,0.11495304,0.0,450,SUCCESS
svmguide1,CVXOPT,False,0.01,0.05,Screening,27,9.85363924,0.83656958,0.93356651,0.86369771,0.451417,0.04282761,0.00289559,0,SUCCESS
svmguide1,CVXOPT,False,0.05,0.0,Baseline,27,39.8679887,0.87864078,0.94691514,0.90396927,0.0,0.22620821,0.0,600,SUCCESS
svmguide1,CVXOPT,False,0.05,0.0,Screening,27,39.86804392,0.87864078,0.94692661,0.90396927,0.57034413,0.06961751,0.00455761,0,SUCCESS
svmguide1,CVXOPT,False,0.05,0.05,Baseline,27,44.38289009,0.86245955,0.94544725,0.89060489,0.0,0.45056343,0.0,2150,SUCCESS
svmguide1,CVXOPT,False,0.05,0.05,Screening,27,44.38288992,0.86245955,0.94544725,0.89060489,0.5298583,0.12524748,0.00266886,725,SUCCESS
svmguide1,CVXOPT,False,0.1,0.0,Baseline,27,77.02855526,0.88673139,0.94744266,0.91094148,0.0,0.55921459,0.0,2600,SUCCESS
svmguide1,CVXOPT,False,0.1,0.0,Screening,27,77.0285553,0.88673139,0.94744266,0.91094148,0.59311741,0.11833787,0.00257349,825,SUCCESS
svmguide1,CVXOPT,False,0.1,0.05,Baseline,27,86.76230776,0.87378641,0.94643349,0.89974293,0.0,1.27024698,0.0,3950,SUCCESS
svmguide1,CVXOPT,False,0.1,0.05,Screening,27,86.76230639,0.87378641,0.94643349,0.89974293,0.54757085,0.1268959,0.00262403,725,SUCCESS
svmguide1,CVXOPT,False,0.01,0.0,Baseline,28,8.88375977,0.85275081,0.93067661,0.88888889,0.0,0.11536765,0.0,450,SUCCESS
svmguide1,CVXOPT,False,0.01,0.0,Screening,28,8.88376671,0.85436893,0.93059633,0.8902439,0.49493927,0.06024694,0.00417733,175,SUCCESS
svmguide1,CVXOPT,False,0.01,0.05,Baseline,28,9.60584672,0.83333333,0.92659404,0.88174512,0.0,0.7898128,0.0,2325,SUCCESS
svmguide1,CVXOPT,False,0.01,0.05,Screening,28,9.60584659,0.83333333,0.92659404,0.88174512,0.46305668,0.16619968,0.0025816,975,SUCCESS
svmguide1,CVXOPT,False,0.05,0.0,Baseline,28,38.19292828,0.85275081,0.93388761,0.88888889,0.0,0.31105733,0.0,1375,SUCCESS
svmguide1,CVXOPT,False,0.05,0.0,Screening,28,38.19292814,0.85275081,0.93388761,0.88888889,0.58451417,0.10549307,0.00257921,650,SUCCESS
svmguide1,CVXOPT,False,0.05,0.05,Baseline,28,42.85209684,0.85598706,0.93425459,0.89212121,0.0,2.21395254,0.0,6700,SUCCESS
svmguide1,CVXOPT,False,0.05,0.05,Screening,28,42.85209637,0.85598706,0.93425459,0.89212121,0.54251012,0.13075328,0.00272083,775,SUCCESS
svmguide1,CVXOPT,False,0.1,0.0,Baseline,28,73.31793595,0.84951456,0.93316514,0.88532676,0.0,0.64284134,0.0,3050,SUCCESS
svmguide1,CVXOPT,False,0.1,0.0,Screening,28,73.31845961,0.84627832,0.93313073,0.88456865,0.60931174,0.03800082,0.0024507,0,SUCCESS
svmguide1,CVXOPT,False,0.1,0.05,Baseline,28,83.41417511,0.85436893,0.93459862,0.8902439,0.0,1.55469155,0.0,7525,SUCCESS
svmguide1,CVXOPT,False,0.1,0.05,Screening,28,83.41417568,0.85436893,0.93459862,0.8902439,0.56275304,0.25230527,0.00424409,1150,SUCCESS
svmguide1,CVXOPT,False,0.01,0.0,Baseline,29,9.00404188,0.84304207,0.93383028,0.88327316,0.0,0.23974371,0.0,725,SUCCESS
svmguide1,CVXOPT,False,0.01,0.0,Screening,29,9.00404188,0.84304207,0.93383028,0.88327316,0.49038462,0.13779426,0.00264359,850,SUCCESS
svmguide1,CVXOPT,False,0.01,0.05,Baseline,29,9.71711767,0.83333333,0.93010321,0.8772348,0.0,0.25276423,0.0,1075,SUCCESS
svmguide1,CVXOPT,False,0.01,0.05,Screening,29,9.71711767,0.83333333,0.93010321,0.8772348,0.45698381,0.14401507,0.00272393,800,SUCCESS
svmguide1,CVXOPT,False,0.05,0.0,Baseline,29,39.32749391,0.86569579,0.94384174,0.89714994,0.0,0.14129734,0.0,600,SUCCESS
svmguide1,CVXOPT,False,0.05,0.0,Screening,29,39.32749398,0.86569579,0.94384174,0.89714994,0.576417,0.18323445,0.00413203,700,SUCCESS
svmguide1,CVXOPT,False,0.05,0.05,Baseline,29,43.74391741,0.86245955,0.94115826,0.89440994,0.0,0.82566452,0.0,3925,SUCCESS
svmguide1,CVXOPT,False,0.05,0.05,Screening,29,43.74398511,0.86245955,0.94134174,0.89440994,0.53491903,0.06410766,0.00259137,225,SUCCESS
svmguide1,CVXOPT,False,0.1,0.0,Baseline,29,75.88761354,0.86731392,0.94415138,0.89775561,0.0,0.47900891,0.0,2350,SUCCESS
svmguide1,CVXOPT,False,0.1,0.0,Screening,29,75.88761102,0.86731392,0.94415138,0.89775561,0.59817814,0.11184072,0.00259042,775,SUCCESS
svmguide1,CVXOPT,False,0.1,0.05,Baseline,29,85.53886888,0.86731392,0.9440711,0.8975,0.0,0.57029867,0.0,2650,SUCCESS
svmguide1,CVXOPT,False,0.1,0.05,Screening,29,85.53886861,0.86731392,0.9440711,0.8975,0.55465587,0.18440843,0.00441623,650,SUCCESS
svmguide1,CVXOPT,False,0.01,0.0,Baseline,30,8.9868117,0.84142395,0.93806193,0.88361045,0.0,0.16676998,0.0,450,SUCCESS
svmguide1,CVXOPT,False,0.01,0.0,Screening,30,8.98685192,0.83980583,0.93787844,0.88256228,0.48937247,0.05968714,0.00265861,200,SUCCESS
svmguide1,CVXOPT,False,0.01,0.05,Baseline,30,9.71112271,0.83333333,0.93550459,0.8786808,0.0,0.11537719,0.0,450,SUCCESS
svmguide1,CVXOPT,False,0.01,0.05,Screening,30,9.71113097,0.83333333,0.93553899,0.8786808,0.45799595,0.06635141,0.00261593,225,SUCCESS
svmguide1,CVXOPT,False,0.05,0.0,Baseline,30,38.83060708,0.83171521,0.94011468,0.87850467,0.0,0.16972804,0.0,700,SUCCESS
svmguide1,CVXOPT,False,0.05,0.0,Screening,30,38.83060691,0.83171521,0.94012615,0.87850467,0.5784413,0.16452646,0.00410676,675,SUCCESS
svmguide1,CVXOPT,False,0.05,0.05,Baseline,30,43.45624904,0.85436893,0.94198394,0.89104116,0.0,0.26189518,0.0,700,SUCCESS
svmguide1,CVXOPT,False,0.05,0.05,Screening,30,43.45632463,0.85436893,0.94204128,0.89104116,0.53593117,0.06249166,0.0025425,225,SUCCESS
svmguide1,CVXOPT,False,0.1,0.0,Baseline,30,74.62410814,0.83980583,0.93975917,0.88284024,0.0,0.87888312,0.0,4400,SUCCESS
svmguide1,CVXOPT,False,0.1,0.0,Screening,30,74.62410746,0.83980583,0.93975917,0.88284024,0.60121457,0.11298823,0.0025816,800,SUCCESS
svmguide1,CVXOPT,False,0.1,0.05,Baseline,30,84.76551687,0.86569579,0.94158257,0.8986569,0.0,1.0011251,0.0,4825,SUCCESS
svmguide1,CVXOPT,False,0.1,0.05,Screening,30,84.7655165,0.86569579,0.94158257,0.8986569,0.55668016,0.20651746,0.00388122,775,SUCCESS
svmguide1,CVXOPT,True,0.01,0.0,Baseline,1,9.09937937,0.82847896,0.92922018,0.87529412,0.0,0.28000784,0.0,825,SUCCESS
svmguide1,CVXOPT,True,0.01,0.0,Screening,1,9.09937943,0.82847896,0.92922018,0.87529412,0.48481781,0.16372585,0.00262356,1125,SUCCESS
svmguide1,CVXOPT,True,0.01,0.05,Baseline,1,9.82051572,0.82524272,0.92666284,0.87323944,0.0,0.16413951,0.0,625,SUCCESS
svmguide1,CVXOPT,True,0.01,0.05,Screening,1,9.82051574,0.82524272,0.92666284,0.87323944,0.45445344,0.13022375,0.00275135,625,SUCCESS
svmguide1,CVXOPT,True,0.05,0.0,Baseline,1,39.26780068,0.84789644,0.93139908,0.88395062,0.0,0.20285535,0.0,825,SUCCESS
svmguide1,CVXOPT,True,0.05,0.0,Screening,1,39.26780064,0.84789644,0.93139908,0.88395062,0.57439271,0.09745288,0.0026691,525,SUCCESS
svmguide1,CVXOPT,True,0.05,0.05,Baseline,1,44.02804353,0.83980583,0.93440367,0.88256228,0.0,0.29173923,0.0,800,SUCCESS
svmguide1,CVXOPT,True,0.05,0.05,Screening,1,44.02860485,0.8381877,0.93450688,0.88123515,0.53036437,0.08858514,0.00417137,175,SUCCESS
svmguide1,CVXOPT,True,0.1,0.0,Baseline,1,75.55819232,0.85113269,0.93094037,0.88669951,0.0,0.57752657,0.0,2825,SUCCESS
svmguide1,CVXOPT,True,0.1,0.0,Screening,1,75.55819096,0.85113269,0.93094037,0.88669951,0.59767206,0.17110181,0.00257945,1325,SUCCESS
svmguide1,CVXOPT,True,0.1,0.05,Baseline,1,85.80013178,0.85760518,0.93329128,0.89,0.0,1.25414681,0.0,6125,SUCCESS
svmguide1,CVXOPT,True,0.1,0.05,Screening,1,85.8004838,0.83333333,0.93336009,0.87635054,0.54908907,0.0415616,0.00257587,0,SUCCESS
svmguide1,CVXOPT,True,0.01,0.0,Baseline,2,8.96955566,0.83656958,0.91605505,0.87001287,0.0,0.21176124,0.0,900,SUCCESS
svmguide1,CVXOPT,True,0.01,0.0,Screening,2,8.96955566,0.83656958,0.91605505,0.87001287,0.49493927,0.19357061,0.00443435,700,SUCCESS
svmguide1,CVXOPT,True,0.01,0.05,Baseline,2,9.66421673,0.83171521,0.91347477,0.87735849,0.0,0.22128272,0.0,950,SUCCESS
svmguide1,CVXOPT,True,0.01,0.05,Screening,2,9.66421671,0.83171521,0.91347477,0.87735849,0.4645749,0.14448023,0.00266933,800,SUCCESS
svmguide1,CVXOPT,True,0.05,0.0,Baseline,2,39.08365494,0.8592233,0.92834862,0.89111389,0.0,0.17644906,0.0,800,SUCCESS
svmguide1,CVXOPT,True,0.05,0.0,Screening,2,39.08365511,0.8592233,0.92836009,0.89111389,0.57692308,0.10468483,0.00273776,625,SUCCESS
svmguide1,CVXOPT,True,0.05,0.05,Baseline,2,43.57785773,0.85598706,0.92450688,0.89079755,0.0,1.17667222,0.0,5675,SUCCESS
svmguide1,CVXOPT,True,0.05,0.05,Screening,2,43.57785784,0.85598706,0.92450688,0.89079755,0.53795547,0.19831371,0.00400209,750,SUCCESS
svmguide1,CVXOPT,True,0.1,0.0,Baseline,2,75.31767692,0.86084142,0.92926606,0.89223058,0.0,0.29700446,0.0,925,SUCCESS
svmguide1,CVXOPT,True,0.1,0.0,Screening,2,75.31767676,0.86084142,0.92926606,0.89223058,0.59969636,0.09496784,0.00275946,550,SUCCESS
svmguide1,CVXOPT,True,0.1,0.05,Baseline,2,85.1397498,0.85760518,0.92569954,0.89108911,0.0,0.1834023,0.0,775,SUCCESS
svmguide1,CVXOPT,True,0.1,0.05,Screening,2,85.13975018,0.85760518,0.92569954,0.89108911,0.55566802,0.13357329,0.00261784,850,SUCCESS
svmguide1,CVXOPT,True,0.01,0.0,Baseline,3,9.04125866,0.85760518,0.93912844,0.88717949,0.0,0.22915936,0.0,650,SUCCESS
svmguide1,CVXOPT,True,0.01,0.0,Screening,3,9.0412586,0.85760518,0.93912844,0.88717949,0.48582996,0.20258093,0.00494409,775,SUCCESS
svmguide1,CVXOPT,True,0.01,0.05,Baseline,3,9.77058038,0.84466019,0.93669725,0.87467363,0.0,0.33048964,0.0,1550,SUCCESS
svmguide1,CVXOPT,True,0.01,0.05,Screening,3,9.77059135,0.84466019,0.93652523,0.87467363,0.45445344,0.06368947,0.00277376,200,SUCCESS
svmguide1,CVXOPT,True,0.05,0.0,Baseline,3,38.88144148,0.88187702,0.94413991,0.90909091,0.0,0.36025906,0.0,1725,SUCCESS
svmguide1,CVXOPT,True,0.05,0.0,Screening,3,38.88144129,0.88187702,0.94413991,0.90909091,0.57793522,0.10822845,0.0026238,650,SUCCESS
svmguide1,CVXOPT,True,0.05,0.05,Baseline,3,43.63447093,0.88673139,0.94527523,0.91139241,0.0,0.18245745,0.0,800,SUCCESS
svmguide1,CVXOPT,True,0.05,0.05,Screening,3,43.63447082,0.88673139,0.94527523,0.91139241,0.53289474,0.19180155,0.00459766,750,SUCCESS
svmguide1,CVXOPT,True,0.1,0.0,Baseline,3,74.66857216,0.87540453,0.94372706,0.90505549,0.0,0.77774477,0.0,3875,SUCCESS
svmguide1,CVXOPT,True,0.1,0.0,Screening,3,74.66857218,0.87540453,0.94372706,0.90505549,0.60273279,0.12427592,0.00251508,975,SUCCESS
svmguide1,CVXOPT,True,0.1,0.05,Baseline,3,84.95094461,0.88349515,0.94553899,0.90909091,0.0,1.65816379,0.0,8125,SUCCESS
svmguide1,CVXOPT,True,0.1,0.05,Screening,3,84.95094476,0.88349515,0.94553899,0.90909091,0.5541498,0.14463973,0.00268006,850,SUCCESS
svmguide1,CVXOPT,True,0.01,0.0,Baseline,4,9.12163698,0.8381877,0.93263761,0.88235294,0.0,0.13560343,0.0,600,SUCCESS
svmguide1,CVXOPT,True,0.01,0.0,Screening,4,9.121652,0.8381877,0.93264908,0.88235294,0.48380567,0.09529781,0.0042417,225,SUCCESS
svmguide1,CVXOPT,True,0.01,0.05,Baseline,4,9.8526391,0.84466019,0.93104358,0.88571429,0.0,0.15342927,0.0,625,SUCCESS
svmguide1,CVXOPT,True,0.01,0.05,Screening,4,9.85263929,0.84466019,0.93099771,0.88571429,0.45394737,0.46820045,0.00265694,3800,SUCCESS
svmguide1,CVXOPT,True,0.05,0.0,Baseline,4,39.40550566,0.85436893,0.93626147,0.8907767,0.0,0.21456599,0.0,950,SUCCESS
svmguide1,CVXOPT,True,0.05,0.0,Screening,4,39.40566743,0.85436893,0.93626147,0.8907767,0.57287449,0.0662508,0.00451326,125,SUCCESS
svmguide1,CVXOPT,True,0.05,0.05,Baseline,4,44.13755625,0.85760518,0.93708716,0.89268293,0.0,0.7396903,0.0,3500,SUCCESS
svmguide1,CVXOPT,True,0.05,0.05,Screening,4,44.13755506,0.85760518,0.93708716,0.89268293,0.53087045,0.22926974,0.00475454,925,SUCCESS
svmguide1,CVXOPT,True,0.1,0.0,Baseline,4,75.7976295,0.85598706,0.93661697,0.89159562,0.0,1.85019898,0.0,9025,SUCCESS
svmguide1,CVXOPT,True,0.1,0.0,Screening,4,75.79762957,0.85598706,0.93661697,0.89159562,0.59716599,0.16691279,0.00245237,1475,SUCCESS
svmguide1,CVXOPT,True,0.1,0.05,Baseline,4,86.08032925,0.86084142,0.93858945,0.89563107,0.0,0.46071458,0.0,2150,SUCCESS
svmguide1,CVXOPT,True,0.1,0.05,Screening,4,86.08032868,0.86084142,0.93858945,0.89563107,0.54959514,0.12127042,0.00252414,700,SUCCESS
svmguide1,CVXOPT,True,0.01,0.0,Baseline,5,8.97558263,0.83171521,0.92100917,0.875,0.0,0.11653686,0.0,475,SUCCESS
svmguide1,CVXOPT,True,0.01,0.0,Screening,5,8.97558891,0.83171521,0.92105505,0.875,0.49291498,0.06111765,0.00415111,0,SUCCESS
svmguide1,CVXOPT,True,0.01,0.05,Baseline,5,9.67924949,0.82524272,0.91715596,0.86699507,0.0,0.10505891,0.0,400,SUCCESS
svmguide1,CVXOPT,True,0.01,0.05,Screening,5,9.67925291,0.82524272,0.91723624,0.86699507,0.46609312,0.06937909,0.00272965,275,SUCCESS
svmguide1,CVXOPT,True,0.05,0.0,Baseline,5,38.98667891,0.85113269,0.92799312,0.88613861,0.0,1.1080482,0.0,5575,SUCCESS
svmguide1,CVXOPT,True,0.05,0.0,Screening,5,38.98681107,0.85113269,0.9281422,0.88613861,0.57692308,0.05060387,0.00272346,150,SUCCESS
svmguide1,CVXOPT,True,0.05,0.05,Baseline,5,43.51145699,0.84142395,0.92652523,0.87780549,0.0,1.97226906,0.0,8950,SUCCESS
svmguide1,CVXOPT,True,0.05,0.05,Screening,5,43.51164153,0.84304207,0.92677752,0.87890137,0.53744939,0.05651307,0.00269318,175,SUCCESS
svmguide1,CVXOPT,True,0.1,0.0,Baseline,5,75.14722209,0.85436893,0.93020642,0.88861386,0.0,0.20835948,0.0,925,SUCCESS
svmguide1,CVXOPT,True,0.1,0.0,Screening,5,75.14722192,0.85275081,0.93020642,0.88751545,0.60020243,0.18201661,0.00418973,800,SUCCESS
svmguide1,CVXOPT,True,0.1,0.05,Baseline,5,84.94447286,0.83980583,0.92743119,0.8754717,0.0,1.24663734,0.0,6050,SUCCESS
svmguide1,CVXOPT,True,0.1,0.05,Screening,5,84.94447124,0.83980583,0.92743119,0.8754717,0.55364372,0.18303156,0.00257373,1425,SUCCESS
svmguide1,CVXOPT,True,0.01,0.0,Baseline,6,8.96766427,0.84789644,0.93502294,0.88480392,0.0,0.18068051,0.0,825,SUCCESS
svmguide1,CVXOPT,True,0.01,0.0,Screening,6,8.9676643,0.84789644,0.93502294,0.88480392,0.4944332,0.148911,0.00265431,825,SUCCESS
svmguide1,CVXOPT,True,0.01,0.05,Baseline,6,9.67714334,0.83495146,0.93292431,0.87971698,0.0,0.70917702,0.0,2000,SUCCESS
svmguide1,CVXOPT,True,0.01,0.05,Screening,6,9.67714334,0.83495146,0.93291284,0.87971698,0.46356275,0.13467503,0.00256491,725,SUCCESS
svmguide1,CVXOPT,True,0.05,0.0,Baseline,6,38.95752176,0.8381877,0.93576835,0.87775061,0.0,0.16536975,0.0,650,SUCCESS
svmguide1,CVXOPT,True,0.05,0.0,Screening,6,38.95752187,0.8381877,0.93576835,0.87775061,0.57742915,0.1256392,0.00256753,850,SUCCESS
svmguide1,CVXOPT,True,0.05,0.05,Baseline,6,43.52533205,0.85760518,0.93686927,0.89242054,0.0,0.36023569,0.0,1650,SUCCESS
svmguide1,CVXOPT,True,0.05,0.05,Screening,6,43.52533251,0.85760518,0.93686927,0.89242054,0.53997976,0.14169097,0.00274491,750,SUCCESS
svmguide1,CVXOPT,True,0.1,0.0,Baseline,6,74.93198054,0.8381877,0.93488532,0.87714988,0.0,1.08009338,0.0,3375,SUCCESS
svmguide1,CVXOPT,True,0.1,0.0,Screening,6,74.93198016,0.8381877,0.93488532,0.87714988,0.60121457,0.19839001,0.00485802,950,SUCCESS
svmguide1,CVXOPT,True,0.1,0.05,Baseline,6,84.97159908,0.85436893,0.93707569,0.88721805,0.0,0.7220242,0.0,3425,SUCCESS
svmguide1,CVXOPT,True,0.1,0.05,Screening,6,84.97159829,0.85436893,0.93707569,0.88721805,0.55516194,0.12385082,0.00264907,750,SUCCESS
svmguide1,CVXOPT,True,0.01,0.0,Baseline,7,8.9353552,0.82524272,0.92174312,0.86924939,0.0,0.13515162,0.0,575,SUCCESS
svmguide1,CVXOPT,True,0.01,0.0,Screening,7,8.93540768,0.82524272,0.92183486,0.86924939,0.49493927,0.05907702,0.0026443,200,SUCCESS
svmguide1,CVXOPT,True,0.01,0.05,Baseline,7,9.64452171,0.81229773,0.91741972,0.8592233,0.0,0.63784719,0.0,1750,SUCCESS
svmguide1,CVXOPT,True,0.01,0.05,Screening,7,9.64452178,0.81229773,0.91741972,0.8592233,0.46305668,0.20678067,0.00393224,675,SUCCESS
svmguide1,CVXOPT,True,0.05,0.0,Baseline,7,38.83422303,0.84951456,0.93389908,0.88754534,0.0,0.26325631,0.0,1225,SUCCESS
svmguide1,CVXOPT,True,0.05,0.0,Screening,7,38.83422301,0.84951456,0.93389908,0.88754534,0.57945344,0.17402816,0.00256443,1325,SUCCESS
svmguide1,CVXOPT,True,0.05,0.05,Baseline,7,43.29393943,0.83656958,0.92854358,0.87576876,0.0,1.60866094,0.0,7800,SUCCESS
svmguide1,CVXOPT,True,0.05,0.05,Screening,7,43.29393957,0.83656958,0.92854358,0.87576876,0.54200405,0.14507747,0.00263643,950,SUCCESS
svmguide1,CVXOPT,True,0.1,0.0,Baseline,7,74.78916398,0.85436893,0.93550459,0.8902439,0.0,3.13154578,0.0,10400,SUCCESS
svmguide1,CVXOPT,True,0.1,0.0,Screening,7,74.7891639,0.85436893,0.93550459,0.8902439,0.60222672,0.1613574,0.00250244,1225,SUCCESS
svmguide1,CVXOPT,True,0.1,0.05,Baseline,7,84.57755388,0.83980583,0.93050459,0.87701863,0.0,0.22063398,0.0,950,SUCCESS
svmguide1,CVXOPT,True,0.1,0.05,Screening,7,84.57755382,0.83980583,0.93050459,0.87701863,0.55718623,0.11901212,0.00255585,725,SUCCESS
svmguide1,CVXOPT,True,0.01,0.0,Baseline,8,9.07406092,0.85760518,0.93922018,0.88746803,0.0,0.12498522,0.0,500,SUCCESS
svmguide1,CVXOPT,True,0.01,0.0,Screening,8,9.07408296,0.85760518,0.93908257,0.88746803,0.48532389,0.04593849,0.00277662,0,SUCCESS
svmguide1,CVXOPT,True,0.01,0.05,Baseline,8,9.80681102,0.85113269,0.93905963,0.88295165,0.0,0.25174618,0.0,650,SUCCESS
svmguide1,CVXOPT,True,0.01,0.05,Screening,8,9.80683462,0.85113269,0.93891055,0.88295165,0.45445344,0.09995604,0.00398326,200,SUCCESS
svmguide1,CVXOPT,True,0.05,0.0,Baseline,8,39.12279498,0.87216828,0.93799312,0.90062893,0.0,0.53524923,0.0,2650,SUCCESS
svmguide1,CVXOPT,True,0.05,0.0,Screening,8,39.12279452,0.87216828,0.93799312,0.90062893,0.57287449,0.10560846,0.00263643,625,SUCCESS
svmguide1,CVXOPT,True,0.05,0.05,Baseline,8,43.85978196,0.88187702,0.94133028,0.9081761,0.0,0.16609526,0.0,700,SUCCESS
svmguide1,CVXOPT,True,0.05,0.05,Screening,8,43.85978206,0.88187702,0.94133028,0.9081761,0.53137652,0.12191129,0.00274658,625,SUCCESS
svmguide1,CVXOPT,True,0.1,0.0,Baseline,8,75.28078373,0.87055016,0.93682339,0.89873418,0.0,0.66558313,0.0,2975,SUCCESS
svmguide1,CVXOPT,True,0.1,0.0,Screening,8,75.28078335,0.87055016,0.93682339,0.89873418,0.6007085,0.2015419,0.00500345,875,SUCCESS
svmguide1,CVXOPT,True,0.1,0.05,Baseline,8,85.45691137,0.87864078,0.94094037,0.90542245,0.0,0.34964013,0.0,1450,SUCCESS
svmguide1,CVXOPT,True,0.1,0.05,Screening,8,85.45691157,0.87864078,0.9409289,0.90542245,0.5541498,0.12315893,0.00279093,675,SUCCESS
svmguide1,CVXOPT,True,0.01,0.0,Baseline,9,8.93802298,0.84466019,0.92809633,0.87434555,0.0,1.81852555,0.0,9175,SUCCESS
svmguide1,CVXOPT,True,0.01,0.0,Screening,9,8.938023,0.84466019,0.92809633,0.87434555,0.49240891,0.16212368,0.00261307,1100,SUCCESS
svmguide1,CVXOPT,True,0.01,0.05,Baseline,9,9.65333505,0.83495146,0.92533257,0.86507937,0.0,0.32495046,0.0,900,SUCCESS
svmguide1,CVXOPT,True,0.01,0.05,Screening,9,9.65333505,0.83495146,0.92533257,0.86507937,0.46305668,0.15296888,0.00259495,900,SUCCESS
svmguide1,CVXOPT,True,0.05,0.0,Baseline,9,38.69937541,0.84627832,0.93549312,0.87516426,0.0,0.44765091,0.0,2175,SUCCESS
svmguide1,CVXOPT,True,0.05,0.0,Screening,9,38.69937487,0.84627832,0.93549312,0.87516426,0.58046559,0.14090395,0.00297356,1075,SUCCESS
svmguide1,CVXOPT,True,0.05,0.05,Baseline,9,43.25971332,0.84466019,0.93409404,0.87234043,0.0,1.07909846,0.0,5175,SUCCESS
svmguide1,CVXOPT,True,0.05,0.05,Screening,9,43.25971329,0.84466019,0.93409404,0.87234043,0.5409919,0.21262336,0.00420237,875,SUCCESS
svmguide1,CVXOPT,True,0.1,0.0,Baseline,9,74.46519771,0.85760518,0.93490826,0.89346247,0.0,1.1447742,0.0,4250,SUCCESS
svmguide1,CVXOPT,True,0.1,0.0,Screening,9,74.46519666,0.85760518,0.93490826,0.89346247,0.60526316,0.10954046,0.00286365,750,SUCCESS
svmguide1,CVXOPT,True,0.1,0.05,Baseline,9,84.40465118,0.84627832,0.93611239,0.87383798,0.0,0.13761711,0.0,500,SUCCESS
svmguide1,CVXOPT,True,0.1,0.05,Screening,9,84.40465032,0.84627832,0.93611239,0.87383798,0.55921053,0.11720848,0.00280428,675,SUCCESS
svmguide1,CVXOPT,True,0.01,0.0,Baseline,10,9.14344271,0.82686084,0.93102064,0.8771527,0.0,0.26533008,0.0,1250,SUCCESS
svmguide1,CVXOPT,True,0.01,0.0,Screening,10,9.14344269,0.82686084,0.93102064,0.8771527,0.48076923,0.24550366,0.00438023,900,SUCCESS
svmguide1,CVXOPT,True,0.01,0.05,Baseline,10,9.86476091,0.82847896,0.92889908,0.87816092,0.0,0.19503164,0.0,500,SUCCESS
svmguide1,CVXOPT,True,0.01,0.05,Screening,10,9.86481064,0.82847896,0.92923165,0.87788018,0.45394737,0.06586504,0.00272942,200,SUCCESS
svmguide1,CVXOPT,True,0.05,0.0,Baseline,10,39.78819766,0.85275081,0.93548165,0.88639201,0.0,0.80410194,0.0,4050,SUCCESS
svmguide1,CVXOPT,True,0.05,0.0,Screening,10,39.78819675,0.85275081,0.93548165,0.88639201,0.56882591,0.12276626,0.00258374,850,SUCCESS
svmguide1,CVXOPT,True,0.05,0.05,Baseline,10,44.42723608,0.85760518,0.9337156,0.89,0.0,0.9960978,0.0,4775,SUCCESS
svmguide1,CVXOPT,True,0.05,0.05,Screening,10,44.42723571,0.85760518,0.9337156,0.89,0.52935223,0.18769431,0.00418687,625,SUCCESS
svmguide1,CVXOPT,True,0.1,0.0,Baseline,10,76.72047407,0.85598706,0.93520642,0.88805031,0.0,0.90458751,0.0,2900,SUCCESS
svmguide1,CVXOPT,True,0.1,0.0,Screening,10,76.72047222,0.85598706,0.93520642,0.88805031,0.59159919,0.12193513,0.00313711,700,SUCCESS
svmguide1,CVXOPT,True,0.1,0.05,Baseline,10,86.79515852,0.85598706,0.93508028,0.88971499,0.0,0.32945037,0.0,1500,SUCCESS
svmguide1,CVXOPT,True,0.1,0.05,Screening,10,86.79515825,0.85598706,0.93508028,0.88971499,0.54706478,0.13363028,0.00273323,850,SUCCESS
svmguide1,CVXOPT,True,0.01,0.0,Baseline,11,8.99360279,0.84304207,0.94475917,0.88786127,0.0,0.33964419,0.0,1625,SUCCESS
svmguide1,CVXOPT,True,0.01,0.0,Screening,11,8.99363291,0.84304207,0.94483945,0.88786127,0.48684211,0.06049299,0.00264955,200,SUCCESS
svmguide1,CVXOPT,True,0.01,0.05,Baseline,11,9.7277505,0.85436893,0.94275229,0.89361702,0.0,0.25603724,0.0,650,SUCCESS
svmguide1,CVXOPT,True,0.01,0.05,Screening,11,9.72776935,0.85436893,0.94264908,0.89361702,0.45799595,0.06984711,0.00284004,250,SUCCESS
svmguide1,CVXOPT,True,0.05,0.0,Baseline,11,38.80775954,0.88673139,0.95087156,0.91183879,0.0,0.13633704,0.0,600,SUCCESS
svmguide1,CVXOPT,True,0.05,0.0,Screening,11,38.80775893,0.88673139,0.95087156,0.91183879,0.57995951,0.14977837,0.00318623,1025,SUCCESS
svmguide1,CVXOPT,True,0.05,0.05,Baseline,11,43.42703849,0.88349515,0.95094037,0.90954774,0.0,0.40205073,0.0,1875,SUCCESS
svmguide1,CVXOPT,True,0.05,0.05,Screening,11,43.42703849,0.88349515,0.95094037,0.90954774,0.53795547,0.21765971,0.00415349,825,SUCCESS
svmguide1,CVXOPT,True,0.1,0.0,Baseline,11,74.67250895,0.88187702,0.95142202,0.90976514,0.0,0.2919023,0.0,1350,SUCCESS
svmguide1,CVXOPT,True,0.1,0.0,Screening,11,74.67297267,0.88187702,0.95134174,0.90976514,0.60374494,0.05370164,0.00250149,175,SUCCESS
svmguide1,CVXOPT,True,0.1,0.05,Baseline,11,84.6438917,0.88834951,0.95165138,0.91232529,0.0,1.19412041,0.0,5675,SUCCESS
svmguide1,CVXOPT,True,0.1,0.05,Screening,11,84.64389039,0.88834951,0.95163991,0.91232529,0.55566802,0.13749433,0.00263286,925,SUCCESS
svmguide1,CVXOPT,True,0.01,0.0,Baseline,12,9.06191233,0.85275081,0.93436927,0.88227684,0.0,0.13499308,0.0,575,SUCCESS
svmguide1,CVXOPT,True,0.01,0.0,Screening,12,9.0619123,0.85275081,0.93436927,0.88227684,0.48380567,0.19305468,0.00344706,700,SUCCESS
svmguide1,CVXOPT,True,0.01,0.05,Baseline,12,9.80028351,0.84304207,0.93065367,0.87386216,0.0,0.12367201,0.0,500,SUCCESS
svmguide1,CVXOPT,True,0.01,0.05,Screening,12,9.80028341,0.84304207,0.93065367,0.87386216,0.45647773,0.12910581,0.00256872,625,SUCCESS
svmguide1,CVXOPT,True,0.05,0.0,Baseline,12,39.01079934,0.87378641,0.94103211,0.90322581,0.0,0.64500809,0.0,3250,SUCCESS
svmguide1,CVXOPT,True,0.05,0.0,Screening,12,39.01091341,0.87378641,0.94110092,0.90322581,0.57540486,0.05264115,0.00253963,175,SUCCESS
svmguide1,CVXOPT,True,0.05,0.05,Baseline,12,43.7680595,0.86731392,0.94,0.8956743,0.0,0.47254848,0.0,1375,SUCCESS
svmguide1,CVXOPT,True,0.05,0.05,Screening,12,43.76813465,0.86731392,0.94011468,0.8956743,0.53441296,0.04639149,0.00344777,0,SUCCESS
svmguide1,CVXOPT,True,0.1,0.0,Baseline,12,74.95983741,0.86731392,0.9418578,0.89800995,0.0,0.34698653,0.0,1675,SUCCESS
svmguide1,CVXOPT,True,0.1,0.0,Screening,12,74.95983447,0.86731392,0.9418578,0.89800995,0.59868421,0.1078949,0.00284648,725,SUCCESS
svmguide1,CVXOPT,True,0.1,0.05,Baseline,12,85.25006133,0.87055016,0.94068807,0.89821883,0.0,0.59620857,0.0,2725,SUCCESS
svmguide1,CVXOPT,True,0.1,0.05,Screening,12,85.2500618,0.87055016,0.94068807,0.89821883,0.55465587,0.2029438,0.00384641,850,SUCCESS
svmguide1,CVXOPT,True,0.01,0.0,Baseline,13,8.97580057,0.83009709,0.92735092,0.87485101,0.0,0.1832726,0.0,800,SUCCESS
svmguide1,CVXOPT,True,0.01,0.0,Screening,13,8.97580057,0.83009709,0.92735092,0.87485101,0.48937247,0.12669396,0.00259733,700,SUCCESS
svmguide1,CVXOPT,True,0.01,0.05,Baseline,13,9.70186223,0.81391586,0.92182339,0.8661234,0.0,0.67876482,0.0,3050,SUCCESS
svmguide1,CVXOPT,True,0.01,0.05,Screening,13,9.70186222,0.81391586,0.92182339,0.8661234,0.45951417,0.16558933,0.0026052,975,SUCCESS
svmguide1,CVXOPT,True,0.05,0.0,Baseline,13,38.74042649,0.84304207,0.93529817,0.88383234,0.0,0.20846581,0.0,550,SUCCESS
svmguide1,CVXOPT,True,0.05,0.0,Screening,13,38.74055886,0.84304207,0.93538991,0.88383234,0.57793522,0.08859015,0.00395203,175,SUCCESS
svmguide1,CVXOPT,True,0.05,0.05,Baseline,13,43.38604095,0.84142395,0.93385321,0.88361045,0.0,0.36204815,0.0,1625,SUCCESS
svmguide1,CVXOPT,True,0.05,0.05,Screening,13,43.38604056,0.84142395,0.93385321,0.88361045,0.54048583,0.12171245,0.00285864,675,SUCCESS
svmguide1,CVXOPT,True,0.1,0.0,Baseline,13,74.38373665,0.84789644,0.93536697,0.88647343,0.0,0.31200361,0.0,1475,SUCCESS
svmguide1,CVXOPT,True,0.1,0.0,Screening,13,74.38434105,0.84951456,0.93542431,0.88754534,0.60425101,0.05179238,0.00263762,150,SUCCESS
svmguide1,CVXOPT,True,0.1,0.05,Baseline,13,84.6104563,0.84951456,0.93590596,0.88727273,0.0,0.35920358,0.0,925,SUCCESS
svmguide1,CVXOPT,True,0.1,0.05,Screening,13,84.61045628,0.84951456,0.93590596,0.88727273,0.55718623,0.11817455,0.00259376,675,SUCCESS
svmguide1,CVXOPT,True,0.01,0.0,Baseline,14,8.98227073,0.81877023,0.92448394,0.87037037,0.0,0.20761371,0.0,950,SUCCESS
svmguide1,CVXOPT,True,0.01,0.0,Screening,14,8.98230222,0.81877023,0.9243922,0.87037037,0.49392713,0.04002213,0.0028367,0,SUCCESS
svmguide1,CVXOPT,True,0.01,0.05,Baseline,14,9.67052009,0.8171521,0.91915138,0.86936416,0.0,0.16658068,0.0,650,SUCCESS
svmguide1,CVXOPT,True,0.01,0.05,Screening,14,9.67052007,0.8171521,0.91915138,0.86936416,0.46609312,0.24486256,0.00478983,725,SUCCESS
svmguide1,CVXOPT,True,0.05,0.0,Baseline,14,39.14434262,0.84789644,0.93411697,0.8825,0.0,0.11701393,0.0,475,SUCCESS
svmguide1,CVXOPT,True,0.05,0.0,Screening,14,39.1443731,0.84789644,0.9340367,0.8825,0.57591093,0.0419426,0.0026052,0,SUCCESS
svmguide1,CVXOPT,True,0.05,0.05,Baseline,14,43.66823821,0.82686084,0.93232798,0.87307236,0.0,0.37546277,0.0,1675,SUCCESS
svmguide1,CVXOPT,True,0.05,0.05,Screening,14,43.66823786,0.82686084,0.93232798,0.87307236,0.53846154,0.12997127,0.00287366,800,SUCCESS
svmguide1,CVXOPT,True,0.1,0.0,Baseline,14,75.46173817,0.85113269,0.93485092,0.88442211,0.0,0.30184722,0.0,1050,SUCCESS
svmguide1,CVXOPT,True,0.1,0.0,Screening,14,75.46173839,0.85113269,0.93485092,0.88442211,0.59969636,0.16644549,0.00436735,700,SUCCESS
svmguide1,CVXOPT,True,0.1,0.05,Baseline,14,85.28706284,0.83009709,0.93323394,0.87632509,0.0,0.74590373,0.0,3425,SUCCESS
svmguide1,CVXOPT,True,0.1,0.05,Screening,14,85.28706133,0.83009709,0.93324541,0.87632509,0.55212551,0.1410985,0.00262666,975,SUCCESS
svmguide1,CVXOPT,True,0.01,0.0,Baseline,15,8.9619044,0.80420712,0.90533257,0.85847953,0.0,0.11952853,0.0,500,SUCCESS
svmguide1,CVXOPT,True,0.01,0.0,Screening,15,8.96191669,0.80420712,0.90526376,0.85847953,0.49291498,0.06228209,0.00266719,225,SUCCESS
svmguide1,CVXOPT,True,0.01,0.05,Baseline,15,9.67197332,0.80097087,0.89979358,0.86006826,0.0,0.12723398,0.0,475,SUCCESS
svmguide1,CVXOPT,True,0.01,0.05,Screening,15,9.67197328,0.80097087,0.89979358,0.86006826,0.46305668,0.24845648,0.00425816,650,SUCCESS
svmguide1,CVXOPT,True,0.05,0.0,Baseline,15,38.81389319,0.82524272,0.91321101,0.86797066,0.0,0.22230148,0.0,1025,SUCCESS
svmguide1,CVXOPT,True,0.05,0.0,Screening,15,38.81389329,0.82524272,0.91321101,0.86797066,0.57489879,0.13463879,0.00352526,725,SUCCESS
svmguide1,CVXOPT,True,0.05,0.05,Baseline,15,43.44022617,0.81391586,0.91237385,0.86325803,0.0,0.42562962,0.0,2000,SUCCESS
svmguide1,CVXOPT,True,0.05,0.05,Screening,15,43.44022586,0.81391586,0.91237385,0.86325803,0.54048583,0.18643355,0.00389266,675,SUCCESS
svmguide1,CVXOPT,True,0.1,0.0,Baseline,15,74.6713505,0.82686084,0.91420872,0.86806412,0.0,1.68569303,0.0,6050,SUCCESS
svmguide1,CVXOPT,True,0.1,0.0,Screening,15,74.67135054,0.82686084,0.91420872,0.86806412,0.60172065,0.11892867,0.00274372,850,SUCCESS
svmguide1,CVXOPT,True,0.1,0.05,Baseline,15,84.71359169,0.82038835,0.91341743,0.86610374,0.0,0.44146061,0.0,1925,SUCCESS
svmguide1,CVXOPT,True,0.1,0.05,Screening,15,84.71359187,0.82038835,0.91341743,0.86610374,0.55617409,0.13255477,0.00266671,750,SUCCESS
svmguide1,CVXOPT,True,0.01,0.0,Baseline,16,9.01854164,0.8381877,0.93165138,0.88066826,0.0,0.12039328,0.0,500,SUCCESS
svmguide1,CVXOPT,True,0.01,0.0,Screening,16,9.01855521,0.8381877,0.93166284,0.88066826,0.48836032,0.09678078,0.00412488,250,SUCCESS
svmguide1,CVXOPT,True,0.01,0.05,Baseline,16,9.74073737,0.82038835,0.93042431,0.87226697,0.0,0.81158686,0.0,2400,SUCCESS
svmguide1,CVXOPT,True,0.01,0.05,Screening,16,9.7407373,0.82038835,0.93042431,0.87226697,0.45850202,0.18746758,0.00275707,1125,SUCCESS
svmguide1,CVXOPT,True,0.05,0.0,Baseline,16,38.81382273,0.8592233,0.93475917,0.89219331,0.0,0.82112169,0.0,4000,SUCCESS
svmguide1,CVXOPT,True,0.05,0.0,Screening,16,38.81399269,0.8592233,0.93472477,0.89219331,0.57793522,0.05400658,0.00261903,175,SUCCESS
svmguide1,CVXOPT,True,0.05,0.05,Baseline,16,43.53615715,0.85760518,0.93567661,0.89108911,0.0,1.49419403,0.0,7050,SUCCESS
svmguide1,CVXOPT,True,0.05,0.05,Screening,16,43.53620409,0.85760518,0.93567661,0.89108911,0.53694332,0.08511782,0.00398326,150,SUCCESS
svmguide1,CVXOPT,True,0.1,0.0,Baseline,16,74.55699709,0.85598706,0.93373853,0.88971499,0.0,1.54401851,0.0,7900,SUCCESS
svmguide1,CVXOPT,True,0.1,0.0,Screening,16,74.5569965,0.85598706,0.93373853,0.88971499,0.60323887,0.12452483,0.00262046,925,SUCCESS
svmguide1,CVXOPT,True,0.1,0.05,Baseline,16,84.79040255,0.86245955,0.93524083,0.89519112,0.0,0.88444114,0.0,4325,SUCCESS
svmguide1,CVXOPT,True,0.1,0.05,Screening,16,84.79040207,0.86245955,0.93524083,0.89519112,0.55566802,0.23082066,0.00418377,975,SUCCESS
svmguide1,CVXOPT,True,0.01,0.0,Baseline,17,8.99409441,0.83656958,0.92509174,0.87961859,0.0,0.2171638,0.0,600,SUCCESS
svmguide1,CVXOPT,True,0.01,0.0,Screening,17,8.99409441,0.83656958,0.92509174,0.87961859,0.4888664,0.13724041,0.00290084,775,SUCCESS
svmguide1,CVXOPT,True,0.01,0.05,Baseline,17,9.7056377,0.83656958,0.92178899,0.87904192,0.0,0.17964888,0.0,700,SUCCESS
svmguide1,CVXOPT,True,0.01,0.05,Screening,17,9.70565592,0.83656958,0.9218578,0.87904192,0.46153846,0.049474,0.00281549,0,SUCCESS
svmguide1,CVXOPT,True,0.05,0.0,Baseline,17,39.00395891,0.87702265,0.93441514,0.90180879,0.0,0.19585204,0.0,900,SUCCESS
svmguide1,CVXOPT,True,0.05,0.0,Screening,17,39.00395887,0.87702265,0.93441514,0.90180879,0.57742915,0.11444235,0.00307035,700,SUCCESS
svmguide1,CVXOPT,True,0.05,0.05,Baseline,17,43.56351967,0.87216828,0.93147936,0.90037831,0.0,0.76527548,0.0,2275,SUCCESS
svmguide1,CVXOPT,True,0.05,0.05,Screening,17,43.56396799,0.87216828,0.9315367,0.90037831,0.53744939,0.05513906,0.0026412,150,SUCCESS
svmguide1,CVXOPT,True,0.1,0.0,Baseline,17,75.1314182,0.84627832,0.93473624,0.8864994,0.0,1.17465305,0.0,5900,SUCCESS
svmguide1,CVXOPT,True,0.1,0.0,Screening,17,75.13141764,0.84627832,0.93473624,0.8864994,0.59969636,0.11077571,0.00309658,650,SUCCESS
svmguide1,CVXOPT,True,0.1,0.05,Baseline,17,85.0032205,0.84627832,0.93324541,0.88676996,0.0,0.74711084,0.0,3475,SUCCESS
svmguide1,CVXOPT,True,0.1,0.05,Screening,17,85.00337852,0.84627832,0.93336009,0.88676996,0.55516194,0.09507871,0.00396729,225,SUCCESS
svmguide1,CVXOPT,True,0.01,0.0,Baseline,18,9.08020489,0.83495146,0.93154817,0.87710843,0.0,0.21860456,0.0,600,SUCCESS
svmguide1,CVXOPT,True,0.01,0.0,Screening,18,9.08023562,0.83656958,0.93173165,0.87816647,0.48431174,0.07104659,0.00280643,175,SUCCESS
svmguide1,CVXOPT,True,0.01,0.05,Baseline,18,9.79873735,0.84789644,0.92909404,0.87696335,0.0,0.52283478,0.0,2275,SUCCESS
svmguide1,CVXOPT,True,0.01,0.05,Screening,18,9.79876741,0.84627832,0.9291055,0.87282463,0.4534413,0.04270673,0.00266194,0,SUCCESS
svmguide1,CVXOPT,True,0.05,0.0,Baseline,18,39.36874233,0.87540453,0.93990826,0.90410959,0.0,0.31518912,0.0,1475,SUCCESS
svmguide1,CVXOPT,True,0.05,0.0,Screening,18,39.36874212,0.87540453,0.93990826,0.90410959,0.57287449,0.11691356,0.00258231,725,SUCCESS
svmguide1,CVXOPT,True,0.05,0.05,Baseline,18,44.06321133,0.8592233,0.9378555,0.89325153,0.0,1.03481293,0.0,3100,SUCCESS
svmguide1,CVXOPT,True,0.05,0.05,Screening,18,44.06321045,0.8592233,0.9378555,0.89325153,0.53087045,0.26898432,0.00432968,1100,SUCCESS
svmguide1,CVXOPT,True,0.1,0.0,Baseline,18,75.77038568,0.87540453,0.94004587,0.90191083,0.0,1.15897775,0.0,5625,SUCCESS
svmguide1,CVXOPT,True,0.1,0.0,Screening,18,75.7703857,0.87540453,0.94004587,0.90191083,0.59615385,0.14694571,0.00263929,1025,SUCCESS
svmguide1,CVXOPT,True,0.1,0.05,Baseline,18,85.9496625,0.87055016,0.93951835,0.90049751,0.0,0.60487652,0.0,2825,SUCCESS
svmguide1,CVXOPT,True,0.1,0.05,Screening,18,85.94966221,0.87055016,0.93951835,0.90049751,0.54959514,0.23891306,0.00546432,775,SUCCESS
svmguide1,CVXOPT,True,0.01,0.0,Baseline,19,8.83431848,0.8171521,0.90917431,0.85190039,0.0,0.30139136,0.0,850,SUCCESS
svmguide1,CVXOPT,True,0.01,0.0,Screening,19,8.83438875,0.8171521,0.90912844,0.85190039,0.49949393,0.04282379,0.00266266,0,SUCCESS
svmguide1,CVXOPT,True,0.01,0.05,Baseline,19,9.54746883,0.81553398,0.90412844,0.84880637,0.0,0.44910789,0.0,2025,SUCCESS
svmguide1,CVXOPT,True,0.01,0.05,Screening,19,9.54749561,0.81553398,0.90422018,0.84880637,0.46508097,0.07677078,0.00337958,150,SUCCESS
svmguide1,CVXOPT,True,0.05,0.0,Baseline,19,37.9911583,0.84951456,0.92043578,0.88588957,0.0,0.21179318,0.0,825,SUCCESS
svmguide1,CVXOPT,True,0.05,0.0,Screening,19,37.99125536,0.84951456,0.9203555,0.88588957,0.58653846,0.03926778,0.00252509,0,SUCCESS
svmguide1,CVXOPT,True,0.05,0.05,Baseline,19,42.60051365,0.84304207,0.91630734,0.87798742,0.0,1.50951219,0.0,4500,SUCCESS
svmguide1,CVXOPT,True,0.05,0.05,Screening,19,42.60051352,0.84304207,0.91630734,0.87798742,0.54605263,0.13806391,0.00266051,825,SUCCESS
svmguide1,CVXOPT,True,0.1,0.0,Baseline,19,73.00768435,0.83333333,0.92178899,0.86500655,0.0,1.1056056,0.0,5500,SUCCESS
svmguide1,CVXOPT,True,0.1,0.0,Screening,19,73.00778851,0.83333333,0.92174312,0.86500655,0.61133603,0.0388701,0.00253892,0,SUCCESS
svmguide1,CVXOPT,True,0.1,0.05,Baseline,19,82.92794588,0.83333333,0.91978211,0.86571056,0.0,0.46296811,0.0,2175,SUCCESS
svmguide1,CVXOPT,True,0.1,0.05,Screening,19,82.92794498,0.83333333,0.91978211,0.86571056,0.56477733,0.1782105,0.00428176,675,SUCCESS
svmguide1,CVXOPT,True,0.01,0.0,Baseline,20,8.97802304,0.83980583,0.92472477,0.88057901,0.0,0.75192356,0.0,3675,SUCCESS
svmguide1,CVXOPT,True,0.01,0.0,Screening,20,8.97810647,0.83980583,0.92446101,0.88057901,0.48987854,0.04162717,0.00263548,0,SUCCESS
svmguide1,CVXOPT,True,0.01,0.05,Baseline,20,9.68631059,0.83171521,0.92230505,0.87559809,0.0,0.18079162,0.0,775,SUCCESS
svmguide1,CVXOPT,True,0.01,0.05,Screening,20,9.6863106,0.83171521,0.92230505,0.87559809,0.46052632,0.13782144,0.00276852,700,SUCCESS
svmguide1,CVXOPT,True,0.05,0.0,Baseline,20,39.13797481,0.87055016,0.93080275,0.90049751,0.0,1.01141787,0.0,3275,SUCCESS
svmguide1,CVXOPT,True,0.05,0.0,Screening,20,39.13797438,0.87055016,0.93080275,0.90049751,0.57489879,0.22579479,0.00420427,1100,SUCCESS
svmguide1,CVXOPT,True,0.05,0.05,Baseline,20,43.56552285,0.85275081,0.93027523,0.88915956,0.0,0.4270072,0.0,1975,SUCCESS
svmguide1,CVXOPT,True,0.05,0.05,Screening,20,43.56577792,0.85275081,0.9303555,0.88915956,0.53846154,0.05735826,0.0026598,175,SUCCESS
svmguide1,CVXOPT,True,0.1,0.0,Baseline,20,75.47402588,0.86893204,0.93224771,0.89836888,0.0,0.31330538,0.0,1475,SUCCESS
svmguide1,CVXOPT,True,0.1,0.0,Screening,20,75.47402329,0.86893204,0.93224771,0.89836888,0.59919028,0.11872196,0.00278902,800,SUCCESS
svmguide1,CVXOPT,True,0.1,0.05,Baseline,20,85.15423853,0.85598706,0.93048165,0.89106487,0.0,1.94620967,0.0,5950,SUCCESS
svmguide1,CVXOPT,True,0.1,0.05,Screening,20,85.15456381,0.85598706,0.93050459,0.89106487,0.55617409,0.05942535,0.0025394,200,SUCCESS
svmguide1,CVXOPT,True,0.01,0.0,Baseline,21,9.06691649,0.84142395,0.93186927,0.87206266,0.0,0.18436384,0.0,825,SUCCESS
svmguide1,CVXOPT,True,0.01,0.0,Screening,21,9.06694059,0.84142395,0.93184633,0.87206266,0.48684211,0.06376648,0.00259614,250,SUCCESS
svmguide1,CVXOPT,True,0.01,0.05,Baseline,21,9.78231603,0.83009709,0.92876147,0.87776484,0.0,0.15834546,0.0,650,SUCCESS
svmguide1,CVXOPT,True,0.01,0.05,Screening,21,9.782316,0.83009709,0.92876147,0.87776484,0.45850202,0.15357494,0.00266695,875,SUCCESS
svmguide1,CVXOPT,True,0.05,0.0,Baseline,21,39.49892542,0.8592233,0.93974771,0.89056604,0.0,0.66823792,0.0,2050,SUCCESS
svmguide1,CVXOPT,True,0.05,0.0,Screening,21,39.49905331,0.8592233,0.93979358,0.89056604,0.57186235,0.08574462,0.0032835,125,SUCCESS
svmguide1,CVXOPT,True,0.05,0.05,Baseline,21,44.03408515,0.86407767,0.9383945,0.89473684,0.0,0.40696478,0.0,1875,SUCCESS
svmguide1,CVXOPT,True,0.05,0.05,Screening,21,44.03408498,0.86407767,0.9383945,0.89473684,0.53289474,0.14426303,0.00279236,900,SUCCESS
svmguide1,CVXOPT,True,0.1,0.0,Baseline,21,76.22928431,0.86084142,0.94022936,0.89330025,0.0,0.65630507,0.0,3150,SUCCESS
svmguide1,CVXOPT,True,0.1,0.0,Screening,21,76.22928438,0.86084142,0.94024083,0.89330025,0.59716599,0.10794973,0.00278115,625,SUCCESS
svmguide1,CVXOPT,True,0.1,0.05,Baseline,21,86.05292885,0.86407767,0.94008028,0.8960396,0.0,1.72722769,0.0,5625,SUCCESS
svmguide1,CVXOPT,True,0.1,0.05,Screening,21,86.05292983,0.86407767,0.94008028,0.8960396,0.55111336,0.18617964,0.00286055,1475,SUCCESS
svmguide1,CVXOPT,True,0.01,0.0,Baseline,22,8.93982197,0.82524272,0.91261468,0.85900783,0.0,0.15163088,0.0,675,SUCCESS
svmguide1,CVXOPT,True,0.01,0.0,Screening,22,8.93988146,0.82524272,0.91286697,0.85900783,0.49139676,0.03901458,0.00260139,0,SUCCESS
svmguide1,CVXOPT,True,0.01,0.05,Baseline,22,9.64611963,0.80582524,0.9087156,0.85576923,0.0,0.34300494,0.0,1475,SUCCESS
svmguide1,CVXOPT,True,0.01,0.05,Screening,22,9.64615203,0.80582524,0.90861239,0.85576923,0.46002024,0.06864834,0.00438786,0,SUCCESS
svmguide1,CVXOPT,True,0.05,0.0,Baseline,22,38.73997819,0.83656958,0.92571101,0.87637699,0.0,0.27281737,0.0,825,SUCCESS
svmguide1,CVXOPT,True,0.05,0.0,Screening,22,38.7400438,0.8381877,0.92563073,0.87775061,0.57945344,0.05639529,0.00267577,175,SUCCESS
svmguide1,CVXOPT,True,0.05,0.05,Baseline,22,43.30965093,0.84142395,0.92079128,0.87531807,0.0,0.79869246,0.0,3700,SUCCESS
svmguide1,CVXOPT,True,0.05,0.05,Screening,22,43.31019209,0.84142395,0.92083716,0.87531807,0.5409919,0.06205153,0.00302696,175,SUCCESS
svmguide1,CVXOPT,True,0.1,0.0,Baseline,22,74.53472664,0.84466019,0.92837156,0.8817734,0.0,2.47923565,0.0,10925,SUCCESS
svmguide1,CVXOPT,True,0.1,0.0,Screening,22,74.53472568,0.84466019,0.92836009,0.8817734,0.60273279,0.21471381,0.00731659,900,SUCCESS
svmguide1,CVXOPT,True,0.1,0.05,Baseline,22,84.4874856,0.83495146,0.92261468,0.87376238,0.0,0.24823737,0.0,1000,SUCCESS
svmguide1,CVXOPT,True,0.1,0.05,Screening,22,84.48804026,0.83656958,0.92256881,0.87484511,0.55718623,0.05360341,0.00259638,150,SUCCESS
svmguide1,CVXOPT,True,0.01,0.0,Baseline,23,9.16270925,0.86731392,0.93886468,0.89646465,0.0,0.21250629,0.0,950,SUCCESS
svmguide1,CVXOPT,True,0.01,0.0,Screening,23,9.16280723,0.86731392,0.93883028,0.89646465,0.47925101,0.05654335,0.00268912,175,SUCCESS
svmguide1,CVXOPT,True,0.01,0.05,Baseline,23,9.89972453,0.84789644,0.93650229,0.88480392,0.0,0.34588599,0.0,975,SUCCESS
svmguide1,CVXOPT,True,0.01,0.05,Screening,23,9.89972454,0.84789644,0.93650229,0.88480392,0.44888664,0.2494669,0.0034945,800,SUCCESS
svmguide1,CVXOPT,True,0.05,0.0,Baseline,23,39.58853945,0.87055016,0.93981651,0.89690722,0.0,1.22071862,0.0,6150,SUCCESS
svmguide1,CVXOPT,True,0.05,0.0,Screening,23,39.58853951,0.87055016,0.93981651,0.89690722,0.56983806,0.12046981,0.00323105,825,SUCCESS
svmguide1,CVXOPT,True,0.05,0.05,Baseline,23,44.36808589,0.87378641,0.94283257,0.89896373,0.0,0.15481472,0.0,650,SUCCESS
svmguide1,CVXOPT,True,0.05,0.05,Screening,23,44.36808585,0.87378641,0.94283257,0.89896373,0.52732794,0.22065711,0.00548649,650,SUCCESS
svmguide1,CVXOPT,True,0.1,0.0,Baseline,23,76.16026408,0.87055016,0.93963303,0.90049751,0.0,1.21311998,0.0,4225,SUCCESS
svmguide1,CVXOPT,True,0.1,0.0,Screening,23,76.16026224,0.87055016,0.93963303,0.90049751,0.59463563,0.11196589,0.0026598,750,SUCCESS
svmguide1,CVXOPT,True,0.1,0.05,Baseline,23,86.49697574,0.87864078,0.94236239,0.90518331,0.0,1.71837664,0.0,8325,SUCCESS
svmguide1,CVXOPT,True,0.1,0.05,Screening,23,86.49697538,0.87864078,0.94236239,0.90518331,0.54757085,0.13059139,0.002635,800,SUCCESS
svmguide1,CVXOPT,True,0.01,0.0,Baseline,24,9.1803924,0.85598706,0.94922018,0.89566237,0.0,0.21977425,0.0,600,SUCCESS
svmguide1,CVXOPT,True,0.01,0.0,Screening,24,9.18039239,0.85598706,0.94922018,0.89566237,0.48279352,0.1996727,0.00413132,725,SUCCESS
svmguide1,CVXOPT,True,0.01,0.05,Baseline,24,9.90129265,0.85598706,0.94723624,0.89614936,0.0,0.14388084,0.0,600,SUCCESS
svmguide1,CVXOPT,True,0.01,0.05,Screening,24,9.90129268,0.85598706,0.94723624,0.89614936,0.45293522,0.13081408,0.00274491,650,SUCCESS
svmguide1,CVXOPT,True,0.05,0.0,Baseline,24,39.94471884,0.88834951,0.95411697,0.91342535,0.0,0.74552202,0.0,3675,SUCCESS
svmguide1,CVXOPT,True,0.05,0.0,Screening,24,39.94482738,0.88834951,0.95408257,0.91342535,0.56629555,0.06081557,0.00413895,0,SUCCESS
svmguide1,CVXOPT,True,0.05,0.05,Baseline,24,44.55895165,0.88996764,0.95489679,0.91687042,0.0,0.91651654,0.0,2775,SUCCESS
svmguide1,CVXOPT,True,0.05,0.05,Screening,24,44.5590985,0.88996764,0.95491972,0.91687042,0.52732794,0.0600884,0.00275278,175,SUCCESS
svmguide1,CVXOPT,True,0.1,0.0,Baseline,24,77.05346094,0.87702265,0.95369266,0.90686275,0.0,0.77704525,0.0,3850,SUCCESS
svmguide1,CVXOPT,True,0.1,0.0,Screening,24,77.0534592,0.87702265,0.95369266,0.90686275,0.59159919,0.10672688,0.0025425,700,SUCCESS
svmguide1,CVXOPT,True,0.1,0.05,Baseline,24,86.99773616,0.88673139,0.95494266,0.91336634,0.0,1.21766615,0.0,5800,SUCCESS
svmguide1,CVXOPT,True,0.1,0.05,Screening,24,86.99773442,0.88673139,0.95494266,0.91336634,0.54453441,0.30451059,0.00405836,1425,SUCCESS
svmguide1,CVXOPT,True,0.01,0.0,Baseline,25,8.95129339,0.84789644,0.92947248,0.88452088,0.0,0.58453369,0.0,1875,SUCCESS
svmguide1,CVXOPT,True,0.01,0.0,Screening,25,8.95132753,0.84951456,0.92948394,0.88588957,0.49342105,0.05950618,0.00264239,200,SUCCESS
svmguide1,CVXOPT,True,0.01,0.05,Baseline,25,9.66626981,0.83333333,0.92691514,0.88037166,0.0,0.14486456,0.0,600,SUCCESS
svmguide1,CVXOPT,True,0.01,0.05,Screening,25,9.66630489,0.83333333,0.92666284,0.88037166,0.46052632,0.0636313,0.00269103,200,SUCCESS
svmguide1,CVXOPT,True,0.05,0.0,Baseline,25,38.79154434,0.84951456,0.93202982,0.88699878,0.0,0.34832907,0.0,1675,SUCCESS
svmguide1,CVXOPT,True,0.05,0.0,Screening,25,38.79154382,0.84951456,0.93202982,0.88699878,0.57995951,0.20538282,0.00396562,950,SUCCESS
svmguide1,CVXOPT,True,0.05,0.05,Baseline,25,43.35211136,0.85436893,0.93388761,0.89260143,0.0,0.20226002,0.0,875,SUCCESS
svmguide1,CVXOPT,True,0.05,0.05,Screening,25,43.3522313,0.85436893,0.93381881,0.89260143,0.54048583,0.06102276,0.00248766,175,SUCCESS
svmguide1,CVXOPT,True,0.1,0.0,Baseline,25,74.72473824,0.84951456,0.93100917,0.88504326,0.0,0.662462,0.0,3200,SUCCESS
svmguide1,CVXOPT,True,0.1,0.0,Screening,25,74.72473393,0.84951456,0.93100917,0.88504326,0.60273279,0.11092377,0.00264502,775,SUCCESS
svmguide1,CVXOPT,True,0.1,0.05,Baseline,25,84.57511462,0.85760518,0.93324541,0.89215686,0.0,0.8755815,0.0,2575,SUCCESS
svmguide1,CVXOPT,True,0.1,0.05,Screening,25,84.57511326,0.85760518,0.93324541,0.89215686,0.55668016,0.21110225,0.00398397,825,SUCCESS
svmguide1,CVXOPT,True,0.01,0.0,Baseline,26,8.96419751,0.84627832,0.93204128,0.88428745,0.0,0.21085429,0.0,925,SUCCESS
svmguide1,CVXOPT,True,0.01,0.0,Screening,26,8.96419751,0.84627832,0.93202982,0.88428745,0.49089069,0.14213181,0.00262761,900,SUCCESS
svmguide1,CVXOPT,True,0.01,0.05,Baseline,26,9.67563587,0.82686084,0.92912844,0.8760139,0.0,1.07364726,0.0,5175,SUCCESS
svmguide1,CVXOPT,True,0.01,0.05,Screening,26,9.67563589,0.82686084,0.92912844,0.8760139,0.46204453,0.1564784,0.00275469,900,SUCCESS
svmguide1,CVXOPT,True,0.05,0.0,Baseline,26,38.97381295,0.86407767,0.93795872,0.89420655,0.0,1.00666118,0.0,3250,SUCCESS
svmguide1,CVXOPT,True,0.05,0.0,Screening,26,38.97387998,0.86407767,0.93788991,0.89420655,0.57742915,0.05603313,0.00371575,125,SUCCESS
svmguide1,CVXOPT,True,0.05,0.05,Baseline,26,43.47028732,0.84951456,0.93694954,0.88835534,0.0,0.81279182,0.0,3900,SUCCESS
svmguide1,CVXOPT,True,0.05,0.05,Screening,26,43.47028732,0.84951456,0.93694954,0.88835534,0.54048583,0.17611885,0.0027144,1325,SUCCESS
svmguide1,CVXOPT,True,0.1,0.0,Baseline,26,75.11597081,0.85436893,0.93883028,0.8923445,0.0,1.84643674,0.0,9400,SUCCESS
svmguide1,CVXOPT,True,0.1,0.0,Screening,26,75.1159707,0.85436893,0.93883028,0.8923445,0.6007085,0.27862024,0.00413871,1475,SUCCESS
svmguide1,CVXOPT,True,0.1,0.05,Baseline,26,84.92117908,0.86084142,0.93969037,0.89434889,0.0,0.83304906,0.0,2500,SUCCESS
svmguide1,CVXOPT,True,0.1,0.05,Screening,26,84.92117855,0.86084142,0.93969037,0.89434889,0.55769231,0.14010644,0.00268817,925,SUCCESS
svmguide1,CVXOPT,True,0.01,0.0,Baseline,27,9.13420166,0.84304207,0.93888761,0.86802721,0.0,0.37687564,0.0,1800,SUCCESS
svmguide1,CVXOPT,True,0.01,0.0,Screening,27,9.13420166,0.84304207,0.93888761,0.86802721,0.48380567,0.1736269,0.00274324,1075,SUCCESS
svmguide1,CVXOPT,True,0.01,0.05,Baseline,27,9.85362312,0.83656958,0.93355505,0.86369771,0.0,0.14588499,0.0,600,SUCCESS
svmguide1,CVXOPT,True,0.01,0.05,Screening,27,9.85363362,0.83656958,0.93356651,0.86369771,0.451417,0.04319263,0.0026226,0,SUCCESS
svmguide1,CVXOPT,True,0.05,0.0,Baseline,27,39.86798847,0.87864078,0.94691514,0.90396927,0.0,0.28841472,0.0,850,SUCCESS
svmguide1,CVXOPT,True,0.05,0.0,Screening,27,39.8680478,0.87864078,0.94692661,0.90396927,0.57034413,0.06123638,0.0056572,0,SUCCESS
svmguide1,CVXOPT,True,0.05,0.05,Baseline,27,44.38288999,0.86245955,0.94544725,0.89060489,0.0,0.37580156,0.0,1650,SUCCESS
svmguide1,CVXOPT,True,0.05,0.05,Screening,27,44.38289024,0.86245955,0.94544725,0.89060489,0.5298583,0.12721348,0.00249171,600,SUCCESS
svmguide1,CVXOPT,True,0.1,0.0,Baseline,27,77.02855574,0.88673139,0.94744266,0.91094148,0.0,0.19831347,0.0,925,SUCCESS
svmguide1,CVXOPT,True,0.1,0.0,Screening,27,77.02855658,0.88673139,0.94743119,0.91094148,0.59261134,0.14242816,0.0032196,1000,SUCCESS
svmguide1,CVXOPT,True,0.1,0.05,Baseline,27,86.76230629,0.87378641,0.94643349,0.89974293,0.0,1.24539781,0.0,3750,SUCCESS
svmguide1,CVXOPT,True,0.1,0.05,Screening,27,86.7623062,0.87378641,0.94643349,0.89974293,0.54757085,0.13400054,0.0029397,825,SUCCESS
svmguide1,CVXOPT,True,0.01,0.0,Baseline,28,8.88375976,0.85275081,0.93067661,0.88888889,0.0,0.13953543,0.0,600,SUCCESS
svmguide1,CVXOPT,True,0.01,0.0,Screening,28,8.88376288,0.85436893,0.9306078,0.8902439,0.49493927,0.06422853,0.00289512,200,SUCCESS
svmguide1,CVXOPT,True,0.01,0.05,Baseline,28,9.60584662,0.83333333,0.92659404,0.88174512,0.0,0.70820165,0.0,3350,SUCCESS
svmguide1,CVXOPT,True,0.01,0.05,Screening,28,9.60584659,0.83333333,0.92659404,0.88174512,0.46305668,0.17484832,0.00254846,950,SUCCESS
svmguide1,CVXOPT,True,0.05,0.0,Baseline,28,38.19292957,0.85275081,0.93391055,0.88888889,0.0,0.60068345,0.0,1800,SUCCESS
svmguide1,CVXOPT,True,0.05,0.0,Screening,28,38.19292818,0.85275081,0.93388761,0.88888889,0.58451417,0.22162318,0.00439715,850,SUCCESS
svmguide1,CVXOPT,True,0.05,0.05,Baseline,28,42.85209663,0.85598706,0.93424312,0.89212121,0.0,0.99390316,0.0,4825,SUCCESS
svmguide1,CVXOPT,True,0.05,0.05,Screening,28,42.85209612,0.85598706,0.93425459,0.89212121,0.54251012,0.13483953,0.00274324,800,SUCCESS
svmguide1,CVXOPT,True,0.1,0.0,Baseline,28,73.31794016,0.84951456,0.93316514,0.88532676,0.0,1.13312912,0.0,5700,SUCCESS
svmguide1,CVXOPT,True,0.1,0.0,Screening,28,73.31793612,0.84951456,0.93316514,0.88532676,0.60880567,0.20277715,0.00370312,975,SUCCESS
svmguide1,CVXOPT,True,0.1,0.05,Baseline,28,83.41417501,0.85436893,0.93459862,0.8902439,0.0,2.32805824,0.0,8925,SUCCESS
svmguide1,CVXOPT,True,0.1,0.05,Screening,28,83.41417475,0.85436893,0.93459862,0.8902439,0.56275304,0.16008234,0.00271368,1150,SUCCESS
svmguide1,CVXOPT,True,0.01,0.0,Baseline,29,9.00404185,0.84304207,0.93383028,0.88327316,0.0,0.15333128,0.0,675,SUCCESS
svmguide1,CVXOPT,True,0.01,0.0,Screening,29,9.00405562,0.84304207,0.93396789,0.88327316,0.49089069,0.05994844,0.00281453,200,SUCCESS
svmguide1,CVXOPT,True,0.01,0.05,Baseline,29,9.71711763,0.83333333,0.93010321,0.8772348,0.0,0.19550943,0.0,825,SUCCESS
svmguide1,CVXOPT,True,0.01,0.05,Screening,29,9.71714235,0.83333333,0.93018349,0.8772348,0.45647773,0.10568666,0.00470781,200,SUCCESS
svmguide1,CVXOPT,True,0.05,0.0,Baseline,29,39.32749356,0.86569579,0.94384174,0.89714994,0.0,0.27116632,0.0,800,SUCCESS
svmguide1,CVXOPT,True,0.05,0.0,Screening,29,39.32749353,0.86569579,0.94384174,0.89714994,0.576417,0.1055634,0.00285649,625,SUCCESS
svmguide1,CVXOPT,True,0.05,0.05,Baseline,29,43.74391803,0.86245955,0.94115826,0.89440994,0.0,0.63261175,0.0,3000,SUCCESS
svmguide1,CVXOPT,True,0.05,0.05,Screening,29,43.74391717,0.86245955,0.94115826,0.89440994,0.53593117,0.12819648,0.00278616,750,SUCCESS
svmguide1,CVXOPT,True,0.1,0.0,Baseline,29,75.88761129,0.86731392,0.94415138,0.89775561,0.0,0.1662426,0.0,725,SUCCESS
svmguide1,CVXOPT,True,0.1,0.0,Screening,29,75.88761146,0.86731392,0.94415138,0.89775561,0.59817814,0.11646628,0.0026772,750,SUCCESS
svmguide1,CVXOPT,True,0.1,0.05,Baseline,29,85.53886863,0.86731392,0.9440711,0.8975,0.0,0.23438168,0.0,525,SUCCESS
svmguide1,CVXOPT,True,0.1,0.05,Screening,29,85.53886861,0.86731392,0.9440711,0.8975,0.55465587,0.19285917,0.00421286,650,SUCCESS
svmguide1,CVXOPT,True,0.01,0.0,Baseline,30,8.98681166,0.84142395,0.93806193,0.88361045,0.0,0.13091588,0.0,475,SUCCESS
svmguide1,CVXOPT,True,0.01,0.0,Screening,30,8.98685192,0.83980583,0.93787844,0.88256228,0.48937247,0.06170154,0.00261641,200,SUCCESS
svmguide1,CVXOPT,True,0.01,0.05,Baseline,30,9.71112274,0.83333333,0.93550459,0.8786808,0.0,0.18210602,0.0,750,SUCCESS
svmguide1,CVXOPT,True,0.01,0.05,Screening,30,9.71113108,0.83333333,0.93553899,0.8786808,0.45799595,0.07224631,0.00322986,225,SUCCESS
svmguide1,CVXOPT,True,0.05,0.0,Baseline,30,38.83060717,0.83171521,0.94011468,0.87850467,0.0,0.15942025,0.0,700,SUCCESS
svmguide1,CVXOPT,True,0.05,0.0,Screening,30,38.83060673,0.83171521,0.94013761,0.87850467,0.5784413,0.15749931,0.0036912,625,SUCCESS
svmguide1,CVXOPT,True,0.05,0.05,Baseline,30,43.45624889,0.85436893,0.94198394,0.89104116,0.0,0.77037644,0.0,2350,SUCCESS
svmguide1,CVXOPT,True,0.05,0.05,Screening,30,43.4562488,0.85436893,0.94198394,0.89104116,0.53643725,0.11174965,0.0025208,600,SUCCESS
svmguide1,CVXOPT,True,0.1,0.0,Baseline,30,74.62410716,0.83980583,0.93975917,0.88284024,0.0,0.85873771,0.0,4250,SUCCESS
svmguide1,CVXOPT,True,0.1,0.0,Screening,30,74.62410704,0.83980583,0.93975917,0.88284024,0.60121457,0.11471152,0.00264096,750,SUCCESS
svmguide1,CVXOPT,True,0.1,0.05,Baseline,30,84.76551904,0.86569579,0.94158257,0.8986569,0.0,0.29915643,0.0,1350,SUCCESS
svmguide1,CVXOPT,True,0.1,0.05,Screening,30,84.76551635,0.86569579,0.94158257,0.8986569,0.55566802,0.23953533,0.00427437,975,SUCCESS
phishing,SCS,False,0.01,0.0,Baseline,1,11.22361347,0.94075079,0.98538106,0.94689907,0.0,3.59448719,0.0,2175,SUCCESS
phishing,SCS,False,0.01,0.0,Screening,1,11.22361341,0.94075079,0.98538023,0.94689907,0.81710247,1.6221447,0.01648355,5025,SUCCESS
phishing,SCS,False,0.01,0.05,Baseline,1,12.08046373,0.94391678,0.98530563,0.95,0.0,5.15452695,0.0,1925,SUCCESS
phishing,SCS,False,0.01,0.05,Screening,1,12.0804638,0.94391678,0.98530563,0.95,0.804947,1.86621666,0.01603246,5825,SUCCESS
phishing,SCS,False,0.05,0.0,Baseline,1,51.65248952,0.94210764,0.98558083,0.94809408,0.0,9.0482986,0.0,4875,SUCCESS
phishing,SCS,False,0.05,0.0,Screening,1,51.65248824,0.94210764,0.98558166,0.94809408,0.83590106,1.53440022,0.01439071,5675,SUCCESS
phishing,SCS,False,0.05,0.05,Baseline,1,56.15478706,0.9434645,0.98546727,0.94912495,0.0,11.68825626,0.0,6200,SUCCESS
phishing,SCS,False,0.05,0.05,Screening,1,56.15478695,0.9434645,0.98546727,0.94912495,0.82784452,1.28675842,0.01508975,3800,SUCCESS
phishing,SCS,False,0.1,0.0,Baseline,1,101.8107414,0.9434645,0.98578226,0.94969819,0.0,7.31837487,0.0,3900,SUCCESS
phishing,SCS,False,0.1,0.0,Screening,1,101.81074248,0.9434645,0.98578392,0.94969819,0.84268551,1.64252877,0.01572752,6350,SUCCESS
phishing,SCS,False,0.1,0.05,Baseline,1,111.0087817,0.94436906,0.98563139,0.94997967,0.0,33.68668079,0.0,20000,SUCCESS
phishing,SCS,False,0.1,0.05,Screening,1,111.00877616,0.94436906,0.98562974,0.94997967,0.47575972,12.03433347,0.03164744,10425,SUCCESS
phishing,SCS,False,0.01,0.0,Baseline,2,11.15953943,0.93351425,0.98389521,0.94007338,0.0,4.08593583,0.0,1625,SUCCESS
phishing,SCS,False,0.01,0.0,Screening,2,11.15953918,0.93351425,0.98389438,0.94007338,0.81696113,2.16172504,0.04216743,5125,SUCCESS
phishing,SCS,False,0.01,0.05,Baseline,2,12.0194788,0.93306196,0.98367803,0.93949305,0.0,2.52789569,0.0,1475,SUCCESS
phishing,SCS,False,0.01,0.05,Screening,2,12.01947866,0.93306196,0.98367969,0.93949305,0.8029682,1.4424479,0.01990008,3575,SUCCESS
phishing,SCS,False,0.05,0.0,Baseline,2,51.09706456,0.9348711,0.98408918,0.94193548,0.0,6.84213305,0.0,3125,SUCCESS
phishing,SCS,False,0.05,0.0,Screening,2,51.09706205,0.9348711,0.98409,0.94193548,0.84155477,1.5703702,0.01657224,5525,SUCCESS
phishing,SCS,False,0.05,0.05,Baseline,2,55.7248986,0.93396653,0.98380485,0.94065041,0.0,8.1226511,0.0,3675,SUCCESS
phishing,SCS,False,0.05,0.05,Screening,2,55.72489696,0.93396653,0.98380485,0.94065041,0.82501767,1.30203819,0.02031636,3650,SUCCESS
phishing,SCS,False,0.1,0.0,Baseline,2,100.54018814,0.93622795,0.98422346,0.94284556,0.0,11.58008766,0.0,6050,SUCCESS
phishing,SCS,False,0.1,0.0,Screening,2,100.54018523,0.93622795,0.98422429,0.94284556,0.84438163,1.7984755,0.01584029,7225,SUCCESS
phishing,SCS,False,0.1,0.05,Baseline,2,110.03880056,0.93577567,0.98394494,0.94237013,0.0,8.32445002,0.0,3975,SUCCESS
phishing,SCS,False,0.1,0.05,Screening,2,110.03879925,0.93577567,0.98394411,0.94237013,0.83194346,1.02958226,0.01584363,2725,SUCCESS
phishing,SCS,False,0.01,0.0,Baseline,3,11.33859426,0.94120308,0.98695477,0.94791667,0.0,9.15484953,0.0,5100,SUCCESS
phishing,SCS,False,0.01,0.0,Screening,3,11.3385944,0.94120308,0.98695394,0.94791667,0.81738516,1.69195938,0.01495433,5575,SUCCESS
phishing,SCS,False,0.01,0.05,Baseline,3,12.19868243,0.94029851,0.98680557,0.94728435,0.0,5.18665671,0.0,3275,SUCCESS
phishing,SCS,False,0.01,0.05,Screening,3,12.19868237,0.94029851,0.98680805,0.94728435,0.80508834,2.38047218,0.02450895,4375,SUCCESS
phishing,SCS,False,0.05,0.0,Baseline,3,52.30689519,0.93622795,0.98720096,0.94353224,0.0,7.44689512,0.0,4850,SUCCESS
phishing,SCS,False,0.05,0.0,Screening,3,52.30689191,0.93622795,0.98720262,0.94353224,0.83363958,2.62387252,0.02451158,5600,SUCCESS
phishing,SCS,False,0.05,0.05,Baseline,3,56.79357707,0.93939394,0.98700865,0.94644285,0.0,11.63415837,0.0,6725,SUCCESS
phishing,SCS,False,0.05,0.05,Screening,3,56.79357612,0.93939394,0.98700783,0.94644285,0.82671378,1.07297015,0.01553416,2875,SUCCESS
phishing,SCS,False,0.1,0.0,Baseline,3,103.12709528,0.94255993,0.98717858,0.94775812,0.0,12.32094908,0.0,6800,SUCCESS
phishing,SCS,False,0.1,0.0,Screening,3,103.12709733,0.94255993,0.98718356,0.94775812,0.84282686,1.68728971,0.0154202,6650,SUCCESS
phishing,SCS,False,0.1,0.05,Baseline,3,112.31431068,0.9434645,0.98710895,0.94891704,0.0,13.397578,0.0,7325,SUCCESS
phishing,SCS,False,0.1,0.05,Screening,3,112.3143129,0.9434645,0.98711641,0.94891704,0.83095406,1.04349971,0.01591778,2800,SUCCESS
phishing,SCS,False,0.01,0.0,Baseline,4,11.37281169,0.94210764,0.98633557,0.94842869,0.0,3.08227396,0.0,1625,SUCCESS
phishing,SCS,False,0.01,0.0,Screening,4,11.37281179,0.94210764,0.98633474,0.94842869,0.81681979,2.00839853,0.03872418,4650,SUCCESS
phishing,SCS,False,0.01,0.05,Baseline,4,12.23202329,0.94391678,0.98601892,0.94983819,0.0,2.55774426,0.0,1525,SUCCESS
phishing,SCS,False,0.01,0.05,Screening,4,12.23202313,0.94391678,0.98601892,0.94983819,0.80113074,1.26867986,0.02082515,3200,SUCCESS
phishing,SCS,False,0.05,0.0,Baseline,4,52.16262097,0.94436906,0.98676163,0.95050302,0.0,9.32355762,0.0,5175,SUCCESS
phishing,SCS,False,0.05,0.0,Screening,4,52.16261907,0.94436906,0.98675086,0.95050302,0.83787986,1.82977509,0.02005196,6275,SUCCESS
phishing,SCS,False,0.05,0.05,Baseline,4,56.91826446,0.94210764,0.98647897,0.94800975,0.0,11.47351551,0.0,6450,SUCCESS
phishing,SCS,False,0.05,0.05,Screening,4,56.91826505,0.94210764,0.98647814,0.94800975,0.82657244,1.61428452,0.02443647,3150,SUCCESS
phishing,SCS,False,0.1,0.0,Baseline,4,102.60000313,0.93894166,0.98697881,0.94428395,0.0,7.46569204,0.0,4325,SUCCESS
phishing,SCS,False,0.1,0.0,Screening,4,102.5999986,0.93894166,0.98697798,0.94428395,0.8409894,2.16043973,0.02950621,7925,SUCCESS
phishing,SCS,False,0.1,0.05,Baseline,4,112.46639255,0.93984622,0.98661243,0.94524496,0.0,8.7167058,0.0,4750,SUCCESS
phishing,SCS,False,0.1,0.05,Screening,4,112.46639005,0.93984622,0.98661243,0.94524496,0.82770318,1.14976263,0.02021408,3075,SUCCESS
phishing,SCS,False,0.01,0.0,Baseline,5,11.14368014,0.94301221,0.98545317,0.94931617,0.0,23.87215734,0.0,13725,SUCCESS
phishing,SCS,False,0.01,0.0,Screening,5,11.14368008,0.94301221,0.985454,0.94931617,0.8214841,1.38838339,0.01606297,4225,SUCCESS
phishing,SCS,False,0.01,0.05,Baseline,5,11.9869415,0.9434645,0.98517797,0.94985961,0.0,3.66024661,0.0,1300,SUCCESS
phishing,SCS,False,0.01,0.05,Screening,5,11.98694111,0.9434645,0.98517797,0.94985961,0.80551237,1.2318902,0.01700759,3175,SUCCESS
phishing,SCS,False,0.05,0.0,Baseline,5,51.24474391,0.94301221,0.9859928,0.94923449,0.0,5.03511143,0.0,3225,SUCCESS
phishing,SCS,False,0.05,0.0,Screening,5,51.24474317,0.94301221,0.9859928,0.94923449,0.83575972,2.44560623,0.0328598,5275,SUCCESS
phishing,SCS,False,0.05,0.05,Baseline,5,55.71746707,0.9434645,0.98556922,0.94977903,0.0,19.26006389,0.0,11400,SUCCESS
phishing,SCS,False,0.05,0.05,Screening,5,55.71746469,0.9434645,0.98557088,0.94977903,0.82360424,1.24630809,0.01781607,3600,SUCCESS
phishing,SCS,False,0.1,0.0,Baseline,5,100.98616906,0.94572592,0.98607155,0.95121951,0.0,9.90308833,0.0,5400,SUCCESS
phishing,SCS,False,0.1,0.0,Screening,5,100.98616156,0.94572592,0.98607653,0.95121951,0.83533569,1.58223724,0.02035928,5650,SUCCESS
phishing,SCS,False,0.1,0.05,Baseline,5,110.11726379,0.94165536,0.98579884,0.94779442,0.0,16.97086835,0.0,9300,SUCCESS
phishing,SCS,False,0.1,0.05,Screening,5,110.11726356,0.94165536,0.98580132,0.94779442,0.82784452,1.32167482,0.01944947,4100,SUCCESS
phishing,SCS,False,0.01,0.0,Baseline,6,11.15254353,0.94210764,0.98561854,0.94859438,0.0,2.94641232,0.0,1800,SUCCESS
phishing,SCS,False,0.01,0.0,Screening,6,11.15254315,0.94210764,0.98561854,0.94859438,0.8155477,1.54946709,0.01585245,4850,SUCCESS
phishing,SCS,False,0.01,0.05,Baseline,6,12.00110634,0.93939394,0.98525382,0.94517185,0.0,4.12123823,0.0,2400,SUCCESS
phishing,SCS,False,0.01,0.05,Screening,6,12.00110597,0.93939394,0.98525465,0.94517185,0.80636042,1.41199112,0.01728511,3925,SUCCESS
phishing,SCS,False,0.05,0.0,Baseline,6,51.26988412,0.94391678,0.98613497,0.94963444,0.0,7.69738936,0.0,3675,SUCCESS
phishing,SCS,False,0.05,0.0,Screening,6,51.26988313,0.94391678,0.98613331,0.94963444,0.83971731,1.46732068,0.01684523,5375,SUCCESS
phishing,SCS,False,0.05,0.05,Baseline,6,55.76796123,0.94391678,0.98568817,0.94963444,0.0,9.57429147,0.0,5025,SUCCESS
phishing,SCS,False,0.05,0.05,Screening,6,55.76796123,0.94391678,0.98569149,0.94963444,0.82812721,1.18713427,0.01714849,3425,SUCCESS
phishing,SCS,False,0.1,0.0,Baseline,6,101.00359,0.94391678,0.98616232,0.94955248,0.0,21.65622425,0.0,8750,SUCCESS
phishing,SCS,False,0.1,0.0,Screening,6,101.00358896,0.94391678,0.98616315,0.94955248,0.52042403,5.74265528,0.03295112,6850,SUCCESS
phishing,SCS,False,0.1,0.05,Baseline,6,110.21404189,0.9434645,0.9859153,0.94916633,0.0,14.17743015,0.0,7650,SUCCESS
phishing,SCS,False,0.1,0.05,Screening,6,110.2140421,0.9434645,0.98591364,0.94916633,0.50572438,6.66126728,0.06139445,5225,SUCCESS
phishing,SCS,False,0.01,0.0,Baseline,7,11.31574281,0.93894166,0.98846922,0.94610778,0.0,4.05293012,0.0,2675,SUCCESS
phishing,SCS,False,0.01,0.0,Screening,7,11.31574287,0.93894166,0.98846839,0.94610778,0.81667845,2.11060309,0.01653123,4700,SUCCESS
phishing,SCS,False,0.01,0.05,Baseline,7,12.17794469,0.93848937,0.9883109,0.94590294,0.0,2.72783661,0.0,1375,SUCCESS
phishing,SCS,False,0.01,0.05,Screening,7,12.17794459,0.93848937,0.98831255,0.94590294,0.80212014,1.03021216,0.01603913,2300,SUCCESS
phishing,SCS,False,0.05,0.0,Baseline,7,51.99644313,0.94120308,0.98897072,0.94849445,0.0,21.54055405,0.0,12700,SUCCESS
phishing,SCS,False,0.05,0.0,Screening,7,51.99644397,0.94120308,0.98897238,0.94849445,0.8360424,2.13681889,0.02015328,6100,SUCCESS
phishing,SCS,False,0.05,0.05,Baseline,7,56.64827597,0.94165536,0.98874111,0.94862605,0.0,10.42810702,0.0,5225,SUCCESS
phishing,SCS,False,0.05,0.05,Screening,7,56.64827533,0.94165536,0.98874608,0.94862605,0.82600707,1.24359369,0.0165596,3650,SUCCESS
phishing,SCS,False,0.1,0.0,Baseline,7,102.45232074,0.94075079,0.98903621,0.94803649,0.0,7.4697113,0.0,4750,SUCCESS
phishing,SCS,False,0.1,0.0,Screening,7,102.45231658,0.94075079,0.98903704,0.94803649,0.83773852,2.53123426,0.0184021,7700,SUCCESS
phishing,SCS,False,0.1,0.05,Baseline,7,111.93245458,0.94120308,0.98873945,0.9484127,0.0,18.23199415,0.0,10500,SUCCESS
phishing,SCS,False,0.1,0.05,Screening,7,111.93244823,0.94120308,0.98874443,0.9484127,0.82204947,1.1879344,0.01698613,3325,SUCCESS
phishing,SCS,False,0.01,0.0,Baseline,8,11.25103206,0.93668024,0.98472828,0.94229184,0.0,4.91985106,0.0,2575,SUCCESS
phishing,SCS,False,0.01,0.0,Screening,8,11.25103181,0.93668024,0.98472745,0.94229184,0.81526502,1.32590747,0.01472974,4075,SUCCESS
phishing,SCS,False,0.01,0.05,Baseline,8,12.11872885,0.93306196,0.98457078,0.94046661,0.0,2.97045326,0.0,1875,SUCCESS
phishing,SCS,False,0.01,0.05,Screening,8,12.11872869,0.93306196,0.98456995,0.94046661,0.80381625,2.04046583,0.02262831,3425,SUCCESS
phishing,SCS,False,0.05,0.0,Baseline,8,51.55314264,0.93441882,0.98503001,0.94150867,0.0,4.33987689,0.0,2800,SUCCESS
phishing,SCS,False,0.05,0.0,Screening,8,51.55314052,0.93441882,0.98502918,0.94150867,0.83717314,1.47016144,0.01534843,5325,SUCCESS
phishing,SCS,False,0.05,0.05,Baseline,8,56.20799469,0.93260968,0.98484101,0.94028056,0.0,10.84741879,0.0,5750,SUCCESS
phishing,SCS,False,0.05,0.05,Screening,8,56.2079937,0.93260968,0.98484847,0.94028056,0.82487633,1.12585163,0.01650739,3075,SUCCESS
phishing,SCS,False,0.1,0.0,Baseline,8,101.45381294,0.93668024,0.9851502,0.94238683,0.0,25.23770308,0.0,14425,SUCCESS
phishing,SCS,False,0.1,0.0,Screening,8,101.45381303,0.93668024,0.98514854,0.94238683,0.84070671,1.54051328,0.0163877,5825,SUCCESS
phishing,SCS,False,0.1,0.05,Baseline,8,111.02694871,0.93215739,0.98488412,0.93985565,0.0,30.2577107,0.0,16625,SUCCESS
phishing,SCS,False,0.1,0.05,Screening,8,111.02694946,0.93215739,0.9848866,0.93985565,0.82671378,1.71109343,0.03770256,3775,SUCCESS
phishing,SCS,False,0.01,0.0,Baseline,9,11.00250198,0.93260968,0.98161069,0.94094332,0.0,4.2665658,0.0,2525,SUCCESS
phishing,SCS,False,0.01,0.0,Screening,9,11.00250188,0.93260968,0.98159825,0.94094332,0.81795053,1.91622591,0.01616168,3975,SUCCESS
phishing,SCS,False,0.01,0.05,Baseline,9,11.85060271,0.93351425,0.98155681,0.94145759,0.0,3.74879646,0.0,1800,SUCCESS
phishing,SCS,False,0.01,0.05,Screening,9,11.85060273,0.93351425,0.98156012,0.94145759,0.80946996,1.03498435,0.0157845,2450,SUCCESS
phishing,SCS,False,0.05,0.0,Baseline,9,50.36776336,0.93532338,0.98235423,0.94332144,0.0,16.71256447,0.0,9700,SUCCESS
phishing,SCS,False,0.05,0.0,Screening,9,50.3677629,0.93532338,0.98236169,0.94332144,0.84339223,2.28238201,0.03834677,5175,SUCCESS
phishing,SCS,False,0.05,0.05,Baseline,9,54.93167695,0.92672999,0.98201769,0.93657009,0.0,4.3632319,0.0,2700,SUCCESS
phishing,SCS,False,0.05,0.05,Screening,9,54.93167466,0.92672999,0.98202515,0.93657009,0.82939929,1.15019727,0.01870298,3125,SUCCESS
phishing,SCS,False,0.1,0.0,Baseline,9,99.09091047,0.93260968,0.98255069,0.94112999,0.0,7.82752371,0.0,3575,SUCCESS
phishing,SCS,False,0.1,0.0,Screening,9,99.09090296,0.93260968,0.98254572,0.94112999,0.84226148,1.57748795,0.01725554,6000,SUCCESS
phishing,SCS,False,0.1,0.05,Baseline,9,108.48429234,0.92899141,0.98218596,0.93840722,0.0,21.61823845,0.0,12300,SUCCESS
phishing,SCS,False,0.1,0.05,Screening,9,108.48429264,0.92899141,0.98218679,0.93840722,0.83561837,1.61898828,0.04447126,4100,SUCCESS
phishing,SCS,False,0.01,0.0,Baseline,10,11.52998706,0.93984622,0.98947554,0.9477817,0.0,5.76851225,0.0,3825,SUCCESS
phishing,SCS,False,0.01,0.0,Screening,10,11.52998674,0.93984622,0.98947471,0.9477817,0.81257951,2.6531179,0.03145504,5575,SUCCESS
phishing,SCS,False,0.01,0.05,Baseline,10,12.42123345,0.94798734,0.98932302,0.95394473,0.0,4.98515916,0.0,3025,SUCCESS
phishing,SCS,False,0.01,0.05,Screening,10,12.42123324,0.94798734,0.98932302,0.95394473,0.79985866,1.44975829,0.01680422,3900,SUCCESS
phishing,SCS,False,0.05,0.0,Baseline,10,52.92062437,0.94165536,0.98947554,0.94911243,0.0,11.10449886,0.0,5900,SUCCESS
phishing,SCS,False,0.05,0.0,Screening,10,52.92062487,0.94165536,0.98947554,0.94911243,0.83660777,1.45079589,0.01622629,5100,SUCCESS
phishing,SCS,False,0.05,0.05,Baseline,10,57.71991839,0.9375848,0.98934125,0.94592476,0.0,7.03532887,0.0,3000,SUCCESS
phishing,SCS,False,0.05,0.05,Screening,10,57.7199182,0.9375848,0.98934042,0.94592476,0.82204947,1.20287228,0.01674581,3450,SUCCESS
phishing,SCS,False,0.1,0.0,Baseline,10,104.15854381,0.94120308,0.98947056,0.94865719,0.0,33.35548401,0.0,20000,SUCCESS
phishing,SCS,False,0.1,0.0,Screening,10,104.15852837,0.94120308,0.98947056,0.94865719,0.57540636,8.23072481,0.06000662,8750,SUCCESS
phishing,SCS,False,0.1,0.05,Baseline,10,114.05913534,0.93894166,0.98927825,0.94699647,0.0,13.99853849,0.0,7825,SUCCESS
phishing,SCS,False,0.1,0.05,Screening,10,114.0591338,0.93894166,0.98927743,0.94699647,0.82275618,1.23385167,0.01635194,3500,SUCCESS
phishing,SCS,False,0.01,0.0,Baseline,11,11.1721843,0.93441882,0.9847863,0.9413193,0.0,6.71364498,0.0,3300,SUCCESS
phishing,SCS,False,0.01,0.0,Screening,11,11.17218418,0.93441882,0.98478796,0.9413193,0.81314488,1.25312996,0.01516604,3550,SUCCESS
phishing,SCS,False,0.01,0.05,Baseline,11,12.04820226,0.93306196,0.98467771,0.93993506,0.0,2.58160448,0.0,1575,SUCCESS
phishing,SCS,False,0.01,0.05,Screening,11,12.04836651,0.93306196,0.98469015,0.93993506,0.80636042,0.44028234,0.01527333,375,SUCCESS
phishing,SCS,False,0.05,0.0,Baseline,11,51.02906923,0.93622795,0.98430387,0.94275274,0.0,8.20464039,0.0,4225,SUCCESS
phishing,SCS,False,0.05,0.0,Screening,11,51.02906983,0.93622795,0.98430718,0.94275274,0.84070671,1.54201579,0.01625037,5775,SUCCESS
phishing,SCS,False,0.05,0.05,Baseline,11,55.75922992,0.93215739,0.98441246,0.93897478,0.0,15.20903563,0.0,8625,SUCCESS
phishing,SCS,False,0.05,0.05,Screening,11,55.75922983,0.93215739,0.98441246,0.93897478,0.82614841,1.98347116,0.01988649,3775,SUCCESS
phishing,SCS,False,0.1,0.0,Baseline,11,100.35663278,0.93668024,0.98445722,0.94308943,0.0,14.5910244,0.0,8800,SUCCESS
phishing,SCS,False,0.1,0.0,Screening,11,100.35663082,0.93668024,0.98449203,0.94308943,0.8390106,1.29893613,0.01556778,4475,SUCCESS
phishing,SCS,False,0.1,0.05,Baseline,11,110.0497233,0.93577567,0.98439588,0.94237013,0.0,22.50940919,0.0,13500,SUCCESS
phishing,SCS,False,0.1,0.05,Screening,11,110.04972177,0.93577567,0.98439505,0.94237013,0.83053004,2.41199946,0.0348196,5100,SUCCESS
phishing,SCS,False,0.01,0.0,Baseline,12,11.35406249,0.93848937,0.98510254,0.94502829,0.0,4.2802577,0.0,2850,SUCCESS
phishing,SCS,False,0.01,0.0,Screening,12,11.35406248,0.93848937,0.98511249,0.94502829,0.81837456,1.14752793,0.01557088,3300,SUCCESS
phishing,SCS,False,0.01,0.05,Baseline,12,12.23145854,0.94255993,0.984921,0.94905736,0.0,4.9164257,0.0,1850,SUCCESS
phishing,SCS,False,0.01,0.05,Screening,12,12.23145826,0.94255993,0.98493178,0.94905736,0.79872792,1.26158309,0.01743531,3225,SUCCESS
phishing,SCS,False,0.05,0.0,Baseline,12,52.05752296,0.94210764,0.98543908,0.94784026,0.0,11.99181509,0.0,6550,SUCCESS
phishing,SCS,False,0.05,0.0,Screening,12,52.05752292,0.94210764,0.98543742,0.94784026,0.83830389,1.78612471,0.01916575,6825,SUCCESS
phishing,SCS,False,0.05,0.05,Baseline,12,56.78363041,0.93894166,0.9851216,0.9446948,0.0,33.93430066,0.0,20000,SUCCESS
phishing,SCS,False,0.05,0.05,Screening,12,56.78461725,0.93939394,0.98510585,0.94512695,0.61314488,2.81096148,0.05814242,1125,SUCCESS
phishing,SCS,False,0.1,0.0,Baseline,12,102.45963134,0.93803709,0.98560404,0.94495781,0.0,18.31709266,0.0,10925,SUCCESS
phishing,SCS,False,0.1,0.0,Screening,12,102.45963558,0.93803709,0.98560735,0.94495781,0.84438163,1.74949408,0.01430225,7125,SUCCESS
phishing,SCS,False,0.1,0.05,Baseline,12,112.18762675,0.93939394,0.98523019,0.9463141,0.0,15.34943366,0.0,8750,SUCCESS
phishing,SCS,False,0.1,0.05,Screening,12,112.18762746,0.93939394,0.98523848,0.9463141,0.82840989,2.32827139,0.03626752,4850,SUCCESS
phishing,SCS,False,0.01,0.0,Baseline,13,11.21622498,0.94075079,0.98673262,0.94753704,0.0,4.90627289,0.0,3250,SUCCESS
phishing,SCS,False,0.01,0.0,Screening,13,11.21622477,0.94075079,0.98673428,0.94753704,0.81413428,1.68947792,0.01546717,5650,SUCCESS
phishing,SCS,False,0.01,0.05,Baseline,13,12.07137217,0.93984622,0.98655938,0.94669339,0.0,6.31574321,0.0,2875,SUCCESS
phishing,SCS,False,0.01,0.05,Screening,13,12.07137208,0.93984622,0.9865602,0.94669339,0.80537102,1.35572529,0.01571393,3775,SUCCESS
phishing,SCS,False,0.05,0.0,Baseline,13,51.508394,0.9434645,0.98705922,0.94965767,0.0,10.12060261,0.0,5325,SUCCESS
phishing,SCS,False,0.05,0.0,Screening,13,51.50839282,0.9434645,0.98706917,0.94965767,0.83830389,1.47925138,0.01407099,5375,SUCCESS
phishing,SCS,False,0.05,0.05,Baseline,13,56.08809716,0.93984622,0.98672516,0.94604462,0.0,11.64670348,0.0,6250,SUCCESS
phishing,SCS,False,0.05,0.05,Screening,13,56.08809835,0.93984622,0.98672102,0.94604462,0.82812721,0.95248771,0.01504683,2375,SUCCESS
phishing,SCS,False,0.1,0.0,Baseline,13,101.46224135,0.94255993,0.98697384,0.94876967,0.0,28.01353693,0.0,16325,SUCCESS
phishing,SCS,False,0.1,0.0,Screening,13,101.46223371,0.94255993,0.98698047,0.94876967,0.84,1.57485628,0.0168364,5950,SUCCESS
phishing,SCS,False,0.1,0.05,Baseline,13,110.83502447,0.94301221,0.98684784,0.94919355,0.0,16.78552675,0.0,9775,SUCCESS
phishing,SCS,False,0.1,0.05,Screening,13,110.83502763,0.94301221,0.9868495,0.94919355,0.82954064,2.89256859,0.03520608,6350,SUCCESS
phishing,SCS,False,0.01,0.0,Baseline,14,11.41826233,0.94029851,0.9866576,0.94590164,0.0,9.59915137,0.0,6250,SUCCESS
phishing,SCS,False,0.01,0.0,Screening,14,11.41826215,0.94029851,0.9866576,0.94590164,0.81879859,2.03242135,0.03424668,4650,SUCCESS
phishing,SCS,False,0.01,0.05,Baseline,14,12.29092751,0.93848937,0.98672475,0.94407895,0.0,3.61360741,0.0,2300,SUCCESS
phishing,SCS,False,0.01,0.05,Screening,14,12.29092766,0.93848937,0.98672558,0.94407895,0.79858657,1.86061144,0.01567912,4250,SUCCESS
phishing,SCS,False,0.05,0.0,Baseline,14,52.51364382,0.9375848,0.98630448,0.94344262,0.0,33.71342468,0.0,20000,SUCCESS
phishing,SCS,False,0.05,0.0,Screening,14,52.51486947,0.93668024,0.98628873,0.94266994,0.61512367,1.58617234,0.02372098,1125,SUCCESS
phishing,SCS,False,0.05,0.05,Baseline,14,57.17242016,0.93939394,0.98660704,0.94508197,0.0,9.68379951,0.0,4925,SUCCESS
phishing,SCS,False,0.05,0.05,Screening,14,57.17242005,0.93939394,0.98660787,0.94508197,0.82473498,1.15982366,0.01770663,3225,SUCCESS
phishing,SCS,False,0.1,0.0,Baseline,14,103.45990104,0.93622795,0.98621661,0.94237842,0.0,22.28878236,0.0,13150,SUCCESS
phishing,SCS,False,0.1,0.0,Screening,14,103.45990095,0.93622795,0.98621579,0.94237842,0.83759717,1.99888682,0.02676582,6575,SUCCESS
phishing,SCS,False,0.1,0.05,Baseline,14,113.02263365,0.93803709,0.986583,0.94341181,0.0,19.76476169,0.0,11850,SUCCESS
phishing,SCS,False,0.1,0.05,Screening,14,113.0226302,0.93803709,0.98657886,0.94341181,0.82699647,1.12243629,0.01903009,3100,SUCCESS
phishing,SCS,False,0.01,0.0,Baseline,15,11.25882279,0.94165536,0.98713341,0.94866693,0.0,4.44405079,0.0,2075,SUCCESS
phishing,SCS,False,0.01,0.0,Screening,15,11.25882287,0.94165536,0.98713424,0.94866693,0.81597173,1.31628919,0.01763892,3925,SUCCESS
phishing,SCS,False,0.01,0.05,Baseline,15,12.1323552,0.94029851,0.98706461,0.94707298,0.0,2.20387673,0.0,1325,SUCCESS
phishing,SCS,False,0.01,0.05,Screening,15,12.13235506,0.94029851,0.98706378,0.94707298,0.79985866,2.26665425,0.03535986,3900,SUCCESS
phishing,SCS,False,0.05,0.0,Baseline,15,51.72144652,0.94075079,0.98717237,0.94770459,0.0,14.10232115,0.0,8250,SUCCESS
phishing,SCS,False,0.05,0.0,Screening,15,51.72144519,0.94075079,0.98716076,0.94770459,0.84014134,1.63498926,0.0151124,6250,SUCCESS
phishing,SCS,False,0.05,0.05,Baseline,15,56.27693549,0.93848937,0.987242,0.94603175,0.0,14.76865005,0.0,8500,SUCCESS
phishing,SCS,False,0.05,0.05,Screening,15,56.27693482,0.93848937,0.98724034,0.94603175,0.82657244,1.09800339,0.01598907,3075,SUCCESS
phishing,SCS,False,0.1,0.0,Baseline,15,101.89520826,0.94029851,0.98722293,0.9472,0.0,24.03397846,0.0,13675,SUCCESS
phishing,SCS,False,0.1,0.0,Screening,15,101.89520719,0.94029851,0.98722293,0.9472,0.84155477,1.66374946,0.01364946,6450,SUCCESS
phishing,SCS,False,0.1,0.05,Baseline,15,111.23090525,0.94165536,0.98732074,0.94866693,0.0,16.8497963,0.0,9850,SUCCESS
phishing,SCS,False,0.1,0.05,Screening,15,111.23090538,0.94165536,0.98731743,0.94866693,0.8254417,1.44306755,0.01809144,3750,SUCCESS
phishing,SCS,False,0.01,0.0,Baseline,16,11.27546273,0.94029851,0.98582826,0.9472,0.0,3.49005961,0.0,1650,SUCCESS
phishing,SCS,False,0.01,0.0,Screening,16,11.27546242,0.94029851,0.98582909,0.9472,0.8145583,1.37249088,0.01536655,4250,SUCCESS
phishing,SCS,False,0.01,0.05,Baseline,16,12.12433518,0.94029851,0.98581168,0.94711538,0.0,2.74011946,0.0,1700,SUCCESS
phishing,SCS,False,0.01,0.05,Screening,16,12.12433464,0.94029851,0.98581417,0.94711538,0.79985866,1.90930605,0.03437138,3000,SUCCESS
phishing,SCS,False,0.05,0.0,Baseline,16,51.94133937,0.94120308,0.98649804,0.94837172,0.0,21.41409874,0.0,13275,SUCCESS
phishing,SCS,False,0.05,0.0,Screening,16,51.94133859,0.94120308,0.98649721,0.94837172,0.83420495,2.19118547,0.01518726,7000,SUCCESS
phishing,SCS,False,0.05,0.05,Baseline,16,56.45639688,0.94165536,0.98601228,0.94842063,0.0,20.36906695,0.0,12000,SUCCESS
phishing,SCS,False,0.05,0.05,Screening,16,56.45639789,0.94165536,0.98601477,0.94842063,0.81837456,1.14423132,0.01448584,3175,SUCCESS
phishing,SCS,False,0.1,0.0,Baseline,16,102.32246726,0.94029851,0.98657222,0.94698795,0.0,30.31628823,0.0,17725,SUCCESS
phishing,SCS,False,0.1,0.0,Screening,16,102.32246683,0.94029851,0.98657098,0.94698795,0.84212014,5.76612592,0.03338599,17800,SUCCESS
phishing,SCS,False,0.1,0.05,Baseline,16,111.62467973,0.94120308,0.9861217,0.94837172,0.0,20.86729836,0.0,12300,SUCCESS
phishing,SCS,False,0.1,0.05,Screening,16,111.62468359,0.94120308,0.98612336,0.94837172,0.82431095,1.76612544,0.01741314,3575,SUCCESS
phishing,SCS,False,0.01,0.0,Baseline,17,11.07327442,0.93260968,0.9852907,0.94037615,0.0,3.77455258,0.0,2425,SUCCESS
phishing,SCS,False,0.01,0.0,Screening,17,11.0732741,0.93260968,0.98529153,0.94037615,0.8185159,1.49020171,0.01857924,4575,SUCCESS
phishing,SCS,False,0.01,0.05,Baseline,17,11.91656493,0.92989597,0.98494504,0.93817312,0.0,3.87907195,0.0,1400,SUCCESS
phishing,SCS,False,0.01,0.05,Screening,17,11.91656484,0.92989597,0.98494504,0.93817312,0.80819788,1.03382182,0.02172565,2300,SUCCESS
phishing,SCS,False,0.05,0.0,Baseline,17,50.89909594,0.93215739,0.98527413,0.94042891,0.0,10.00285292,0.0,5225,SUCCESS
phishing,SCS,False,0.05,0.0,Screening,17,50.89909563,0.93215739,0.98526749,0.94042891,0.84141343,1.47077346,0.0318017,4975,SUCCESS
phishing,SCS,False,0.05,0.05,Baseline,17,55.32832774,0.93622795,0.98547141,0.94321385,0.0,11.57229757,0.0,5875,SUCCESS
phishing,SCS,False,0.05,0.05,Screening,17,55.3283268,0.93622795,0.98547141,0.94321385,0.82784452,1.14341569,0.022264,3075,SUCCESS
phishing,SCS,False,0.1,0.0,Baseline,17,100.27553323,0.93170511,0.9852534,0.94048088,0.0,11.17433596,0.0,5850,SUCCESS
phishing,SCS,False,0.1,0.0,Screening,17,100.27553481,0.93170511,0.98525257,0.94048088,0.84325088,1.46698785,0.02024126,5275,SUCCESS
phishing,SCS,False,0.1,0.05,Baseline,17,109.35851112,0.93441882,0.98556011,0.94179045,0.0,14.09432125,0.0,7300,SUCCESS
phishing,SCS,False,0.1,0.05,Screening,17,109.35851179,0.93441882,0.98555762,0.94179045,0.83024735,1.17147946,0.02278042,2950,SUCCESS
phishing,SCS,False,0.01,0.0,Baseline,18,11.13284671,0.9375848,0.98533795,0.9446672,0.0,3.8071239,0.0,1475,SUCCESS
phishing,SCS,False,0.01,0.0,Screening,18,11.13284665,0.9375848,0.98534127,0.9446672,0.81498233,1.72061944,0.01871228,5550,SUCCESS
phishing,SCS,False,0.01,0.05,Baseline,18,11.99150614,0.93984622,0.98486215,0.94656489,0.0,3.27097797,0.0,1925,SUCCESS
phishing,SCS,False,0.01,0.05,Screening,18,11.99150661,0.93984622,0.98486132,0.94656489,0.80848057,2.486691,0.0460937,4275,SUCCESS
phishing,SCS,False,0.05,0.0,Baseline,18,51.03944695,0.93894166,0.98537691,0.94487546,0.0,19.34697819,0.0,10925,SUCCESS
phishing,SCS,False,0.05,0.0,Screening,18,51.03944592,0.93894166,0.98537277,0.94487546,0.83929329,1.43891382,0.02040172,4925,SUCCESS
phishing,SCS,False,0.05,0.05,Baseline,18,55.56778219,0.93848937,0.98523931,0.9456,0.0,13.3763628,0.0,7125,SUCCESS
phishing,SCS,False,0.05,0.05,Screening,18,55.56778137,0.93848937,0.98523848,0.9456,0.82699647,1.83419895,0.03616285,3400,SUCCESS
phishing,SCS,False,0.1,0.0,Baseline,18,100.52209214,0.93713252,0.98560735,0.94342694,0.0,19.8329277,0.0,11025,SUCCESS
phishing,SCS,False,0.1,0.0,Screening,18,100.52209114,0.93713252,0.98560653,0.94342694,0.84155477,1.78164482,0.01940417,6650,SUCCESS
phishing,SCS,False,0.1,0.05,Baseline,18,109.76440924,0.93668024,0.98524511,0.94299674,0.0,16.07913113,0.0,8525,SUCCESS
phishing,SCS,False,0.1,0.05,Screening,18,109.76440935,0.93668024,0.98524926,0.94299674,0.82685512,1.65355515,0.02726793,3000,SUCCESS
phishing,SCS,False,0.01,0.0,Baseline,19,10.48696447,0.9262777,0.98076808,0.9357002,0.0,13.67978668,0.0,7875,SUCCESS
phishing,SCS,False,0.01,0.0,Screening,19,10.48696425,0.9262777,0.98076891,0.9357002,0.82869258,1.56023574,0.02130008,3775,SUCCESS
phishing,SCS,False,0.01,0.05,Baseline,19,11.31102822,0.9262777,0.98056251,0.93544554,0.0,2.67531204,0.0,1500,SUCCESS
phishing,SCS,False,0.01,0.05,Screening,19,11.31102777,0.9262777,0.98056251,0.93544554,0.81427562,1.33308697,0.02201462,3050,SUCCESS
phishing,SCS,False,0.05,0.0,Baseline,19,47.71856699,0.92718227,0.9811096,0.93648915,0.0,9.04891992,0.0,4650,SUCCESS
phishing,SCS,False,0.05,0.0,Screening,19,47.71856734,0.92718227,0.98111043,0.93648915,0.85371025,1.29099178,0.02412009,4550,SUCCESS
phishing,SCS,False,0.05,0.05,Baseline,19,52.0752627,0.92989597,0.98080787,0.93767591,0.0,13.73139858,0.0,7075,SUCCESS
phishing,SCS,False,0.05,0.05,Screening,19,52.07526119,0.92989597,0.98080456,0.93767591,0.8370318,1.95161295,0.02451205,3350,SUCCESS
phishing,SCS,False,0.1,0.0,Baseline,19,93.70044776,0.92808684,0.98149256,0.93637455,0.0,33.61460567,0.0,18525,SUCCESS
phishing,SCS,False,0.1,0.0,Screening,19,93.70044732,0.92808684,0.98150085,0.93637455,0.85597173,1.40243101,0.01764774,5325,SUCCESS
phishing,SCS,False,0.1,0.05,Baseline,19,102.73780544,0.92311171,0.98068602,0.93307087,0.0,17.39658976,0.0,9475,SUCCESS
phishing,SCS,False,0.1,0.05,Screening,19,102.737807,0.92311171,0.98068602,0.93307087,0.84409894,0.95805359,0.01693296,2500,SUCCESS
phishing,SCS,False,0.01,0.0,Baseline,20,11.15810593,0.93532338,0.98345588,0.94254721,0.0,3.63728929,0.0,2050,SUCCESS
phishing,SCS,False,0.01,0.0,Screening,20,11.15810591,0.93532338,0.98345422,0.94254721,0.81526502,1.43829441,0.01566768,4400,SUCCESS
phishing,SCS,False,0.01,0.05,Baseline,20,11.98505394,0.93125283,0.98306048,0.93934557,0.0,3.2162025,0.0,1650,SUCCESS
phishing,SCS,False,0.01,0.05,Screening,20,11.98505389,0.93125283,0.98306048,0.93934557,0.80409894,1.68170571,0.02083683,2675,SUCCESS
phishing,SCS,False,0.05,0.0,Baseline,20,51.46687038,0.93441882,0.98456498,0.94206952,0.0,14.6416688,0.0,8050,SUCCESS
phishing,SCS,False,0.05,0.0,Screening,20,51.4668703,0.93441882,0.98456995,0.94206952,0.83787986,1.64622998,0.01670885,6000,SUCCESS
phishing,SCS,False,0.05,0.05,Baseline,20,55.86043295,0.93396653,0.98380485,0.94169329,0.0,7.94875526,0.0,3975,SUCCESS
phishing,SCS,False,0.05,0.05,Screening,20,55.86043088,0.93396653,0.98380485,0.94169329,0.8244523,1.36012912,0.017874,3975,SUCCESS
phishing,SCS,False,0.1,0.0,Baseline,20,101.50172241,0.93441882,0.98489572,0.94211577,0.0,18.99172759,0.0,11125,SUCCESS
phishing,SCS,False,0.1,0.0,Screening,20,101.50171968,0.93441882,0.98489406,0.94211577,0.8419788,2.04103994,0.03204656,6575,SUCCESS
phishing,SCS,False,0.1,0.05,Baseline,20,110.442127,0.93351425,0.9840527,0.94122351,0.0,31.79745173,0.0,17150,SUCCESS
phishing,SCS,False,0.1,0.05,Screening,20,110.44212642,0.93351425,0.98405602,0.94122351,0.83180212,1.52509427,0.01915383,4650,SUCCESS
phishing,SCS,False,0.01,0.0,Baseline,21,11.18669112,0.93848937,0.98558207,0.94439902,0.0,3.65788174,0.0,2250,SUCCESS
phishing,SCS,False,0.01,0.0,Screening,21,11.18669116,0.93848937,0.98558539,0.94439902,0.81964664,2.61552405,0.04034925,5375,SUCCESS
phishing,SCS,False,0.01,0.05,Baseline,21,12.05602747,0.93713252,0.98546768,0.94415428,0.0,3.153332,0.0,2025,SUCCESS
phishing,SCS,False,0.01,0.05,Screening,21,12.05602778,0.93713252,0.98546519,0.94415428,0.80989399,1.45690775,0.01725125,4150,SUCCESS
phishing,SCS,False,0.05,0.0,Baseline,21,51.20621169,0.93577567,0.98566828,0.94165982,0.0,10.88214159,0.0,5875,SUCCESS
phishing,SCS,False,0.05,0.0,Screening,21,51.20621202,0.93577567,0.98566745,0.94165982,0.84070671,1.52385521,0.01696157,5775,SUCCESS
phishing,SCS,False,0.05,0.05,Baseline,21,55.82908788,0.93939394,0.98552902,0.94517185,0.0,26.62163329,0.0,14625,SUCCESS
phishing,SCS,False,0.05,0.05,Screening,21,55.8290885,0.93939394,0.98552902,0.94517185,0.8244523,1.20589566,0.01768064,3375,SUCCESS
phishing,SCS,False,0.1,0.0,Baseline,21,100.77752861,0.93668024,0.98571884,0.94257588,0.0,36.10138249,0.0,19925,SUCCESS
phishing,SCS,False,0.1,0.0,Screening,21,100.77753032,0.93668024,0.98572133,0.94257588,0.84480565,1.83946776,0.02776217,7275,SUCCESS
phishing,SCS,False,0.1,0.05,Baseline,21,110.27543947,0.93894166,0.9855572,0.94487546,0.0,14.70874977,0.0,8125,SUCCESS
phishing,SCS,False,0.1,0.05,Screening,21,110.27543715,0.93894166,0.98555969,0.94487546,0.82855124,1.29940367,0.01997352,3675,SUCCESS
phishing,SCS,False,0.01,0.0,Baseline,22,11.05329407,0.93713252,0.98378662,0.94437775,0.0,4.89903545,0.0,2500,SUCCESS
phishing,SCS,False,0.01,0.0,Screening,22,11.05329426,0.93713252,0.98379242,0.94437775,0.81766784,1.93654537,0.04481339,5750,SUCCESS
phishing,SCS,False,0.01,0.05,Baseline,22,11.91461363,0.9375848,0.98360425,0.94493216,0.0,3.27797747,0.0,2000,SUCCESS
phishing,SCS,False,0.01,0.05,Screening,22,11.91461325,0.9375848,0.98360674,0.94493216,0.804947,1.31333661,0.01814365,3575,SUCCESS
phishing,SCS,False,0.05,0.0,Baseline,22,50.74207139,0.93848937,0.98412896,0.9456869,0.0,5.39335775,0.0,3000,SUCCESS
phishing,SCS,False,0.05,0.0,Screening,22,50.74206869,0.93848937,0.9841414,0.9456869,0.84042403,1.3660779,0.0189786,4625,SUCCESS
phishing,SCS,False,0.05,0.05,Baseline,22,55.1985942,0.93848937,0.98387117,0.94533762,0.0,7.66245556,0.0,3350,SUCCESS
phishing,SCS,False,0.05,0.05,Screening,22,55.1985943,0.93848937,0.98387034,0.94533762,0.83067138,1.08895111,0.01851153,2900,SUCCESS
phishing,SCS,False,0.1,0.0,Baseline,22,99.94020591,0.93532338,0.98402866,0.94394355,0.0,13.52911782,0.0,7225,SUCCESS
phishing,SCS,False,0.1,0.0,Screening,22,99.94020419,0.93532338,0.98402701,0.94394355,0.84381625,1.49888539,0.01703691,5525,SUCCESS
phishing,SCS,False,0.1,0.05,Baseline,22,109.06326164,0.93803709,0.98393748,0.94500201,0.0,13.21864605,0.0,7200,SUCCESS
phishing,SCS,False,0.1,0.05,Screening,22,109.06326107,0.93803709,0.98393665,0.94500201,0.83208481,1.10497499,0.01691175,3100,SUCCESS
phishing,SCS,False,0.01,0.0,Baseline,23,11.40853165,0.94979647,0.98921153,0.95507892,0.0,4.15789008,0.0,1550,SUCCESS
phishing,SCS,False,0.01,0.0,Screening,23,11.40853158,0.94979647,0.98920904,0.95507892,0.81272085,1.67022109,0.01627278,5450,SUCCESS
phishing,SCS,False,0.01,0.05,Baseline,23,12.26505667,0.95024876,0.98937897,0.95506536,0.0,2.47897363,0.0,1450,SUCCESS
phishing,SCS,False,0.01,0.05,Screening,23,12.26505639,0.95024876,0.98937897,0.95506536,0.79985866,1.86688972,0.015203,4125,SUCCESS
phishing,SCS,False,0.05,0.0,Baseline,23,52.66510614,0.94753505,0.98967655,0.95303644,0.0,5.48574543,0.0,3225,SUCCESS
phishing,SCS,False,0.05,0.0,Screening,23,52.6651017,0.94753505,0.98967738,0.95303644,0.83448763,1.18582439,0.01573205,3700,SUCCESS
phishing,SCS,False,0.05,0.05,Baseline,23,57.21546622,0.95115332,0.98943616,0.95616883,0.0,9.35872197,0.0,4475,SUCCESS
phishing,SCS,False,0.05,0.05,Screening,23,57.21546604,0.95115332,0.98943616,0.95616883,0.82798587,1.23473787,0.01740789,3475,SUCCESS
phishing,SCS,False,0.1,0.0,Baseline,23,103.85857073,0.9488919,0.98969976,0.95452716,0.0,30.02035379,0.0,17450,SUCCESS
phishing,SCS,False,0.1,0.0,Screening,23,103.85857472,0.9488919,0.98969976,0.95452716,0.83547703,1.95011854,0.02007294,7500,SUCCESS
phishing,SCS,False,0.1,0.05,Baseline,23,113.148068,0.94979647,0.98956216,0.95478615,0.0,9.9384985,0.0,5625,SUCCESS
phishing,SCS,False,0.1,0.05,Screening,23,113.1480653,0.94979647,0.98956299,0.95478615,0.82657244,1.32515454,0.01669002,3600,SUCCESS
phishing,SCS,False,0.01,0.0,Baseline,24,11.39085153,0.9375848,0.98615072,0.94488818,0.0,3.85360289,0.0,1700,SUCCESS
phishing,SCS,False,0.01,0.0,Screening,24,11.39085137,0.9375848,0.98615154,0.94488818,0.81413428,1.36076307,0.01893091,4100,SUCCESS
phishing,SCS,False,0.01,0.05,Baseline,24,12.25869002,0.93622795,0.98584982,0.94316808,0.0,3.57507253,0.0,2250,SUCCESS
phishing,SCS,False,0.01,0.05,Screening,24,12.25869016,0.93622795,0.98585064,0.94316808,0.80367491,2.36225772,0.04530835,4225,SUCCESS
phishing,SCS,False,0.05,0.0,Baseline,24,52.29454491,0.94029851,0.98649721,0.94638505,0.0,4.33050108,0.0,2825,SUCCESS
phishing,SCS,False,0.05,0.0,Screening,24,52.29454251,0.94029851,0.98649058,0.94638505,0.83491166,2.01837039,0.01694131,7800,SUCCESS
phishing,SCS,False,0.05,0.05,Baseline,24,57.00479998,0.93532338,0.98637618,0.94259334,0.0,12.1813364,0.0,6725,SUCCESS
phishing,SCS,False,0.05,0.05,Screening,24,57.00480069,0.93532338,0.98637535,0.94259334,0.82303887,1.71132803,0.01674604,3450,SUCCESS
phishing,SCS,False,0.1,0.0,Baseline,24,102.93401944,0.93668024,0.98659005,0.94408946,0.0,7.18699908,0.0,4375,SUCCESS
phishing,SCS,False,0.1,0.0,Screening,24,102.93401774,0.93668024,0.98659005,0.94408946,0.84240283,1.80356002,0.02072191,7075,SUCCESS
phishing,SCS,False,0.1,0.05,Baseline,24,112.63668843,0.93894166,0.98639608,0.94536625,0.0,24.14386415,0.0,13350,SUCCESS
phishing,SCS,False,0.1,0.05,Screening,24,112.63668097,0.93894166,0.98638696,0.94536625,0.82190813,1.11966705,0.02245808,2975,SUCCESS
phishing,SCS,False,0.01,0.0,Baseline,25,11.30816859,0.94663048,0.98696141,0.95238095,0.0,4.20845103,0.0,1850,SUCCESS
phishing,SCS,False,0.01,0.0,Screening,25,11.30816855,0.94663048,0.98696141,0.95238095,0.81257951,1.37799978,0.01819825,4100,SUCCESS
phishing,SCS,False,0.01,0.05,Baseline,25,12.16841361,0.94527363,0.98674174,0.95115059,0.0,3.28250337,0.0,2025,SUCCESS
phishing,SCS,False,0.01,0.05,Screening,25,12.16841338,0.94527363,0.98674174,0.95115059,0.80084806,1.42028141,0.01886773,3825,SUCCESS
phishing,SCS,False,0.05,0.0,Baseline,25,52.10041462,0.9461782,0.98719268,0.95168494,0.0,8.90008807,0.0,5000,SUCCESS
phishing,SCS,False,0.05,0.0,Screening,25,52.10041176,0.9461782,0.98717527,0.95168494,0.83137809,1.38314104,0.02113318,4475,SUCCESS
phishing,SCS,False,0.05,0.05,Baseline,25,56.64391028,0.94708277,0.98693902,0.9525355,0.0,7.98036551,0.0,4425,SUCCESS
phishing,SCS,False,0.05,0.05,Screening,25,56.64390859,0.94708277,0.98693902,0.9525355,0.81837456,1.21443725,0.01619005,3400,SUCCESS
phishing,SCS,False,0.1,0.0,Baseline,25,102.67567744,0.94753505,0.98741317,0.95280716,0.0,7.21510744,0.0,3475,SUCCESS
phishing,SCS,False,0.1,0.0,Screening,25,102.67567514,0.94753505,0.98741317,0.95280716,0.83689046,1.88627577,0.01850104,7325,SUCCESS
phishing,SCS,False,0.1,0.05,Baseline,25,112.00876008,0.94572592,0.98692991,0.95114007,0.0,20.74915648,0.0,11575,SUCCESS
phishing,SCS,False,0.1,0.05,Screening,25,112.00876309,0.94572592,0.98693073,0.95114007,0.82190813,1.31999373,0.01968122,3325,SUCCESS
phishing,SCS,False,0.01,0.0,Baseline,26,11.35103563,0.94663048,0.98770081,0.95264848,0.0,4.48672509,0.0,2775,SUCCESS
phishing,SCS,False,0.01,0.0,Screening,26,11.35103496,0.94663048,0.98770247,0.95264848,0.81144876,2.81810594,0.01972866,6525,SUCCESS
phishing,SCS,False,0.01,0.05,Baseline,26,12.22168924,0.94798734,0.98755657,0.95375955,0.0,4.30159116,0.0,2350,SUCCESS
phishing,SCS,False,0.01,0.05,Screening,26,12.22168938,0.94798734,0.98755657,0.95375955,0.80537102,1.6156373,0.01887369,4725,SUCCESS
phishing,SCS,False,0.05,0.0,Baseline,26,52.18778171,0.94708277,0.98794617,0.95241968,0.0,24.10622382,0.0,12675,SUCCESS
phishing,SCS,False,0.05,0.0,Screening,26,52.18777974,0.94708277,0.98794866,0.95241968,0.83519435,1.71553373,0.01920247,6275,SUCCESS
phishing,SCS,False,0.05,0.05,Baseline,26,56.82196729,0.94843962,0.98779116,0.95346939,0.0,14.75942469,0.0,7875,SUCCESS
phishing,SCS,False,0.05,0.05,Screening,26,56.8219657,0.94843962,0.98779033,0.95346939,0.82035336,1.25124598,0.01912189,3375,SUCCESS
phishing,SCS,False,0.1,0.0,Baseline,26,102.77395029,0.93984622,0.98800419,0.94736842,0.0,26.85439134,0.0,15450,SUCCESS
phishing,SCS,False,0.1,0.0,Screening,26,102.77394653,0.93984622,0.98800585,0.94736842,0.83929329,2.72979236,0.01935339,7775,SUCCESS
phishing,SCS,False,0.1,0.05,Baseline,26,112.3358706,0.95070104,0.98780194,0.95578093,0.0,35.27498651,0.0,20000,SUCCESS
phishing,SCS,False,0.1,0.05,Screening,26,112.33584417,0.95070104,0.98780028,0.95578093,0.484947,7.9805522,0.03350854,8275,SUCCESS
phishing,SCS,False,0.01,0.0,Baseline,27,11.08323965,0.94075079,0.98609145,0.94715611,0.0,2.63382554,0.0,1600,SUCCESS
phishing,SCS,False,0.01,0.0,Screening,27,11.08323954,0.94075079,0.98609393,0.94715611,0.8175265,1.49971342,0.01925445,4725,SUCCESS
phishing,SCS,False,0.01,0.05,Baseline,27,11.94659211,0.94165536,0.98595799,0.94862605,0.0,2.30287361,0.0,1425,SUCCESS
phishing,SCS,False,0.01,0.05,Screening,27,11.94659214,0.94165536,0.98595633,0.94862605,0.80805654,2.48295116,0.04321051,4550,SUCCESS
phishing,SCS,False,0.05,0.0,Baseline,27,50.67382896,0.94255993,0.98651088,0.94856217,0.0,4.9567976,0.0,3325,SUCCESS
phishing,SCS,False,0.05,0.0,Screening,27,50.67383083,0.94255993,0.98651088,0.94856217,0.84339223,1.23807383,0.01550651,4400,SUCCESS
phishing,SCS,False,0.05,0.05,Baseline,27,55.27741605,0.94301221,0.98623982,0.94951923,0.0,11.52655983,0.0,7450,SUCCESS
phishing,SCS,False,0.05,0.05,Screening,27,55.27741677,0.94301221,0.98624811,0.94951923,0.83024735,1.77448773,0.01924729,3225,SUCCESS
phishing,SCS,False,0.1,0.0,Baseline,27,99.72320277,0.9434645,0.98649265,0.94953573,0.0,12.71538663,0.0,7975,SUCCESS
phishing,SCS,False,0.1,0.0,Screening,27,99.72320309,0.9434645,0.98649182,0.94953573,0.84367491,1.52170229,0.01818991,5875,SUCCESS
phishing,SCS,False,0.1,0.05,Baseline,27,109.12645706,0.94255993,0.98636582,0.94917967,0.0,13.57900858,0.0,7700,SUCCESS
phishing,SCS,False,0.1,0.05,Screening,27,109.12645513,0.94255993,0.9863708,0.94917967,0.83151943,1.10845828,0.01846766,3250,SUCCESS
phishing,SCS,False,0.01,0.0,Baseline,28,11.11181146,0.94255993,0.98750725,0.94934184,0.0,5.00221634,0.0,3025,SUCCESS
phishing,SCS,False,0.01,0.0,Screening,28,11.11181149,0.94255993,0.9875056,0.94934184,0.82035336,2.2573266,0.01750016,5675,SUCCESS
phishing,SCS,False,0.01,0.05,Baseline,28,11.97704669,0.94301221,0.98750725,0.94939759,0.0,2.66254449,0.0,1700,SUCCESS
phishing,SCS,False,0.01,0.05,Screening,28,11.97704656,0.94301221,0.98750808,0.94939759,0.8069258,1.13977528,0.01690316,2925,SUCCESS
phishing,SCS,False,0.05,0.0,Baseline,28,50.88789917,0.93984622,0.98740778,0.94769957,0.0,5.96257734,0.0,3100,SUCCESS
phishing,SCS,False,0.05,0.0,Screening,28,50.88789885,0.93984622,0.98740778,0.94769957,0.83787986,1.51698327,0.01396775,5750,SUCCESS
phishing,SCS,False,0.05,0.05,Baseline,28,55.46928045,0.94301221,0.98737214,0.9498008,0.0,16.62753034,0.0,9900,SUCCESS
phishing,SCS,False,0.05,0.05,Screening,28,55.46927989,0.94301221,0.98737297,0.9498008,0.82742049,2.28264427,0.02507353,4450,SUCCESS
phishing,SCS,False,0.1,0.0,Baseline,28,100.18680295,0.9375848,0.9875172,0.94583987,0.0,23.72439122,0.0,15300,SUCCESS
phishing,SCS,False,0.1,0.0,Screening,28,100.18680318,0.9375848,0.98750642,0.94583987,0.84127208,2.16734076,0.0345521,4900,SUCCESS
phishing,SCS,False,0.1,0.05,Baseline,28,109.54583353,0.94301221,0.98722956,0.94911147,0.0,7.16474986,0.0,4875,SUCCESS
phishing,SCS,False,0.1,0.05,Screening,28,109.54583203,0.94301221,0.98723205,0.94911147,0.82770318,1.11805201,0.01621914,2350,SUCCESS
phishing,SCS,False,0.01,0.0,Baseline,29,11.09144417,0.93713252,0.98438179,0.94464357,0.0,4.92242289,0.0,2800,SUCCESS
phishing,SCS,False,0.01,0.0,Screening,29,11.09144397,0.93713252,0.9843851,0.94464357,0.81597173,1.76023459,0.01505423,6125,SUCCESS
phishing,SCS,False,0.01,0.05,Baseline,29,11.94567335,0.93532338,0.9840212,0.94314115,0.0,3.82447743,0.0,1575,SUCCESS
phishing,SCS,False,0.01,0.05,Screening,29,11.94567308,0.93532338,0.98402203,0.94314115,0.80607774,1.39237571,0.01522017,3900,SUCCESS
phishing,SCS,False,0.05,0.0,Baseline,29,50.82251445,0.93532338,0.98505902,0.94336634,0.0,22.12794542,0.0,13525,SUCCESS
phishing,SCS,False,0.05,0.0,Screening,29,50.82251479,0.93532338,0.9850698,0.94336634,0.83886926,2.72329521,0.03056502,6525,SUCCESS
phishing,SCS,False,0.05,0.05,Baseline,29,55.39564539,0.9348711,0.98470341,0.94281176,0.0,8.38399315,0.0,5750,SUCCESS
phishing,SCS,False,0.05,0.05,Screening,29,55.39564423,0.9348711,0.98470009,0.94281176,0.82614841,1.9467783,0.03583193,3600,SUCCESS
phishing,SCS,False,0.1,0.0,Baseline,29,100.02454288,0.93532338,0.98511124,0.9430959,0.0,10.30030656,0.0,6650,SUCCESS
phishing,SCS,False,0.1,0.0,Screening,29,100.02453993,0.93532338,0.98510544,0.9430959,0.84127208,2.25545835,0.02181458,6850,SUCCESS
phishing,SCS,False,0.1,0.05,Baseline,29,109.40847053,0.93622795,0.98486422,0.94402541,0.0,15.55683303,0.0,9075,SUCCESS
phishing,SCS,False,0.1,0.05,Screening,29,109.40846863,0.93622795,0.98486091,0.94402541,0.83151943,1.03928089,0.01579571,2775,SUCCESS
phishing,SCS,False,0.01,0.0,Baseline,30,10.7920769,0.93215739,0.98420523,0.94057052,0.0,4.66094732,0.0,2600,SUCCESS
phishing,SCS,False,0.01,0.0,Screening,30,10.79228205,0.93260968,0.98419942,0.94094332,0.82628975,0.63343191,0.02457309,450,SUCCESS
phishing,SCS,False,0.01,0.05,Baseline,30,11.61696701,0.93668024,0.98400628,0.94363929,0.0,3.17726493,0.0,2075,SUCCESS
phishing,SCS,False,0.01,0.05,Screening,30,11.61696695,0.93668024,0.9840038,0.94363929,0.81286219,1.2939465,0.01694989,3650,SUCCESS
phishing,SCS,False,0.05,0.0,Baseline,30,49.38714255,0.93532338,0.98494214,0.94345591,0.0,14.67354631,0.0,8850,SUCCESS
phishing,SCS,False,0.05,0.0,Screening,30,49.3871424,0.93532338,0.98494629,0.94345591,0.84777385,2.71626592,0.02189302,7025,SUCCESS
phishing,SCS,False,0.05,0.05,Baseline,30,53.82088313,0.93396653,0.98459482,0.94210944,0.0,6.73060441,0.0,4550,SUCCESS
phishing,SCS,False,0.05,0.05,Screening,30,53.82088252,0.93396653,0.98460725,0.94210944,0.83561837,1.13944912,0.01568127,3175,SUCCESS
phishing,SCS,False,0.1,0.0,Baseline,30,97.14056951,0.94029851,0.98518833,0.94736842,0.0,23.66699648,0.0,14525,SUCCESS
phishing,SCS,False,0.1,0.0,Screening,30,97.14057172,0.94029851,0.98518419,0.94736842,0.84749117,1.1827445,0.01556993,4200,SUCCESS
phishing,SCS,False,0.1,0.05,Baseline,30,106.3031172,0.93577567,0.98466528,0.94378464,0.0,12.10052943,0.0,7175,SUCCESS
phishing,SCS,False,0.1,0.05,Screening,30,106.30311624,0.93577567,0.98466611,0.94378464,0.83717314,1.16661239,0.01873827,2725,SUCCESS
phishing,SCS,True,0.01,0.0,Baseline,1,11.22361344,0.94075079,0.98538106,0.94689907,0.0,4.23518276,0.0,2375,SUCCESS
phishing,SCS,True,0.01,0.0,Screening,1,11.22361355,0.94075079,0.98537525,0.94689907,0.81724382,1.59266472,0.01538062,5150,SUCCESS
phishing,SCS,True,0.01,0.05,Baseline,1,12.08046381,0.94391678,0.98530563,0.95,0.0,4.24546814,0.0,1925,SUCCESS
phishing,SCS,True,0.01,0.05,Screening,1,12.08046388,0.94391678,0.98530563,0.95,0.80367491,1.66347241,0.0147109,5050,SUCCESS
phishing,SCS,True,0.05,0.0,Baseline,1,51.65248808,0.94210764,0.98558332,0.94809408,0.0,8.07190919,0.0,5075,SUCCESS
phishing,SCS,True,0.05,0.0,Screening,1,51.65248766,0.94210764,0.98558,0.94809408,0.83759717,1.86964846,0.02010489,5425,SUCCESS
phishing,SCS,True,0.05,0.05,Baseline,1,56.15478936,0.9434645,0.98546644,0.94912495,0.0,9.77169299,0.0,6025,SUCCESS
phishing,SCS,True,0.05,0.05,Screening,1,56.15478694,0.9434645,0.98546727,0.94912495,0.8264311,1.38964033,0.01819515,3775,SUCCESS
phishing,SCS,True,0.1,0.0,Baseline,1,101.81074121,0.9434645,0.98578143,0.94969819,0.0,6.90134573,0.0,4775,SUCCESS
phishing,SCS,True,0.1,0.0,Screening,1,101.81074145,0.9434645,0.98578392,0.94969819,0.84254417,2.44426513,0.03427792,5875,SUCCESS
phishing,SCS,True,0.1,0.05,Baseline,1,111.00877627,0.94436906,0.98563471,0.94997967,0.0,19.64084053,0.0,12100,SUCCESS
phishing,SCS,True,0.1,0.05,Screening,1,111.00877828,0.94436906,0.98563388,0.94997967,0.82939929,1.34312129,0.03065872,4300,SUCCESS
phishing,SCS,True,0.01,0.0,Baseline,2,11.15953939,0.93351425,0.98389521,0.94007338,0.0,4.10197401,0.0,1600,SUCCESS
phishing,SCS,True,0.01,0.0,Screening,2,11.15953924,0.93351425,0.98389438,0.94007338,0.81809187,1.16339779,0.01720905,3375,SUCCESS
phishing,SCS,True,0.01,0.05,Baseline,2,12.01947875,0.93306196,0.98367803,0.93949305,0.0,3.18274736,0.0,2025,SUCCESS
phishing,SCS,True,0.01,0.05,Screening,2,12.01947861,0.93306196,0.98367803,0.93949305,0.8059364,1.96651196,0.01940179,4400,SUCCESS
phishing,SCS,True,0.05,0.0,Baseline,2,51.0970661,0.9348711,0.98409083,0.94193548,0.0,4.87788177,0.0,2975,SUCCESS
phishing,SCS,True,0.05,0.0,Screening,2,51.0970626,0.9348711,0.98409166,0.94193548,0.84141343,1.59124422,0.02448201,6150,SUCCESS
phishing,SCS,True,0.05,0.05,Baseline,2,55.72489896,0.93396653,0.98380485,0.94065041,0.0,9.07428479,0.0,4475,SUCCESS
phishing,SCS,True,0.05,0.05,Screening,2,55.72489658,0.93396653,0.98380403,0.94065041,0.82515901,1.24640751,0.02098536,3575,SUCCESS
phishing,SCS,True,0.1,0.0,Baseline,2,100.54018897,0.93622795,0.98422346,0.94284556,0.0,10.9512012,0.0,6125,SUCCESS
phishing,SCS,True,0.1,0.0,Screening,2,100.54018427,0.93622795,0.98422595,0.94284556,0.84424028,1.57415843,0.02440882,6100,SUCCESS
phishing,SCS,True,0.1,0.05,Baseline,2,110.03879944,0.93577567,0.98394411,0.94237013,0.0,10.28799367,0.0,5350,SUCCESS
phishing,SCS,True,0.1,0.05,Screening,2,110.03879953,0.93577567,0.98394494,0.94237013,0.83194346,1.03670502,0.01661348,2875,SUCCESS
phishing,SCS,True,0.01,0.0,Baseline,3,11.33859426,0.94120308,0.98695643,0.94791667,0.0,9.64443946,0.0,5175,SUCCESS
phishing,SCS,True,0.01,0.0,Screening,3,11.33859448,0.94120308,0.9869556,0.94791667,0.81667845,1.67135882,0.01395702,5650,SUCCESS
phishing,SCS,True,0.01,0.05,Baseline,3,12.19868248,0.94029851,0.98680474,0.94728435,0.0,4.07407689,0.0,2025,SUCCESS
phishing,SCS,True,0.01,0.05,Screening,3,12.19868221,0.94029851,0.98680474,0.94728435,0.8039576,1.65675712,0.02272654,4175,SUCCESS
phishing,SCS,True,0.05,0.0,Baseline,3,52.30689339,0.93622795,0.98720096,0.94353224,0.0,7.05839562,0.0,4900,SUCCESS
phishing,SCS,True,0.05,0.0,Screening,3,52.30689258,0.93622795,0.98720096,0.94353224,0.83561837,2.54763603,0.03712988,5925,SUCCESS
phishing,SCS,True,0.05,0.05,Baseline,3,56.79357874,0.93939394,0.98700451,0.94644285,0.0,6.60572124,0.0,4450,SUCCESS
phishing,SCS,True,0.05,0.05,Screening,3,56.79357714,0.93939394,0.98699622,0.94644285,0.8234629,1.33102822,0.01804924,2425,SUCCESS
phishing,SCS,True,0.1,0.0,Baseline,3,103.12710045,0.94255993,0.98718356,0.94775812,0.0,10.04887056,0.0,6975,SUCCESS
phishing,SCS,True,0.1,0.0,Screening,3,103.12709729,0.94255993,0.9871761,0.94775812,0.84028269,2.4220593,0.04230952,5450,SUCCESS
phishing,SCS,True,0.1,0.05,Baseline,3,112.31431092,0.9434645,0.98711144,0.94891704,0.0,12.81350231,0.0,7725,SUCCESS
phishing,SCS,True,0.1,0.05,Screening,3,112.31431342,0.9434645,0.98710813,0.94891704,0.83095406,1.03137898,0.01924896,2825,SUCCESS
phishing,SCS,True,0.01,0.0,Baseline,4,11.3728117,0.94210764,0.98633805,0.94842869,0.0,2.72880411,0.0,1775,SUCCESS
phishing,SCS,True,0.01,0.0,Screening,4,11.37281163,0.94210764,0.98633888,0.94842869,0.81893993,1.63375711,0.01507425,5450,SUCCESS
phishing,SCS,True,0.01,0.05,Baseline,4,12.23202308,0.94391678,0.98601892,0.94983819,0.0,2.53111911,0.0,1275,SUCCESS
phishing,SCS,True,0.01,0.05,Screening,4,12.23202303,0.94391678,0.98601892,0.94983819,0.80409894,1.20884681,0.0166142,3175,SUCCESS
phishing,SCS,True,0.05,0.0,Baseline,4,52.16262061,0.94436906,0.98675417,0.95050302,0.0,9.72749567,0.0,5225,SUCCESS
phishing,SCS,True,0.05,0.0,Screening,4,52.16261949,0.94436906,0.98676578,0.95050302,0.83943463,1.62724662,0.0147748,6275,SUCCESS
phishing,SCS,True,0.05,0.05,Baseline,4,56.91826655,0.94210764,0.98647814,0.94800975,0.0,7.31134987,0.0,4125,SUCCESS
phishing,SCS,True,0.05,0.05,Screening,4,56.91826542,0.94210764,0.98647731,0.94800975,0.8244523,1.05496883,0.01634264,2850,SUCCESS
phishing,SCS,True,0.1,0.0,Baseline,4,102.60000072,0.93894166,0.9869755,0.94428395,0.0,10.46366835,0.0,6425,SUCCESS
phishing,SCS,True,0.1,0.0,Screening,4,102.59999923,0.93894166,0.9869813,0.94428395,0.84169611,1.71922827,0.01553202,6750,SUCCESS
phishing,SCS,True,0.1,0.05,Baseline,4,112.46639237,0.93984622,0.9866116,0.94524496,0.0,6.94845891,0.0,4500,SUCCESS
phishing,SCS,True,0.1,0.05,Screening,4,112.46638952,0.93984622,0.98661409,0.94524496,0.82812721,2.26836157,0.02195024,5300,SUCCESS
phishing,SCS,True,0.01,0.0,Baseline,5,11.14368014,0.94301221,0.98545317,0.94931617,0.0,25.36866069,0.0,15600,SUCCESS
phishing,SCS,True,0.01,0.0,Screening,5,11.14368007,0.94301221,0.985454,0.94931617,0.8214841,1.44213891,0.01858664,4625,SUCCESS
phishing,SCS,True,0.01,0.05,Baseline,5,11.98694123,0.9434645,0.98517963,0.94985961,0.0,1.93144274,0.0,1175,SUCCESS
phishing,SCS,True,0.01,0.05,Screening,5,11.98694098,0.9434645,0.98517963,0.94985961,0.80508834,1.5679543,0.01671958,4600,SUCCESS
phishing,SCS,True,0.05,0.0,Baseline,5,51.24474405,0.94301221,0.98598452,0.94923449,0.0,7.76157928,0.0,4200,SUCCESS
phishing,SCS,True,0.05,0.0,Screening,5,51.24474303,0.94301221,0.98598452,0.94923449,0.83519435,1.52177668,0.02142191,5125,SUCCESS
phishing,SCS,True,0.05,0.05,Baseline,5,55.71746572,0.9434645,0.98557088,0.94977903,0.0,24.78299093,0.0,14150,SUCCESS
phishing,SCS,True,0.05,0.05,Screening,5,55.71746459,0.9434645,0.98557254,0.94977903,0.82515901,1.15096879,0.01710248,3325,SUCCESS
phishing,SCS,True,0.1,0.0,Baseline,5,100.98616645,0.94572592,0.98607238,0.95121951,0.0,11.13998151,0.0,6350,SUCCESS
phishing,SCS,True,0.1,0.0,Screening,5,100.98616211,0.94572592,0.98607653,0.95121951,0.83689046,1.59247518,0.01715708,6025,SUCCESS
phishing,SCS,True,0.1,0.05,Baseline,5,110.11726206,0.94165536,0.98579884,0.94779442,0.0,19.2432909,0.0,11500,SUCCESS
phishing,SCS,True,0.1,0.05,Screening,5,110.11726306,0.94165536,0.98580215,0.94779442,0.83010601,2.02609634,0.04195547,5300,SUCCESS
phishing,SCS,True,0.01,0.0,Baseline,6,11.15254337,0.94210764,0.98561854,0.94859438,0.0,2.55821729,0.0,1675,SUCCESS
phishing,SCS,True,0.01,0.0,Screening,6,11.15254322,0.94210764,0.98561937,0.94859438,0.81427562,1.40019178,0.01399732,4350,SUCCESS
phishing,SCS,True,0.01,0.05,Baseline,6,12.00110633,0.93939394,0.98525548,0.94517185,0.0,5.44289327,0.0,2175,SUCCESS
phishing,SCS,True,0.01,0.05,Screening,6,12.00110616,0.93939394,0.98525216,0.94517185,0.80240283,1.30289388,0.01621127,3500,SUCCESS
phishing,SCS,True,0.05,0.0,Baseline,6,51.26988419,0.94391678,0.98613579,0.94963444,0.0,5.22517896,0.0,3600,SUCCESS
phishing,SCS,True,0.05,0.0,Screening,6,51.26988399,0.94391678,0.98613662,0.94963444,0.83971731,2.14290237,0.04082108,4925,SUCCESS
phishing,SCS,True,0.05,0.05,Baseline,6,55.76796279,0.94391678,0.98568983,0.94963444,0.0,10.155797,0.0,6550,SUCCESS
phishing,SCS,True,0.05,0.05,Screening,6,55.76796044,0.94391678,0.98569149,0.94963444,0.82628975,1.58509827,0.02253461,3600,SUCCESS
phishing,SCS,True,0.1,0.0,Baseline,6,101.00358979,0.94391678,0.98616232,0.94955248,0.0,10.37462115,0.0,6650,SUCCESS
phishing,SCS,True,0.1,0.0,Screening,6,101.00358814,0.94391678,0.98616232,0.94955248,0.84254417,1.75571775,0.03158379,6150,SUCCESS
phishing,SCS,True,0.1,0.05,Baseline,6,110.2140476,0.9434645,0.98591364,0.94916633,0.0,13.26907754,0.0,7625,SUCCESS
phishing,SCS,True,0.1,0.05,Screening,6,110.21404361,0.9434645,0.98591364,0.94916633,0.82925795,1.04562998,0.01707911,2875,SUCCESS
phishing,SCS,True,0.01,0.0,Baseline,7,11.31574307,0.93894166,0.98846922,0.94610778,0.0,4.02863598,0.0,2275,SUCCESS
phishing,SCS,True,0.01,0.0,Screening,7,11.31574307,0.93894166,0.98846839,0.94610778,0.81526502,2.19696307,0.03658152,5625,SUCCESS
phishing,SCS,True,0.01,0.05,Baseline,7,12.17794459,0.93848937,0.9883109,0.94590294,0.0,2.27173829,0.0,1400,SUCCESS
phishing,SCS,True,0.01,0.05,Screening,7,12.17794477,0.93848937,0.98830924,0.94590294,0.80084806,0.95117807,0.01562929,2050,SUCCESS
phishing,SCS,True,0.05,0.0,Baseline,7,51.9964431,0.94120308,0.98896824,0.94849445,0.0,22.88325596,0.0,13150,SUCCESS
phishing,SCS,True,0.05,0.0,Screening,7,51.99644243,0.94165536,0.98897404,0.94858509,0.83420495,1.69714546,0.01474309,6350,SUCCESS
phishing,SCS,True,0.05,0.05,Baseline,7,56.64827547,0.94165536,0.98874857,0.94862605,0.0,7.42074013,0.0,3950,SUCCESS
phishing,SCS,True,0.05,0.05,Screening,7,56.64827479,0.94165536,0.98874443,0.94862605,0.82501767,1.06297684,0.01531863,2925,SUCCESS
phishing,SCS,True,0.1,0.0,Baseline,7,102.45232286,0.94075079,0.98903455,0.94803649,0.0,7.9792583,0.0,5125,SUCCESS
phishing,SCS,True,0.1,0.0,Screening,7,102.45231663,0.94075079,0.98904035,0.94803649,0.83759717,2.04165864,0.03176975,6775,SUCCESS
phishing,SCS,True,0.1,0.05,Baseline,7,111.93245682,0.94120308,0.98872868,0.9484127,0.0,11.71381426,0.0,6950,SUCCESS
phishing,SCS,True,0.1,0.05,Screening,7,111.93244923,0.94120308,0.98873365,0.9484127,0.82204947,1.19659162,0.01884651,3500,SUCCESS
phishing,SCS,True,0.01,0.0,Baseline,8,11.25103204,0.93668024,0.98472662,0.94229184,0.0,2.51957512,0.0,1675,SUCCESS
phishing,SCS,True,0.01,0.0,Screening,8,11.25103173,0.93668024,0.98472662,0.94229184,0.81272085,1.94730806,0.01619792,5250,SUCCESS
phishing,SCS,True,0.01,0.05,Baseline,8,12.1187288,0.93306196,0.98457078,0.94046661,0.0,2.66660094,0.0,1500,SUCCESS
phishing,SCS,True,0.01,0.05,Screening,8,12.11872864,0.93306196,0.98456747,0.94046661,0.80381625,1.36395431,0.01596689,3675,SUCCESS
phishing,SCS,True,0.05,0.0,Baseline,8,51.5531413,0.93441882,0.98503001,0.94150867,0.0,4.61561394,0.0,2800,SUCCESS
phishing,SCS,True,0.05,0.0,Screening,8,51.55314018,0.93441882,0.98502752,0.94150867,0.83971731,2.20103717,0.02014685,6350,SUCCESS
phishing,SCS,True,0.05,0.05,Baseline,8,56.20799308,0.93260968,0.98484516,0.94028056,0.0,9.94507885,0.0,6225,SUCCESS
phishing,SCS,True,0.05,0.05,Screening,8,56.20799277,0.93260968,0.98484433,0.94028056,0.82600707,1.52331281,0.01984811,4575,SUCCESS
phishing,SCS,True,0.1,0.0,Baseline,8,101.45381301,0.93668024,0.9851502,0.94238683,0.0,18.1731596,0.0,11450,SUCCESS
phishing,SCS,True,0.1,0.0,Screening,8,101.45381309,0.93668024,0.98514854,0.94238683,0.84070671,1.44941425,0.01411653,5500,SUCCESS
phishing,SCS,True,0.1,0.05,Baseline,8,111.0269477,0.93215739,0.98488577,0.93985565,0.0,22.58334899,0.0,12825,SUCCESS
phishing,SCS,True,0.1,0.05,Screening,8,111.02695008,0.93215739,0.9848866,0.93985565,0.82614841,1.17214251,0.01752496,3400,SUCCESS
phishing,SCS,True,0.01,0.0,Baseline,9,11.00250209,0.93260968,0.98160074,0.94094332,0.0,3.7039237,0.0,2500,SUCCESS
phishing,SCS,True,0.01,0.0,Screening,9,11.00250171,0.93260968,0.98160157,0.94094332,0.81710247,2.05199313,0.03481603,4025,SUCCESS
phishing,SCS,True,0.01,0.05,Baseline,9,11.85060291,0.93351425,0.98156095,0.94145759,0.0,2.60795116,0.0,1675,SUCCESS
phishing,SCS,True,0.01,0.05,Screening,9,11.85081217,0.93351425,0.98154935,0.94145759,0.80367491,0.45772505,0.01613116,475,SUCCESS
phishing,SCS,True,0.05,0.0,Baseline,9,50.36776474,0.93532338,0.98235589,0.94332144,0.0,15.95454216,0.0,9850,SUCCESS
phishing,SCS,True,0.05,0.0,Screening,9,50.36776159,0.93532338,0.98234429,0.94332144,0.84353357,2.20647526,0.03592968,5000,SUCCESS
phishing,SCS,True,0.05,0.05,Baseline,9,54.93167449,0.92672999,0.98202432,0.93657009,0.0,5.18203402,0.0,3550,SUCCESS
phishing,SCS,True,0.05,0.05,Screening,9,54.93167501,0.92672999,0.98202681,0.93657009,0.83349823,0.94571638,0.01676154,2450,SUCCESS
phishing,SCS,True,0.1,0.0,Baseline,9,99.09090573,0.93260968,0.98253577,0.94112999,0.0,7.201689,0.0,3725,SUCCESS
phishing,SCS,True,0.1,0.0,Screening,9,99.0909051,0.93260968,0.98253908,0.94112999,0.84636042,1.05921388,0.01910377,3400,SUCCESS
phishing,SCS,True,0.1,0.05,Baseline,9,108.48429192,0.92899141,0.98218845,0.93840722,0.0,26.46053863,0.0,15375,SUCCESS
phishing,SCS,True,0.1,0.05,Screening,9,108.48429303,0.92899141,0.98219011,0.93840722,0.83491166,1.50830436,0.01652646,5300,SUCCESS
phishing,SCS,True,0.01,0.0,Baseline,10,11.52998702,0.93984622,0.98947471,0.9477817,0.0,7.58849955,0.0,3700,SUCCESS
phishing,SCS,True,0.01,0.0,Screening,10,11.53026894,0.93984622,0.9894573,0.9477817,0.80946996,0.42657399,0.01453257,400,SUCCESS
phishing,SCS,True,0.01,0.05,Baseline,10,12.42123318,0.94798734,0.98932384,0.95394473,0.0,5.61625385,0.0,3700,SUCCESS
phishing,SCS,True,0.01,0.05,Screening,10,12.42123316,0.94798734,0.98932219,0.95394473,0.80056537,2.53378582,0.02650237,4850,SUCCESS
phishing,SCS,True,0.05,0.0,Baseline,10,52.92062443,0.94165536,0.98947554,0.94911243,0.0,8.78514266,0.0,6100,SUCCESS
phishing,SCS,True,0.05,0.0,Screening,10,52.92062583,0.94165536,0.98947554,0.94911243,0.83660777,2.00518847,0.03379798,4575,SUCCESS
phishing,SCS,True,0.05,0.05,Baseline,10,57.71991856,0.9375848,0.98934125,0.94592476,0.0,4.6598134,0.0,3150,SUCCESS
phishing,SCS,True,0.05,0.05,Screening,10,57.71991798,0.9375848,0.98934125,0.94592476,0.82077739,1.72728539,0.01779723,3600,SUCCESS
phishing,SCS,True,0.1,0.0,Baseline,10,104.15855048,0.94120308,0.98947305,0.94865719,0.0,32.744277,0.0,20000,SUCCESS
phishing,SCS,True,0.1,0.0,Screening,10,104.1585292,0.94120308,0.98947388,0.94865719,0.57540636,1.51066113,0.02746725,900,SUCCESS
phishing,SCS,True,0.1,0.05,Baseline,10,114.0591348,0.93894166,0.98927743,0.94699647,0.0,21.49462271,0.0,13350,SUCCESS
phishing,SCS,True,0.1,0.05,Screening,10,114.05913393,0.93894166,0.98927743,0.94699647,0.82388693,2.48827744,0.02055097,5750,SUCCESS
phishing,SCS,True,0.01,0.0,Baseline,11,11.17218406,0.93441882,0.98478796,0.9413193,0.0,6.16257477,0.0,4300,SUCCESS
phishing,SCS,True,0.01,0.0,Screening,11,11.17218413,0.93441882,0.98478547,0.9413193,0.81724382,2.05643725,0.01702738,4225,SUCCESS
phishing,SCS,True,0.01,0.05,Baseline,11,12.04820261,0.93306196,0.98467937,0.93993506,0.0,3.07245684,0.0,2000,SUCCESS
phishing,SCS,True,0.01,0.05,Screening,11,12.04820238,0.93306196,0.98467937,0.93993506,0.80325088,1.36450863,0.01545548,3875,SUCCESS
phishing,SCS,True,0.05,0.0,Baseline,11,51.02907016,0.93622795,0.9843047,0.94275274,0.0,14.78135371,0.0,8950,SUCCESS
phishing,SCS,True,0.05,0.0,Screening,11,51.02907033,0.93622795,0.98430221,0.94275274,0.84070671,1.76438212,0.01368833,4625,SUCCESS
phishing,SCS,True,0.05,0.05,Baseline,11,55.75923373,0.93215739,0.98441411,0.93897478,0.0,13.98440909,0.0,8700,SUCCESS
phishing,SCS,True,0.05,0.05,Screening,11,55.75922999,0.93215739,0.98441411,0.93897478,0.82501767,1.48745632,0.02206516,3575,SUCCESS
phishing,SCS,True,0.1,0.0,Baseline,11,100.35663309,0.93668024,0.98446219,0.94308943,0.0,21.79215598,0.0,14025,SUCCESS
phishing,SCS,True,0.1,0.0,Screening,11,100.35662991,0.93668024,0.98446468,0.94308943,0.8390106,1.94180083,0.03603745,4150,SUCCESS
phishing,SCS,True,0.1,0.05,Baseline,11,110.04971815,0.93577567,0.98439505,0.94237013,0.0,19.9259553,0.0,12425,SUCCESS
phishing,SCS,True,0.1,0.05,Screening,11,110.04972248,0.93577567,0.98439505,0.94237013,0.83151943,1.51212001,0.0144124,5175,SUCCESS
phishing,SCS,True,0.01,0.0,Baseline,12,11.35406247,0.93848937,0.98510254,0.94502829,0.0,6.90401936,0.0,3225,SUCCESS
phishing,SCS,True,0.01,0.0,Screening,12,11.3540624,0.93848937,0.98510668,0.94502829,0.81837456,1.41072488,0.01405406,4550,SUCCESS
phishing,SCS,True,0.01,0.05,Baseline,12,12.23145831,0.94255993,0.98491852,0.94905736,0.0,2.53537583,0.0,1625,SUCCESS
phishing,SCS,True,0.01,0.05,Screening,12,12.23145827,0.94255993,0.984921,0.94905736,0.79929329,2.07094264,0.0335319,3350,SUCCESS
phishing,SCS,True,0.05,0.0,Baseline,12,52.05752429,0.94210764,0.98543742,0.94784026,0.0,9.08551145,0.0,6200,SUCCESS
phishing,SCS,True,0.05,0.0,Screening,12,52.0575227,0.94210764,0.98543825,0.94784026,0.83689046,1.98417139,0.01748872,5500,SUCCESS
phishing,SCS,True,0.05,0.05,Baseline,12,56.7836331,0.93894166,0.98512077,0.9446948,0.0,32.87521029,0.0,20000,SUCCESS
phishing,SCS,True,0.05,0.05,Screening,12,56.78461686,0.93939394,0.98510585,0.94512695,0.61328622,1.71830249,0.02827835,1125,SUCCESS
phishing,SCS,True,0.1,0.0,Baseline,12,102.45963304,0.93803709,0.98561896,0.94495781,0.0,25.51188326,0.0,15100,SUCCESS
phishing,SCS,True,0.1,0.0,Screening,12,102.45963562,0.93803709,0.98561481,0.94495781,0.84127208,1.4064281,0.01421213,5250,SUCCESS
phishing,SCS,True,0.1,0.05,Baseline,12,112.18763112,0.93939394,0.98523682,0.9463141,0.0,13.51628423,0.0,7975,SUCCESS
phishing,SCS,True,0.1,0.05,Screening,12,112.18762817,0.93939394,0.98523102,0.9463141,0.82685512,1.95142674,0.0156877,5425,SUCCESS
phishing,SCS,True,0.01,0.0,Baseline,13,11.21622522,0.94075079,0.98673345,0.94753704,0.0,5.33390903,0.0,3100,SUCCESS
phishing,SCS,True,0.01,0.0,Screening,13,11.216225,0.94075079,0.98673345,0.94753704,0.81526502,1.58539391,0.0142777,5275,SUCCESS
phishing,SCS,True,0.01,0.05,Baseline,13,12.07137222,0.93984622,0.98655855,0.94669339,0.0,6.91296911,0.0,3125,SUCCESS
phishing,SCS,True,0.01,0.05,Screening,13,12.07137209,0.93984622,0.98656103,0.94669339,0.80466431,1.55080581,0.0152092,4575,SUCCESS
phishing,SCS,True,0.05,0.0,Baseline,13,51.5083937,0.9434645,0.98706005,0.94965767,0.0,10.2116003,0.0,5625,SUCCESS
phishing,SCS,True,0.05,0.0,Screening,13,51.50839534,0.9434645,0.98705424,0.94965767,0.83872792,1.31574774,0.01502824,4675,SUCCESS
phishing,SCS,True,0.05,0.05,Baseline,13,56.08809872,0.93984622,0.98672516,0.94604462,0.0,9.88748527,0.0,5200,SUCCESS
phishing,SCS,True,0.05,0.05,Screening,13,56.08809837,0.93984622,0.98672682,0.94604462,0.82388693,1.0917716,0.01396585,3050,SUCCESS
phishing,SCS,True,0.1,0.0,Baseline,13,101.46223394,0.94255993,0.98698296,0.94876967,0.0,30.98547459,0.0,18650,SUCCESS
phishing,SCS,True,0.1,0.0,Screening,13,101.46223454,0.94255993,0.98698379,0.94876967,0.8419788,1.49355388,0.01428795,5775,SUCCESS
phishing,SCS,True,0.1,0.05,Baseline,13,110.83502566,0.94301221,0.98684536,0.94919355,0.0,13.96534586,0.0,8125,SUCCESS
phishing,SCS,True,0.1,0.05,Screening,13,110.83502722,0.94301221,0.98684701,0.94919355,0.82855124,2.46662235,0.0399251,5175,SUCCESS
phishing,SCS,True,0.01,0.0,Baseline,14,11.41826233,0.94029851,0.9866576,0.94590164,0.0,11.69363761,0.0,7550,SUCCESS
phishing,SCS,True,0.01,0.0,Screening,14,11.41826229,0.94029851,0.9866576,0.94590164,0.81865724,1.38138366,0.02063394,4150,SUCCESS
phishing,SCS,True,0.01,0.05,Baseline,14,12.29092744,0.93848937,0.98672475,0.94407895,0.0,3.49755239,0.0,2300,SUCCESS
phishing,SCS,True,0.01,0.05,Screening,14,12.29092767,0.93848937,0.98672558,0.94407895,0.79830389,2.11191702,0.01696134,4175,SUCCESS
phishing,SCS,True,0.05,0.0,Baseline,14,52.51364138,0.9375848,0.98630614,0.94344262,0.0,32.86182523,0.0,20000,SUCCESS
phishing,SCS,True,0.05,0.0,Screening,14,52.51490483,0.93622795,0.98628293,0.94228408,0.60975265,0.99535131,0.02842331,425,SUCCESS
phishing,SCS,True,0.05,0.05,Baseline,14,57.17241923,0.93939394,0.98660704,0.94508197,0.0,8.92611098,0.0,5175,SUCCESS
phishing,SCS,True,0.05,0.05,Screening,14,57.17241919,0.93939394,0.98660704,0.94508197,0.8254417,1.1230371,0.01855469,3175,SUCCESS
phishing,SCS,True,0.1,0.0,Baseline,14,103.45990113,0.93622795,0.98621744,0.94237842,0.0,22.96623826,0.0,14625,SUCCESS
phishing,SCS,True,0.1,0.0,Screening,14,103.45990182,0.93622795,0.98621661,0.94237842,0.83787986,2.46362543,0.02756667,5950,SUCCESS
phishing,SCS,True,0.1,0.05,Baseline,14,113.02263009,0.93803709,0.98658715,0.94341181,0.0,21.01369572,0.0,13250,SUCCESS
phishing,SCS,True,0.1,0.05,Screening,14,113.02263306,0.93803709,0.98658963,0.94341181,0.82699647,1.11346459,0.01851106,2900,SUCCESS
phishing,SCS,True,0.01,0.0,Baseline,15,11.25882321,0.94165536,0.98713424,0.94866693,0.0,3.73439598,0.0,1800,SUCCESS
phishing,SCS,True,0.01,0.0,Screening,15,11.25882286,0.94165536,0.98713424,0.94866693,0.81469965,1.52742958,0.01464415,4975,SUCCESS
phishing,SCS,True,0.01,0.05,Baseline,15,12.13235541,0.94029851,0.98706378,0.94707298,0.0,2.03837252,0.0,1275,SUCCESS
phishing,SCS,True,0.01,0.05,Screening,15,12.13235564,0.94029851,0.98706378,0.94707298,0.80070671,1.85111427,0.02427626,3325,SUCCESS
phishing,SCS,True,0.05,0.0,Baseline,15,51.72144651,0.94075079,0.98717237,0.94770459,0.0,14.1074574,0.0,8425,SUCCESS
phishing,SCS,True,0.05,0.0,Screening,15,51.72144533,0.94075079,0.98716574,0.94770459,0.84014134,1.50318623,0.01635671,5600,SUCCESS
phishing,SCS,True,0.05,0.05,Baseline,15,56.27693438,0.93848937,0.98723785,0.94603175,0.0,13.43913293,0.0,7700,SUCCESS
phishing,SCS,True,0.05,0.05,Screening,15,56.27693595,0.93848937,0.98724117,0.94603175,0.82699647,1.16081667,0.01615429,3375,SUCCESS
phishing,SCS,True,0.1,0.0,Baseline,15,101.89520824,0.94029851,0.98722293,0.9472,0.0,20.91000938,0.0,11875,SUCCESS
phishing,SCS,True,0.1,0.0,Screening,15,101.89520569,0.94029851,0.98722293,0.9472,0.84155477,1.51404166,0.03087473,5800,SUCCESS
phishing,SCS,True,0.1,0.05,Baseline,15,111.23090682,0.94165536,0.9873224,0.94866693,0.0,17.67022848,0.0,10825,SUCCESS
phishing,SCS,True,0.1,0.05,Screening,15,111.23090186,0.94165536,0.98731909,0.94866693,0.82091873,1.14169788,0.01621771,3150,SUCCESS
phishing,SCS,True,0.01,0.0,Baseline,16,11.27546291,0.94029851,0.98582909,0.9472,0.0,3.61773968,0.0,1500,SUCCESS
phishing,SCS,True,0.01,0.0,Screening,16,11.27546254,0.94029851,0.98582992,0.9472,0.81045936,1.51364064,0.01502776,4650,SUCCESS
phishing,SCS,True,0.01,0.05,Baseline,16,12.12433483,0.94029851,0.98581086,0.94711538,0.0,2.97596264,0.0,1975,SUCCESS
phishing,SCS,True,0.01,0.05,Screening,16,12.12433475,0.94029851,0.98582495,0.94711538,0.80084806,2.35569191,0.03388619,4150,SUCCESS
phishing,SCS,True,0.05,0.0,Baseline,16,51.94133838,0.94120308,0.98649721,0.94837172,0.0,22.81039,0.0,14825,SUCCESS
phishing,SCS,True,0.05,0.0,Screening,16,51.94133944,0.94120308,0.98649721,0.94837172,0.835053,2.23139071,0.01582861,6725,SUCCESS
phishing,SCS,True,0.05,0.05,Baseline,16,56.45639721,0.94165536,0.98601477,0.94842063,0.0,11.96592331,0.0,7725,SUCCESS
phishing,SCS,True,0.05,0.05,Screening,16,56.45639764,0.94165536,0.98601394,0.94842063,0.82431095,1.26369381,0.02349329,3175,SUCCESS
phishing,SCS,True,0.1,0.0,Baseline,16,102.32246649,0.94029851,0.98657098,0.94698795,0.0,25.34178019,0.0,15925,SUCCESS
phishing,SCS,True,0.1,0.0,Screening,16,102.32246751,0.94029851,0.98657181,0.94698795,0.84438163,2.69984746,0.03440142,11225,SUCCESS
phishing,SCS,True,0.1,0.05,Baseline,16,111.62468047,0.94120308,0.98612087,0.94837172,0.0,18.62555456,0.0,11525,SUCCESS
phishing,SCS,True,0.1,0.05,Screening,16,111.62468322,0.94120308,0.98612419,0.94837172,0.82572438,1.17674422,0.01621389,3425,SUCCESS
phishing,SCS,True,0.01,0.0,Baseline,17,11.07327404,0.93260968,0.98529153,0.94037615,0.0,4.64470315,0.0,2875,SUCCESS
phishing,SCS,True,0.01,0.0,Screening,17,11.07327417,0.93260968,0.9852907,0.94037615,0.82219081,1.30224252,0.01671767,3950,SUCCESS
phishing,SCS,True,0.01,0.05,Baseline,17,11.91656479,0.92989597,0.98494504,0.93817312,0.0,2.73317051,0.0,1425,SUCCESS
phishing,SCS,True,0.01,0.05,Screening,17,11.91656497,0.92989597,0.98494504,0.93817312,0.80946996,1.65649295,0.02381563,2800,SUCCESS
phishing,SCS,True,0.05,0.0,Baseline,17,50.8990955,0.93215739,0.98526418,0.94042891,0.0,6.95040131,0.0,4825,SUCCESS
phishing,SCS,True,0.05,0.0,Screening,17,50.89909555,0.93215739,0.98528159,0.94042891,0.84127208,2.30409122,0.03157187,5175,SUCCESS
phishing,SCS,True,0.05,0.05,Baseline,17,55.3283252,0.93622795,0.98547224,0.94321385,0.0,20.72891498,0.0,12925,SUCCESS
phishing,SCS,True,0.05,0.05,Screening,17,55.32832791,0.93622795,0.98547141,0.94321385,0.82770318,1.11969805,0.01619339,3225,SUCCESS
phishing,SCS,True,0.1,0.0,Baseline,17,100.27553726,0.93170511,0.98524843,0.94048088,0.0,9.79958558,0.0,6425,SUCCESS
phishing,SCS,True,0.1,0.0,Screening,17,100.27553066,0.93170511,0.98525092,0.94048088,0.83985866,2.28121829,0.0215559,5700,SUCCESS
phishing,SCS,True,0.1,0.05,Baseline,17,109.35851541,0.93441882,0.98555845,0.94179045,0.0,11.87128782,0.0,7775,SUCCESS
phishing,SCS,True,0.1,0.05,Screening,17,109.35851221,0.93441882,0.98555762,0.94179045,0.82770318,1.62429261,0.02160645,2950,SUCCESS
phishing,SCS,True,0.01,0.0,Baseline,18,11.13284687,0.9375848,0.98533795,0.9446672,0.0,2.34279466,0.0,1525,SUCCESS
phishing,SCS,True,0.01,0.0,Screening,18,11.13284671,0.9375848,0.98533712,0.9446672,0.81512367,1.34688473,0.0149138,4000,SUCCESS
phishing,SCS,True,0.01,0.05,Baseline,18,11.99150619,0.93984622,0.98486132,0.94656489,0.0,4.62899494,0.0,1800,SUCCESS
phishing,SCS,True,0.01,0.05,Screening,18,11.99150634,0.93984622,0.98486132,0.94656489,0.80848057,1.44774723,0.01472878,4325,SUCCESS
phishing,SCS,True,0.05,0.0,Baseline,18,51.03944717,0.93894166,0.98537691,0.94487546,0.0,18.03184295,0.0,11250,SUCCESS
phishing,SCS,True,0.05,0.0,Screening,18,51.03944715,0.93894166,0.98538189,0.94487546,0.83943463,1.39104414,0.01471448,4875,SUCCESS
phishing,SCS,True,0.05,0.05,Baseline,18,55.5677823,0.93848937,0.98524014,0.9456,0.0,12.28224635,0.0,7725,SUCCESS
phishing,SCS,True,0.05,0.05,Screening,18,55.56778097,0.93848937,0.98524346,0.9456,0.8244523,1.92277193,0.02092004,3575,SUCCESS
phishing,SCS,True,0.1,0.0,Baseline,18,100.52209624,0.93713252,0.98559575,0.94342694,0.0,15.94517493,0.0,9650,SUCCESS
phishing,SCS,True,0.1,0.0,Screening,18,100.52209114,0.93713252,0.98560818,0.94342694,0.84169611,1.59400916,0.01668215,6300,SUCCESS
phishing,SCS,True,0.1,0.05,Baseline,18,109.76440918,0.93668024,0.98524677,0.94299674,0.0,15.55338168,0.0,9150,SUCCESS
phishing,SCS,True,0.1,0.05,Screening,18,109.76440562,0.93668024,0.98526418,0.94299674,0.82685512,1.06612515,0.01440525,2825,SUCCESS
phishing,SCS,True,0.01,0.0,Baseline,19,10.48696445,0.9262777,0.98076808,0.9357002,0.0,11.26492691,0.0,7650,SUCCESS
phishing,SCS,True,0.01,0.0,Screening,19,10.4869643,0.9262777,0.98076891,0.9357002,0.82869258,2.07237196,0.03148866,4400,SUCCESS
phishing,SCS,True,0.01,0.05,Baseline,19,11.31102787,0.9262777,0.980565,0.93544554,0.0,2.76291728,0.0,1800,SUCCESS
phishing,SCS,True,0.01,0.05,Screening,19,11.31102776,0.9262777,0.98056997,0.93544554,0.81681979,1.49241209,0.01450348,4700,SUCCESS
phishing,SCS,True,0.05,0.0,Baseline,19,47.7185705,0.92718227,0.98111043,0.93648915,0.0,6.68072891,0.0,3550,SUCCESS
phishing,SCS,True,0.05,0.0,Screening,19,47.71856671,0.92718227,0.98111292,0.93648915,0.85159011,1.26596951,0.01442957,4725,SUCCESS
phishing,SCS,True,0.05,0.05,Baseline,19,52.07526091,0.92989597,0.98080704,0.93767591,0.0,12.17634082,0.0,6950,SUCCESS
phishing,SCS,True,0.05,0.05,Screening,19,52.07526055,0.92989597,0.98080124,0.93767591,0.83759717,1.00844145,0.01431155,2875,SUCCESS
phishing,SCS,True,0.1,0.0,Baseline,19,93.70044737,0.92808684,0.98149091,0.93637455,0.0,29.2877562,0.0,17950,SUCCESS
phishing,SCS,True,0.1,0.0,Screening,19,93.70044473,0.92808684,0.98149837,0.93637455,0.85597173,1.41629195,0.0146606,5800,SUCCESS
phishing,SCS,True,0.1,0.05,Baseline,19,102.73780902,0.92311171,0.98068851,0.93307087,0.0,11.42262816,0.0,7225,SUCCESS
phishing,SCS,True,0.1,0.05,Screening,19,102.73780629,0.92311171,0.98068851,0.93307087,0.84381625,1.51192832,0.01920009,2775,SUCCESS
phishing,SCS,True,0.01,0.0,Baseline,20,11.15810592,0.93532338,0.98345256,0.94254721,0.0,3.30651712,0.0,2225,SUCCESS
phishing,SCS,True,0.01,0.0,Screening,20,11.15810556,0.93532338,0.98345588,0.94254721,0.81780919,1.42019415,0.01485348,4575,SUCCESS
phishing,SCS,True,0.01,0.05,Baseline,20,11.98505378,0.93125283,0.98306048,0.93934557,0.0,3.60399151,0.0,1750,SUCCESS
phishing,SCS,True,0.01,0.05,Screening,20,11.98505392,0.93125283,0.98306214,0.93934557,0.804947,1.09581399,0.01971579,2525,SUCCESS
phishing,SCS,True,0.05,0.0,Baseline,20,51.46687265,0.93441882,0.98456332,0.94206952,0.0,11.60291314,0.0,6950,SUCCESS
phishing,SCS,True,0.05,0.0,Screening,20,51.46687081,0.93441882,0.98456747,0.94206952,0.83787986,1.18316627,0.01550937,3925,SUCCESS
phishing,SCS,True,0.05,0.05,Baseline,20,55.86043193,0.93396653,0.98380485,0.94169329,0.0,8.60323334,0.0,5150,SUCCESS
phishing,SCS,True,0.05,0.05,Screening,20,55.86043107,0.93396653,0.98380485,0.94169329,0.82487633,1.18621111,0.02210307,3100,SUCCESS
phishing,SCS,True,0.1,0.0,Baseline,20,101.50172231,0.93441882,0.98490401,0.94211577,0.0,19.51616192,0.0,12450,SUCCESS
phishing,SCS,True,0.1,0.0,Screening,20,101.5017214,0.93441882,0.98489904,0.94211577,0.84028269,1.78094149,0.01634812,6250,SUCCESS
phishing,SCS,True,0.1,0.05,Baseline,20,110.44214249,0.93351425,0.98405105,0.94122351,0.0,32.89638901,0.0,20000,SUCCESS
phishing,SCS,True,0.1,0.05,Screening,20,110.44212448,0.93351425,0.98405933,0.94122351,0.45300353,10.14323282,0.0305047,10275,SUCCESS
phishing,SCS,True,0.01,0.0,Baseline,21,11.18669116,0.93848937,0.9855829,0.94439902,0.0,3.48458529,0.0,2375,SUCCESS
phishing,SCS,True,0.01,0.0,Screening,21,11.18669124,0.93848937,0.98557793,0.94439902,0.81908127,1.61099434,0.0154686,5400,SUCCESS
phishing,SCS,True,0.01,0.05,Baseline,21,12.05602743,0.93713252,0.98546436,0.94415428,0.0,4.54876423,0.0,1950,SUCCESS
phishing,SCS,True,0.01,0.05,Screening,21,12.05602783,0.93713252,0.98546685,0.94415428,0.80989399,1.56069422,0.0163393,4850,SUCCESS
phishing,SCS,True,0.05,0.0,Baseline,21,51.20621184,0.93577567,0.98566828,0.94165982,0.0,8.96952987,0.0,5550,SUCCESS
phishing,SCS,True,0.05,0.0,Screening,21,51.2062126,0.93577567,0.98566828,0.94165982,0.84056537,1.49104214,0.01657343,5475,SUCCESS
phishing,SCS,True,0.05,0.05,Baseline,21,55.82908985,0.93939394,0.98552902,0.94517185,0.0,16.6883266,0.0,10075,SUCCESS
phishing,SCS,True,0.05,0.05,Screening,21,55.82908783,0.93939394,0.98552902,0.94517185,0.82530035,1.23561549,0.01655221,3700,SUCCESS
phishing,SCS,True,0.1,0.0,Baseline,21,100.7775339,0.93668024,0.98572216,0.94257588,0.0,28.60944414,0.0,17400,SUCCESS
phishing,SCS,True,0.1,0.0,Screening,21,100.77752953,0.93668024,0.9857205,0.94257588,0.84212014,6.28849101,0.01650739,20675,SUCCESS
phishing,SCS,True,0.1,0.05,Baseline,21,110.27544179,0.93894166,0.98555969,0.94487546,0.0,13.8034513,0.0,8125,SUCCESS
phishing,SCS,True,0.1,0.05,Screening,21,110.27543645,0.93894166,0.98555969,0.94487546,0.82515901,2.61612535,0.01639366,10175,SUCCESS
phishing,SCS,True,0.01,0.0,Baseline,22,11.05329406,0.93713252,0.98378662,0.94437775,0.0,4.26111913,0.0,2675,SUCCESS
phishing,SCS,True,0.01,0.0,Screening,22,11.05329415,0.93713252,0.98378247,0.94437775,0.81766784,2.37025809,0.03936338,5475,SUCCESS
phishing,SCS,True,0.01,0.05,Baseline,22,11.91461356,0.9375848,0.98360757,0.94493216,0.0,2.21414208,0.0,1400,SUCCESS
phishing,SCS,True,0.01,0.05,Screening,22,11.91461354,0.9375848,0.98360674,0.94493216,0.80014134,1.32202101,0.01480722,3550,SUCCESS
phishing,SCS,True,0.05,0.0,Baseline,22,50.74206827,0.93848937,0.98412979,0.9456869,0.0,6.57095027,0.0,2925,SUCCESS
phishing,SCS,True,0.05,0.0,Screening,22,50.74206821,0.93848937,0.98413808,0.9456869,0.84113074,1.36904573,0.01775837,4900,SUCCESS
phishing,SCS,True,0.05,0.05,Baseline,22,55.1985969,0.93848937,0.98387034,0.94533762,0.0,5.85510135,0.0,3200,SUCCESS
phishing,SCS,True,0.05,0.05,Screening,22,55.19859439,0.93848937,0.98387117,0.94533762,0.8244523,1.0597167,0.01594925,2875,SUCCESS
phishing,SCS,True,0.1,0.0,Baseline,22,99.94020822,0.93532338,0.98404193,0.94394355,0.0,13.90950465,0.0,8300,SUCCESS
phishing,SCS,True,0.1,0.0,Screening,22,99.94020398,0.93532338,0.98402535,0.94394355,0.84325088,1.47261715,0.01445436,5675,SUCCESS
phishing,SCS,True,0.1,0.05,Baseline,22,109.06326413,0.93803709,0.98393748,0.94500201,0.0,11.99250889,0.0,6750,SUCCESS
phishing,SCS,True,0.1,0.05,Screening,22,109.06326084,0.93803709,0.98393748,0.94500201,0.82812721,1.93108439,0.01624823,6950,SUCCESS
phishing,SCS,True,0.01,0.0,Baseline,23,11.40853182,0.94979647,0.9892107,0.95507892,0.0,2.98568606,0.0,1475,SUCCESS
phishing,SCS,True,0.01,0.0,Screening,23,11.4085314,0.94979647,0.98921153,0.95507892,0.80932862,2.08142948,0.02018762,5975,SUCCESS
phishing,SCS,True,0.01,0.05,Baseline,23,12.26505655,0.95024876,0.98937897,0.95506536,0.0,2.47000813,0.0,1575,SUCCESS
phishing,SCS,True,0.01,0.05,Screening,23,12.2650564,0.95024876,0.98937897,0.95506536,0.8039576,1.39721131,0.01911473,4000,SUCCESS
phishing,SCS,True,0.05,0.0,Baseline,23,52.66510489,0.94753505,0.98967655,0.95303644,0.0,6.56189847,0.0,3125,SUCCESS
phishing,SCS,True,0.05,0.0,Screening,23,52.66510153,0.94843962,0.98967821,0.9540693,0.83618375,1.43771482,0.01613092,5175,SUCCESS
phishing,SCS,True,0.05,0.05,Baseline,23,57.21546898,0.95115332,0.98943451,0.95616883,0.0,8.34539318,0.0,4350,SUCCESS
phishing,SCS,True,0.05,0.05,Screening,23,57.21546704,0.95115332,0.98943616,0.95616883,0.82162544,1.12169456,0.01754594,3025,SUCCESS
phishing,SCS,True,0.1,0.0,Baseline,23,103.85856997,0.9488919,0.98970059,0.95452716,0.0,23.58969307,0.0,14550,SUCCESS
phishing,SCS,True,0.1,0.0,Screening,23,103.85857292,0.9488919,0.98969976,0.95452716,0.83547703,2.3918674,0.02682877,8400,SUCCESS
phishing,SCS,True,0.1,0.05,Baseline,23,113.14806921,0.94979647,0.98955885,0.95478615,0.0,10.55400896,0.0,6100,SUCCESS
phishing,SCS,True,0.1,0.05,Screening,23,113.14806682,0.94979647,0.98956299,0.95478615,0.82459364,1.10655522,0.01665735,3050,SUCCESS
phishing,SCS,True,0.01,0.0,Baseline,24,11.39085152,0.9375848,0.98614989,0.94488818,0.0,2.3723278,0.0,1525,SUCCESS
phishing,SCS,True,0.01,0.0,Screening,24,11.39085122,0.9375848,0.9861532,0.94488818,0.81413428,1.68525672,0.01455545,5600,SUCCESS
phishing,SCS,True,0.01,0.05,Baseline,24,12.25869002,0.93622795,0.98585064,0.94316808,0.0,4.42529941,0.0,2050,SUCCESS
phishing,SCS,True,0.01,0.05,Screening,24,12.25869019,0.93622795,0.98584982,0.94316808,0.80367491,1.40784192,0.01681423,3950,SUCCESS
phishing,SCS,True,0.05,0.0,Baseline,24,52.29454262,0.94029851,0.98649804,0.94638505,0.0,6.78251147,0.0,3650,SUCCESS
phishing,SCS,True,0.05,0.0,Screening,24,52.29454178,0.94029851,0.98649638,0.94638505,0.83858657,1.69307303,0.01493144,6700,SUCCESS
phishing,SCS,True,0.05,0.05,Baseline,24,57.00480131,0.93532338,0.9863795,0.94259334,0.0,13.5551517,0.0,7850,SUCCESS
phishing,SCS,True,0.05,0.05,Screening,24,57.00480022,0.93532338,0.9863737,0.94259334,0.8234629,1.42372227,0.01538992,4450,SUCCESS
phishing,SCS,True,0.1,0.0,Baseline,24,102.93401971,0.93668024,0.98659005,0.94408946,0.0,9.4189887,0.0,5050,SUCCESS
phishing,SCS,True,0.1,0.0,Screening,24,102.93401674,0.93668024,0.98658756,0.94408946,0.84240283,1.53837848,0.01440978,5775,SUCCESS
phishing,SCS,True,0.1,0.05,Baseline,24,112.63668115,0.93894166,0.98639276,0.94536625,0.0,16.21569467,0.0,9575,SUCCESS
phishing,SCS,True,0.1,0.05,Screening,24,112.63667993,0.93894166,0.98638945,0.94536625,0.8254417,1.43656945,0.01565981,4550,SUCCESS
phishing,SCS,True,0.01,0.0,Baseline,25,11.30816889,0.94663048,0.98696141,0.95238095,0.0,4.47048283,0.0,1975,SUCCESS
phishing,SCS,True,0.01,0.0,Screening,25,11.30816855,0.94663048,0.98696306,0.95238095,0.80876325,1.64739323,0.01698279,5250,SUCCESS
phishing,SCS,True,0.01,0.05,Baseline,25,12.16841379,0.94527363,0.98674174,0.95115059,0.0,2.93392801,0.0,1925,SUCCESS
phishing,SCS,True,0.01,0.05,Screening,25,12.16841347,0.94527363,0.98674257,0.95115059,0.80155477,1.99386144,0.0439353,3275,SUCCESS
phishing,SCS,True,0.05,0.0,Baseline,25,52.10041413,0.9461782,0.98716947,0.95168494,0.0,9.92102122,0.0,7100,SUCCESS
phishing,SCS,True,0.05,0.0,Screening,25,52.10041197,0.9461782,0.98717361,0.95168494,0.83222615,1.95643997,0.02673054,4075,SUCCESS
phishing,SCS,True,0.05,0.05,Baseline,25,56.64390913,0.94708277,0.98693902,0.9525355,0.0,5.41749859,0.0,3650,SUCCESS
phishing,SCS,True,0.05,0.05,Screening,25,56.64390914,0.94708277,0.98693985,0.9525355,0.8244523,1.48555136,0.02070141,2850,SUCCESS
phishing,SCS,True,0.1,0.0,Baseline,25,102.6756778,0.94753505,0.98740903,0.95280716,0.0,6.22318816,0.0,3775,SUCCESS
phishing,SCS,True,0.1,0.0,Screening,25,102.67567707,0.94753505,0.98742146,0.95280716,0.83745583,1.62384033,0.0216918,6200,SUCCESS
phishing,SCS,True,0.1,0.05,Baseline,25,112.00876112,0.94572592,0.98693239,0.95114007,0.0,20.11308503,0.0,11350,SUCCESS
phishing,SCS,True,0.1,0.05,Screening,25,112.00876099,0.94572592,0.98693239,0.95114007,0.82219081,1.52461147,0.01438141,5000,SUCCESS
phishing,SCS,True,0.01,0.0,Baseline,26,11.35103509,0.94663048,0.98769998,0.95264848,0.0,3.88106608,0.0,2625,SUCCESS
phishing,SCS,True,0.01,0.0,Screening,26,11.35103495,0.94663048,0.98769998,0.95264848,0.8145583,2.73852205,0.03328109,5675,SUCCESS
phishing,SCS,True,0.01,0.05,Baseline,26,12.22168937,0.94798734,0.98755409,0.95375955,0.0,3.36531615,0.0,2225,SUCCESS
phishing,SCS,True,0.01,0.05,Screening,26,12.22168934,0.94798734,0.98755575,0.95375955,0.80339223,1.55115676,0.01698804,4600,SUCCESS
phishing,SCS,True,0.05,0.0,Baseline,26,52.1877811,0.94708277,0.98794617,0.95241968,0.0,17.92142773,0.0,10825,SUCCESS
phishing,SCS,True,0.05,0.0,Screening,26,52.18777932,0.94708277,0.98794866,0.95241968,0.83434629,2.0593164,0.02288556,6075,SUCCESS
phishing,SCS,True,0.05,0.05,Baseline,26,56.82196715,0.94843962,0.98779033,0.95346939,0.0,14.41706181,0.0,8525,SUCCESS
phishing,SCS,True,0.05,0.05,Screening,26,56.82196558,0.94843962,0.98779116,0.95346939,0.82035336,1.12175441,0.02871037,3075,SUCCESS
phishing,SCS,True,0.1,0.0,Baseline,26,102.77394544,0.93984622,0.98800419,0.94736842,0.0,24.14438915,0.0,13875,SUCCESS
phishing,SCS,True,0.1,0.0,Screening,26,102.77394741,0.93984622,0.98800419,0.94736842,0.84070671,1.58307505,0.01657987,5975,SUCCESS
phishing,SCS,True,0.1,0.05,Baseline,26,112.33587115,0.95070104,0.98780111,0.95578093,0.0,32.81561923,0.0,20000,SUCCESS
phishing,SCS,True,0.1,0.05,Screening,26,112.33584382,0.95070104,0.98780028,0.95578093,0.484947,3.43899179,0.02956367,1700,SUCCESS
phishing,SCS,True,0.01,0.0,Baseline,27,11.08323964,0.94075079,0.9860931,0.94715611,0.0,2.7198751,0.0,1625,SUCCESS
phishing,SCS,True,0.01,0.0,Screening,27,11.08323965,0.94075079,0.9860931,0.94715611,0.81865724,1.45203471,0.01461482,4650,SUCCESS
phishing,SCS,True,0.01,0.05,Baseline,27,11.94659215,0.94165536,0.98595882,0.94862605,0.0,2.52294517,0.0,1425,SUCCESS
phishing,SCS,True,0.01,0.05,Screening,27,11.946592,0.94165536,0.98595716,0.94862605,0.80664311,1.45296121,0.01839662,4025,SUCCESS
phishing,SCS,True,0.05,0.0,Baseline,27,50.67382978,0.94255993,0.98651669,0.94856217,0.0,4.66876078,0.0,3225,SUCCESS
phishing,SCS,True,0.05,0.0,Screening,27,50.67383006,0.94255993,0.98651669,0.94856217,0.84240283,2.01461005,0.02229738,5000,SUCCESS
phishing,SCS,True,0.05,0.05,Baseline,27,55.27741642,0.94301221,0.98623651,0.94951923,0.0,6.62628222,0.0,4175,SUCCESS
phishing,SCS,True,0.05,0.05,Screening,27,55.27741601,0.94301221,0.9862448,0.94951923,0.82770318,1.23178434,0.01447082,3775,SUCCESS
phishing,SCS,True,0.1,0.0,Baseline,27,99.72320259,0.9434645,0.98649265,0.94953573,0.0,13.44357514,0.0,7825,SUCCESS
phishing,SCS,True,0.1,0.0,Screening,27,99.7232044,0.9434645,0.98649182,0.94953573,0.84367491,2.08862734,0.01678395,5600,SUCCESS
phishing,SCS,True,0.1,0.05,Baseline,27,109.12646082,0.94255993,0.98636997,0.94917967,0.0,13.92050529,0.0,8525,SUCCESS
phishing,SCS,True,0.1,0.05,Screening,27,109.12645647,0.94255993,0.98636002,0.94917967,0.83180212,1.07273936,0.01599431,3050,SUCCESS
phishing,SCS,True,0.01,0.0,Baseline,28,11.11181124,0.94255993,0.98750891,0.94934184,0.0,4.77113152,0.0,3125,SUCCESS
phishing,SCS,True,0.01,0.0,Screening,28,11.11181152,0.94255993,0.98750891,0.94934184,0.82176678,2.70801711,0.02927136,5825,SUCCESS
phishing,SCS,True,0.01,0.05,Baseline,28,11.97704675,0.94301221,0.98750725,0.94939759,0.0,3.12788153,0.0,1825,SUCCESS
phishing,SCS,True,0.01,0.05,Screening,28,11.97704644,0.94301221,0.98750725,0.94939759,0.80678445,1.35874963,0.02815914,3850,SUCCESS
phishing,SCS,True,0.05,0.0,Baseline,28,50.88790136,0.93984622,0.98740778,0.94769957,0.0,5.68413782,0.0,2875,SUCCESS
phishing,SCS,True,0.05,0.0,Screening,28,50.88789831,0.93984622,0.98740861,0.94769957,0.83547703,1.64356256,0.015172,6175,SUCCESS
phishing,SCS,True,0.05,0.05,Baseline,28,55.46927817,0.94301221,0.98737297,0.9498008,0.0,14.59100413,0.0,8400,SUCCESS
phishing,SCS,True,0.05,0.05,Screening,28,55.46927996,0.94301221,0.98737131,0.9498008,0.83123675,1.18561459,0.01689744,3525,SUCCESS
phishing,SCS,True,0.1,0.0,Baseline,28,100.18680177,0.9375848,0.98750394,0.94583987,0.0,27.78990793,0.0,15600,SUCCESS
phishing,SCS,True,0.1,0.0,Screening,28,100.18680373,0.9375848,0.98750642,0.94583987,0.84339223,2.60655212,0.0150876,9575,SUCCESS
phishing,SCS,True,0.1,0.05,Baseline,28,109.54583497,0.94301221,0.98724034,0.94911147,0.0,7.02376366,0.0,4450,SUCCESS
phishing,SCS,True,0.1,0.05,Screening,28,109.54583443,0.94301221,0.98725526,0.94911147,0.82742049,1.07366157,0.01679611,2675,SUCCESS
phishing,SCS,True,0.01,0.0,Baseline,29,11.09144412,0.93713252,0.98438179,0.94464357,0.0,5.14793992,0.0,2825,SUCCESS
phishing,SCS,True,0.01,0.0,Screening,29,11.0914439,0.93713252,0.98438344,0.94464357,0.81625442,1.40679765,0.01841855,4150,SUCCESS
phishing,SCS,True,0.01,0.05,Baseline,29,11.94567305,0.93532338,0.98402369,0.94314115,0.0,2.89759779,0.0,1600,SUCCESS
phishing,SCS,True,0.01,0.05,Screening,29,11.94567302,0.93532338,0.98402369,0.94314115,0.80819788,2.06526113,0.03810072,3700,SUCCESS
phishing,SCS,True,0.05,0.0,Baseline,29,50.82251475,0.93532338,0.98506814,0.94336634,0.0,21.31762958,0.0,13450,SUCCESS
phishing,SCS,True,0.05,0.0,Screening,29,50.82251404,0.93532338,0.98506814,0.94336634,0.83731449,2.29421973,0.01604939,5675,SUCCESS
phishing,SCS,True,0.05,0.05,Baseline,29,55.39564299,0.9348711,0.98470673,0.94281176,0.0,9.12105417,0.0,6300,SUCCESS
phishing,SCS,True,0.05,0.05,Screening,29,55.39564393,0.9348711,0.98470673,0.94281176,0.82826855,1.853369,0.03356671,3375,SUCCESS
phishing,SCS,True,0.1,0.0,Baseline,29,100.02454762,0.93532338,0.98510378,0.9430959,0.0,4.83476067,0.0,3325,SUCCESS
phishing,SCS,True,0.1,0.0,Screening,29,100.02453949,0.93532338,0.98511207,0.9430959,0.8370318,1.56792569,0.01539016,5800,SUCCESS
phishing,SCS,True,0.1,0.05,Baseline,29,109.40847047,0.93622795,0.98486754,0.94402541,0.0,15.48236418,0.0,9275,SUCCESS
phishing,SCS,True,0.1,0.05,Screening,29,109.4084683,0.93622795,0.98486505,0.94402541,0.83180212,1.730093,0.04648781,4550,SUCCESS
phishing,SCS,True,0.01,0.0,Baseline,30,10.7920769,0.93215739,0.98420274,0.94057052,0.0,3.39625549,0.0,2275,SUCCESS
phishing,SCS,True,0.01,0.0,Screening,30,10.79207707,0.93215739,0.98420025,0.94057052,0.82558304,1.19738889,0.01559305,3575,SUCCESS
phishing,SCS,True,0.01,0.05,Baseline,30,11.61696701,0.93668024,0.98400628,0.94363929,0.0,3.56452346,0.0,2050,SUCCESS
phishing,SCS,True,0.01,0.05,Screening,30,11.61696705,0.93668024,0.98399965,0.94363929,0.81286219,1.35504365,0.01653719,3975,SUCCESS
phishing,SCS,True,0.05,0.0,Baseline,30,49.38714479,0.93532338,0.98494463,0.94345591,0.0,17.22471762,0.0,10625,SUCCESS
phishing,SCS,True,0.05,0.0,Screening,30,49.38714167,0.93532338,0.98494463,0.94345591,0.84480565,2.22169065,0.03940463,5350,SUCCESS
phishing,SCS,True,0.05,0.05,Baseline,30,53.8208823,0.93396653,0.98460477,0.94210944,0.0,7.2998414,0.0,4975,SUCCESS
phishing,SCS,True,0.05,0.05,Screening,30,53.82088221,0.93396653,0.9846056,0.94210944,0.83575972,1.6856811,0.0246706,3150,SUCCESS
phishing,SCS,True,0.1,0.0,Baseline,30,97.1405711,0.94029851,0.98518833,0.94736842,0.0,24.38451338,0.0,15425,SUCCESS
phishing,SCS,True,0.1,0.0,Screening,30,97.14057085,0.94029851,0.98518833,0.94736842,0.8469258,2.10710025,0.01853013,5250,SUCCESS
phishing,SCS,True,0.1,0.05,Baseline,30,106.30311621,0.93577567,0.98466694,0.94378464,0.0,13.84393263,0.0,8500,SUCCESS
phishing,SCS,True,0.1,0.05,Screening,30,106.30311649,0.93577567,0.98466694,0.94378464,0.83787986,1.2870791,0.01565289,4200,SUCCESS
phishing,CVXOPT,False,0.01,0.0,Baseline,1,11.22361347,0.94075079,0.98538106,0.94689907,0.0,3.2469995,0.0,2175,SUCCESS
phishing,CVXOPT,False,0.01,0.0,Screening,1,11.22361341,0.94075079,0.98538023,0.94689907,0.81710247,1.53305697,0.01445031,5025,SUCCESS
phishing,CVXOPT,False,0.01,0.05,Baseline,1,12.08046373,0.94391678,0.98530563,0.95,0.0,3.22864127,0.0,1925,SUCCESS
phishing,CVXOPT,False,0.01,0.05,Screening,1,12.0804638,0.94391678,0.98530563,0.95,0.804947,1.88125491,0.01502609,5925,SUCCESS
phishing,CVXOPT,False,0.05,0.0,Baseline,1,51.65248952,0.94210764,0.98558083,0.94809408,0.0,9.23953056,0.0,4875,SUCCESS
phishing,CVXOPT,False,0.05,0.0,Screening,1,51.65248824,0.94210764,0.98558166,0.94809408,0.83590106,1.52455163,0.0143714,5700,SUCCESS
phishing,CVXOPT,False,0.05,0.05,Baseline,1,56.15478706,0.9434645,0.98546727,0.94912495,0.0,11.32969761,0.0,6200,SUCCESS
phishing,CVXOPT,False,0.05,0.05,Screening,1,56.15478695,0.9434645,0.98546727,0.94912495,0.82784452,1.26928449,0.0147202,3825,SUCCESS
phishing,CVXOPT,False,0.1,0.0,Baseline,1,101.8107414,0.9434645,0.98578226,0.94969819,0.0,7.94860363,0.0,3900,SUCCESS
phishing,CVXOPT,False,0.1,0.0,Screening,1,101.81074248,0.9434645,0.98578392,0.94969819,0.84268551,1.65268874,0.01411271,6450,SUCCESS
phishing,CVXOPT,False,0.1,0.05,Baseline,1,111.0087817,0.94436906,0.98563139,0.94997967,0.0,32.92374229,0.0,20000,SUCCESS
phishing,CVXOPT,False,0.1,0.05,Screening,1,111.00877616,0.94436906,0.98562974,0.94997967,0.47575972,10.14044023,0.05082607,10425,SUCCESS
phishing,CVXOPT,False,0.01,0.0,Baseline,2,11.15953943,0.93351425,0.98389521,0.94007338,0.0,2.43217611,0.0,1625,SUCCESS
phishing,CVXOPT,False,0.01,0.0,Screening,2,11.15953918,0.93351425,0.98389438,0.94007338,0.81696113,2.46121931,0.03896952,5025,SUCCESS
phishing,CVXOPT,False,0.01,0.05,Baseline,2,12.0194788,0.93306196,0.98367803,0.93949305,0.0,2.36850142,0.0,1475,SUCCESS
phishing,CVXOPT,False,0.01,0.05,Screening,2,12.01947866,0.93306196,0.98367969,0.93949305,0.8029682,1.28800035,0.01501274,3525,SUCCESS
phishing,CVXOPT,False,0.05,0.0,Baseline,2,51.09706456,0.9348711,0.98408918,0.94193548,0.0,6.22064114,0.0,3125,SUCCESS
phishing,CVXOPT,False,0.05,0.0,Screening,2,51.09706205,0.9348711,0.98409,0.94193548,0.84155477,1.47274828,0.01399541,5600,SUCCESS
phishing,CVXOPT,False,0.05,0.05,Baseline,2,55.7248986,0.93396653,0.98380485,0.94065041,0.0,5.46769357,0.0,3675,SUCCESS
phishing,CVXOPT,False,0.05,0.05,Screening,2,55.72489696,0.93396653,0.98380485,0.94065041,0.82501767,1.98299241,0.02036166,3725,SUCCESS
phishing,CVXOPT,False,0.1,0.0,Baseline,2,100.54018814,0.93622795,0.98422346,0.94284556,0.0,8.47251749,0.0,6050,SUCCESS
phishing,CVXOPT,False,0.1,0.0,Screening,2,100.54018523,0.93622795,0.98422429,0.94284556,0.84438163,2.84172702,0.03531075,7300,SUCCESS
phishing,CVXOPT,False,0.1,0.05,Baseline,2,110.03880056,0.93577567,0.98394494,0.94237013,0.0,5.86685514,0.0,3975,SUCCESS
phishing,CVXOPT,False,0.1,0.05,Screening,2,110.03879925,0.93577567,0.98394411,0.94237013,0.83194346,1.14717507,0.0154295,2875,SUCCESS
phishing,CVXOPT,False,0.01,0.0,Baseline,3,11.33859426,0.94120308,0.98695477,0.94791667,0.0,8.15753651,0.0,5100,SUCCESS
phishing,CVXOPT,False,0.01,0.0,Screening,3,11.3385944,0.94120308,0.98695394,0.94791667,0.81738516,1.63949466,0.01422858,5525,SUCCESS
phishing,CVXOPT,False,0.01,0.05,Baseline,3,12.19868243,0.94029851,0.98680557,0.94728435,0.0,6.66530943,0.0,3275,SUCCESS
phishing,CVXOPT,False,0.01,0.05,Screening,3,12.19868237,0.94029851,0.98680805,0.94728435,0.80508834,1.50162005,0.01444578,4375,SUCCESS
phishing,CVXOPT,False,0.05,0.0,Baseline,3,52.30689519,0.93622795,0.98720096,0.94353224,0.0,9.20849919,0.0,4850,SUCCESS
phishing,CVXOPT,False,0.05,0.0,Screening,3,52.30689191,0.93622795,0.98720262,0.94353224,0.83363958,1.55116749,0.01377416,5650,SUCCESS
phishing,CVXOPT,False,0.05,0.05,Baseline,3,56.79357707,0.93939394,0.98700865,0.94644285,0.0,12.15178108,0.0,6725,SUCCESS
phishing,CVXOPT,False,0.05,0.05,Screening,3,56.79357612,0.93939394,0.98700783,0.94644285,0.82671378,1.07428408,0.01738334,2925,SUCCESS
phishing,CVXOPT,False,0.1,0.0,Baseline,3,103.12709528,0.94255993,0.98717858,0.94775812,0.0,11.97527075,0.0,6800,SUCCESS
phishing,CVXOPT,False,0.1,0.0,Screening,3,103.12709733,0.94255993,0.98718356,0.94775812,0.84282686,1.91173673,0.01683354,6800,SUCCESS
phishing,CVXOPT,False,0.1,0.05,Baseline,3,112.31431068,0.9434645,0.98710895,0.94891704,0.0,11.50059605,0.0,7325,SUCCESS
phishing,CVXOPT,False,0.1,0.05,Screening,3,112.3143129,0.9434645,0.98711641,0.94891704,0.83095406,1.6496799,0.04154253,2875,SUCCESS
phishing,CVXOPT,False,0.01,0.0,Baseline,4,11.37281169,0.94210764,0.98633557,0.94842869,0.0,2.48076963,0.0,1625,SUCCESS
phishing,CVXOPT,False,0.01,0.0,Screening,4,11.37281179,0.94210764,0.98633474,0.94842869,0.81681979,1.45526743,0.02450299,4700,SUCCESS
phishing,CVXOPT,False,0.01,0.05,Baseline,4,12.23202329,0.94391678,0.98601892,0.94983819,0.0,2.7938993,0.0,1525,SUCCESS
phishing,CVXOPT,False,0.01,0.05,Screening,4,12.23202313,0.94391678,0.98601892,0.94983819,0.80113074,1.87648463,0.03487659,3150,SUCCESS
phishing,CVXOPT,False,0.05,0.0,Baseline,4,52.16262097,0.94436906,0.98676163,0.95050302,0.0,7.31331038,0.0,5175,SUCCESS
phishing,CVXOPT,False,0.05,0.0,Screening,4,52.16261907,0.94436906,0.98675086,0.95050302,0.83787986,2.56428671,0.03037024,6125,SUCCESS
phishing,CVXOPT,False,0.05,0.05,Baseline,4,56.91826446,0.94210764,0.98647897,0.94800975,0.0,9.67040062,0.0,6450,SUCCESS
phishing,CVXOPT,False,0.05,0.05,Screening,4,56.91826505,0.94210764,0.98647814,0.94800975,0.82657244,1.74582124,0.02773404,3125,SUCCESS
phishing,CVXOPT,False,0.1,0.0,Baseline,4,102.60000313,0.93894166,0.98697881,0.94428395,0.0,6.42747211,0.0,4325,SUCCESS
phishing,CVXOPT,False,0.1,0.0,Screening,4,102.5999986,0.93894166,0.98697798,0.94428395,0.8409894,3.05721927,0.02775574,7950,SUCCESS
phishing,CVXOPT,False,0.1,0.05,Baseline,4,112.46639255,0.93984622,0.98661243,0.94524496,0.0,7.2432456,0.0,4750,SUCCESS
phishing,CVXOPT,False,0.1,0.05,Screening,4,112.46639005,0.93984622,0.98661243,0.94524496,0.82770318,1.63432145,0.02489662,3150,SUCCESS
phishing,CVXOPT,False,0.01,0.0,Baseline,5,11.14368014,0.94301221,0.98545317,0.94931617,0.0,22.99724269,0.0,13725,SUCCESS
phishing,CVXOPT,False,0.01,0.0,Screening,5,11.14368008,0.94301221,0.985454,0.94931617,0.8214841,1.42055511,0.01685333,4375,SUCCESS
phishing,CVXOPT,False,0.01,0.05,Baseline,5,11.9869415,0.9434645,0.98517797,0.94985961,0.0,3.43827057,0.0,1300,SUCCESS
phishing,CVXOPT,False,0.01,0.05,Screening,5,11.98694111,0.9434645,0.98517797,0.94985961,0.80551237,1.21622705,0.01720881,3250,SUCCESS
phishing,CVXOPT,False,0.05,0.0,Baseline,5,51.24474391,0.94301221,0.9859928,0.94923449,0.0,4.946872,0.0,3225,SUCCESS
phishing,CVXOPT,False,0.05,0.0,Screening,5,51.24474317,0.94301221,0.9859928,0.94923449,0.83575972,2.30015802,0.03178215,5325,SUCCESS
phishing,CVXOPT,False,0.05,0.05,Baseline,5,55.71746707,0.9434645,0.98556922,0.94977903,0.0,18.9449048,0.0,11400,SUCCESS
phishing,CVXOPT,False,0.05,0.05,Screening,5,55.71746469,0.9434645,0.98557088,0.94977903,0.82360424,1.24992275,0.01449037,3700,SUCCESS
phishing,CVXOPT,False,0.1,0.0,Baseline,5,100.98616906,0.94572592,0.98607155,0.95121951,0.0,10.14177918,0.0,5400,SUCCESS
phishing,CVXOPT,False,0.1,0.0,Screening,5,100.98616156,0.94572592,0.98607653,0.95121951,0.83533569,1.61399984,0.01518369,5825,SUCCESS
phishing,CVXOPT,False,0.1,0.05,Baseline,5,110.11726379,0.94165536,0.98579884,0.94779442,0.0,16.33204651,0.0,9300,SUCCESS
phishing,CVXOPT,False,0.1,0.05,Screening,5,110.11726356,0.94165536,0.98580132,0.94779442,0.82784452,2.0538981,0.02093554,4100,SUCCESS
phishing,CVXOPT,False,0.01,0.0,Baseline,6,11.15254353,0.94210764,0.98561854,0.94859438,0.0,2.75146461,0.0,1800,SUCCESS
phishing,CVXOPT,False,0.01,0.0,Screening,6,11.15254315,0.94210764,0.98561854,0.94859438,0.8155477,1.50668788,0.01505375,4825,SUCCESS
phishing,CVXOPT,False,0.01,0.05,Baseline,6,12.00110634,0.93939394,0.98525382,0.94517185,0.0,5.37476826,0.0,2400,SUCCESS
phishing,CVXOPT,False,0.01,0.05,Screening,6,12.00110597,0.93939394,0.98525465,0.94517185,0.80636042,1.3941648,0.01511121,3950,SUCCESS
phishing,CVXOPT,False,0.05,0.0,Baseline,6,51.26988412,0.94391678,0.98613497,0.94963444,0.0,5.32334471,0.0,3675,SUCCESS
phishing,CVXOPT,False,0.05,0.0,Screening,6,51.26988313,0.94391678,0.98613331,0.94963444,0.83971731,2.34750462,0.03023291,5325,SUCCESS
phishing,CVXOPT,False,0.05,0.05,Baseline,6,55.76796123,0.94391678,0.98568817,0.94963444,0.0,7.49871278,0.0,5025,SUCCESS
phishing,CVXOPT,False,0.05,0.05,Screening,6,55.76796123,0.94391678,0.98569149,0.94963444,0.82812721,1.80174327,0.01779485,3450,SUCCESS
phishing,CVXOPT,False,0.1,0.0,Baseline,6,101.00359,0.94391678,0.98616232,0.94955248,0.0,13.68165851,0.0,8750,SUCCESS
phishing,CVXOPT,False,0.1,0.0,Screening,6,101.00358772,0.94391678,0.98615983,0.94955248,0.84212014,1.5698998,0.01698303,6050,SUCCESS
phishing,CVXOPT,False,0.1,0.05,Baseline,6,110.21404189,0.9434645,0.9859153,0.94916633,0.0,13.36285639,0.0,7650,SUCCESS
phishing,CVXOPT,False,0.1,0.05,Screening,6,110.21404511,0.9434645,0.98591447,0.94916633,0.83321555,0.96632147,0.01428699,2575,SUCCESS
phishing,CVXOPT,False,0.01,0.0,Baseline,7,11.31574281,0.93894166,0.98846922,0.94610778,0.0,3.98693728,0.0,2675,SUCCESS
phishing,CVXOPT,False,0.01,0.0,Screening,7,11.31574287,0.93894166,0.98846839,0.94610778,0.81667845,2.35567808,0.02014232,4775,SUCCESS
phishing,CVXOPT,False,0.01,0.05,Baseline,7,12.17794469,0.93848937,0.9883109,0.94590294,0.0,2.21371913,0.0,1375,SUCCESS
phishing,CVXOPT,False,0.01,0.05,Screening,7,12.17794459,0.93848937,0.98831255,0.94590294,0.80212014,1.03096414,0.01552939,2325,SUCCESS
phishing,CVXOPT,False,0.05,0.0,Baseline,7,51.99644313,0.94120308,0.98897072,0.94849445,0.0,22.44387865,0.0,12700,SUCCESS
phishing,CVXOPT,False,0.05,0.0,Screening,7,51.99644397,0.94120308,0.98897238,0.94849445,0.8360424,1.61462975,0.01590657,6000,SUCCESS
phishing,CVXOPT,False,0.05,0.05,Baseline,7,56.64827597,0.94165536,0.98874111,0.94862605,0.0,9.56817365,0.0,5225,SUCCESS
phishing,CVXOPT,False,0.05,0.05,Screening,7,56.64827533,0.94165536,0.98874608,0.94862605,0.82600707,1.24416995,0.01453233,3700,SUCCESS
phishing,CVXOPT,False,0.1,0.0,Baseline,7,102.45232074,0.94075079,0.98903621,0.94803649,0.0,7.28335166,0.0,4750,SUCCESS
phishing,CVXOPT,False,0.1,0.0,Screening,7,102.45231658,0.94075079,0.98903704,0.94803649,0.83773852,2.43587971,0.02325583,7825,SUCCESS
phishing,CVXOPT,False,0.1,0.05,Baseline,7,111.93245458,0.94120308,0.98873945,0.9484127,0.0,17.5285387,0.0,10500,SUCCESS
phishing,CVXOPT,False,0.1,0.05,Screening,7,111.93244823,0.94120308,0.98874443,0.9484127,0.82204947,1.21919632,0.0150032,3525,SUCCESS
phishing,CVXOPT,False,0.01,0.0,Baseline,8,11.25103206,0.93668024,0.98472828,0.94229184,0.0,6.05785203,0.0,2575,SUCCESS
phishing,CVXOPT,False,0.01,0.0,Screening,8,11.25103181,0.93668024,0.98472745,0.94229184,0.81526502,1.33356905,0.01425505,4000,SUCCESS
phishing,CVXOPT,False,0.01,0.05,Baseline,8,12.11872885,0.93306196,0.98457078,0.94046661,0.0,2.90980673,0.0,1875,SUCCESS
phishing,CVXOPT,False,0.01,0.05,Screening,8,12.11872869,0.93306196,0.98456995,0.94046661,0.80381625,2.09377885,0.01911569,3475,SUCCESS
phishing,CVXOPT,False,0.05,0.0,Baseline,8,51.55314264,0.93441882,0.98503001,0.94150867,0.0,4.12770438,0.0,2800,SUCCESS
phishing,CVXOPT,False,0.05,0.0,Screening,8,51.55314052,0.93441882,0.98502918,0.94150867,0.83717314,1.43965364,0.01439738,5300,SUCCESS
phishing,CVXOPT,False,0.05,0.05,Baseline,8,56.20799469,0.93260968,0.98484101,0.94028056,0.0,9.73518634,0.0,5750,SUCCESS
phishing,CVXOPT,False,0.05,0.05,Screening,8,56.2079937,0.93260968,0.98484847,0.94028056,0.82487633,1.13047481,0.0147171,3100,SUCCESS
phishing,CVXOPT,False,0.1,0.0,Baseline,8,101.45381294,0.93668024,0.9851502,0.94238683,0.0,23.68566966,0.0,14425,SUCCESS
phishing,CVXOPT,False,0.1,0.0,Screening,8,101.45381303,0.93668024,0.98514854,0.94238683,0.84070671,1.54056621,0.01484585,5875,SUCCESS
phishing,CVXOPT,False,0.1,0.05,Baseline,8,111.02694871,0.93215739,0.98488412,0.93985565,0.0,28.21126819,0.0,16625,SUCCESS
phishing,CVXOPT,False,0.1,0.05,Screening,8,111.02694946,0.93215739,0.9848866,0.93985565,0.82671378,1.56246424,0.01430774,3775,SUCCESS
phishing,CVXOPT,False,0.01,0.0,Baseline,9,11.00250198,0.93260968,0.98161069,0.94094332,0.0,4.57226968,0.0,2525,SUCCESS
phishing,CVXOPT,False,0.01,0.0,Screening,9,11.00250188,0.93260968,0.98159825,0.94094332,0.81795053,1.31087446,0.01609015,4050,SUCCESS
phishing,CVXOPT,False,0.01,0.05,Baseline,9,11.85060271,0.93351425,0.98155681,0.94145759,0.0,3.07019138,0.0,1800,SUCCESS
phishing,CVXOPT,False,0.01,0.05,Screening,9,11.85060273,0.93351425,0.98156012,0.94145759,0.80946996,1.59919405,0.03602242,2425,SUCCESS
phishing,CVXOPT,False,0.05,0.0,Baseline,9,50.36776336,0.93532338,0.98235423,0.94332144,0.0,15.91208243,0.0,9700,SUCCESS
phishing,CVXOPT,False,0.05,0.0,Screening,9,50.3677629,0.93532338,0.98236169,0.94332144,0.84339223,1.38340831,0.01528573,5175,SUCCESS
phishing,CVXOPT,False,0.05,0.05,Baseline,9,54.93167695,0.92672999,0.98201769,0.93657009,0.0,5.37457657,0.0,2700,SUCCESS
phishing,CVXOPT,False,0.05,0.05,Screening,9,54.93167466,0.92672999,0.98202515,0.93657009,0.82939929,1.09638858,0.01495028,3125,SUCCESS
phishing,CVXOPT,False,0.1,0.0,Baseline,9,99.09091047,0.93260968,0.98255069,0.94112999,0.0,5.3034327,0.0,3575,SUCCESS
phishing,CVXOPT,False,0.1,0.0,Screening,9,99.09090296,0.93260968,0.98254572,0.94112999,0.84226148,2.57850599,0.03424001,6150,SUCCESS
phishing,CVXOPT,False,0.1,0.05,Baseline,9,108.48429234,0.92899141,0.98218596,0.93840722,0.0,20.58152652,0.0,12300,SUCCESS
phishing,CVXOPT,False,0.1,0.05,Screening,9,108.48429264,0.92899141,0.98218679,0.93840722,0.83561837,1.30335379,0.01546335,4175,SUCCESS
phishing,CVXOPT,False,0.01,0.0,Baseline,10,11.52998706,0.93984622,0.98947554,0.9477817,0.0,7.96624255,0.0,3825,SUCCESS
phishing,CVXOPT,False,0.01,0.0,Screening,10,11.52998674,0.93984622,0.98947471,0.9477817,0.81257951,1.66320276,0.0159471,5525,SUCCESS
phishing,CVXOPT,False,0.01,0.05,Baseline,10,12.42123345,0.94798734,0.98932302,0.95394473,0.0,6.12122154,0.0,3025,SUCCESS
phishing,CVXOPT,False,0.01,0.05,Screening,10,12.42123324,0.94798734,0.98932302,0.95394473,0.79985866,1.41890025,0.01594377,3825,SUCCESS
phishing,CVXOPT,False,0.05,0.0,Baseline,10,52.92062437,0.94165536,0.98947554,0.94911243,0.0,10.02407694,0.0,5900,SUCCESS
phishing,CVXOPT,False,0.05,0.0,Screening,10,52.92062487,0.94165536,0.98947554,0.94911243,0.83660777,1.42166471,0.01377821,5025,SUCCESS
phishing,CVXOPT,False,0.05,0.05,Baseline,10,57.71991839,0.9375848,0.98934125,0.94592476,0.0,4.63510323,0.0,3000,SUCCESS
phishing,CVXOPT,False,0.05,0.05,Screening,10,57.7199182,0.9375848,0.98934042,0.94592476,0.82204947,1.92132449,0.03128195,3450,SUCCESS
phishing,CVXOPT,False,0.1,0.0,Baseline,10,104.15854381,0.94120308,0.98947056,0.94865719,0.0,32.72045636,0.0,20000,SUCCESS
phishing,CVXOPT,False,0.1,0.0,Screening,10,104.15852837,0.94120308,0.98947056,0.94865719,0.57540636,5.17378879,0.02142024,7850,SUCCESS
phishing,CVXOPT,False,0.1,0.05,Baseline,10,114.05913534,0.93894166,0.98927825,0.94699647,0.0,13.35476446,0.0,7825,SUCCESS
phishing,CVXOPT,False,0.1,0.05,Screening,10,114.0591338,0.93894166,0.98927743,0.94699647,0.82275618,1.88088369,0.03285551,3575,SUCCESS
phishing,CVXOPT,False,0.01,0.0,Baseline,11,11.1721843,0.93441882,0.9847863,0.9413193,0.0,5.23728228,0.0,3300,SUCCESS
phishing,CVXOPT,False,0.01,0.0,Screening,11,11.17218418,0.93441882,0.98478796,0.9413193,0.81314488,1.24312878,0.01463151,3525,SUCCESS
phishing,CVXOPT,False,0.01,0.05,Baseline,11,12.04820226,0.93306196,0.98467771,0.93993506,0.0,4.05902863,0.0,1575,SUCCESS
phishing,CVXOPT,False,0.01,0.05,Screening,11,12.04836651,0.93306196,0.98469015,0.93993506,0.80636042,0.45124769,0.01492405,375,SUCCESS
phishing,CVXOPT,False,0.05,0.0,Baseline,11,51.02906923,0.93622795,0.98430387,0.94275274,0.0,6.53018379,0.0,4225,SUCCESS
phishing,CVXOPT,False,0.05,0.0,Screening,11,51.02906983,0.93622795,0.98430718,0.94275274,0.84070671,2.50358415,0.03606582,5775,SUCCESS
phishing,CVXOPT,False,0.05,0.05,Baseline,11,55.75922992,0.93215739,0.98441246,0.93897478,0.0,15.2815969,0.0,8625,SUCCESS
phishing,CVXOPT,False,0.05,0.05,Screening,11,55.75922983,0.93215739,0.98441246,0.93897478,0.82614841,1.27624035,0.01477981,3775,SUCCESS
phishing,CVXOPT,False,0.1,0.0,Baseline,11,100.35663278,0.93668024,0.98445722,0.94308943,0.0,14.95695758,0.0,8800,SUCCESS
phishing,CVXOPT,False,0.1,0.0,Screening,11,100.35663082,0.93668024,0.98449203,0.94308943,0.8390106,1.27714658,0.01702476,4325,SUCCESS
phishing,CVXOPT,False,0.1,0.05,Baseline,11,110.0497233,0.93577567,0.98439588,0.94237013,0.0,24.17694688,0.0,13500,SUCCESS
phishing,CVXOPT,False,0.1,0.05,Screening,11,110.04972177,0.93577567,0.98439505,0.94237013,0.83053004,1.58875108,0.01554513,5275,SUCCESS
phishing,CVXOPT,False,0.01,0.0,Baseline,12,11.35406249,0.93848937,0.98510254,0.94502829,0.0,6.63316202,0.0,2850,SUCCESS
phishing,CVXOPT,False,0.01,0.0,Screening,12,11.35406248,0.93848937,0.98511249,0.94502829,0.81837456,1.12683535,0.01500988,3175,SUCCESS
phishing,CVXOPT,False,0.01,0.05,Baseline,12,12.23145854,0.94255993,0.984921,0.94905736,0.0,3.03501272,0.0,1850,SUCCESS
phishing,CVXOPT,False,0.01,0.05,Screening,12,12.23145826,0.94255993,0.98493178,0.94905736,0.79872792,1.96478009,0.01760507,3325,SUCCESS
phishing,CVXOPT,False,0.05,0.0,Baseline,12,52.05752296,0.94210764,0.98543908,0.94784026,0.0,9.67953515,0.0,6550,SUCCESS
phishing,CVXOPT,False,0.05,0.0,Screening,12,52.05752292,0.94210764,0.98543742,0.94784026,0.83830389,2.8257699,0.03600621,6850,SUCCESS
phishing,CVXOPT,False,0.05,0.05,Baseline,12,56.78363041,0.93894166,0.9851216,0.9446948,0.0,33.7643981,0.0,20000,SUCCESS
phishing,CVXOPT,False,0.05,0.05,Screening,12,56.78461733,0.93939394,0.98510585,0.94512695,0.61102473,1.03291035,0.02081513,400,SUCCESS
phishing,CVXOPT,False,0.1,0.0,Baseline,12,102.45963134,0.93803709,0.98560404,0.94495781,0.0,17.69118142,0.0,10925,SUCCESS
phishing,CVXOPT,False,0.1,0.0,Screening,12,102.45963558,0.93803709,0.98560735,0.94495781,0.84438163,2.78103542,0.0222404,7125,SUCCESS
phishing,CVXOPT,False,0.1,0.05,Baseline,12,112.18762675,0.93939394,0.98523019,0.9463141,0.0,14.91559863,0.0,8750,SUCCESS
phishing,CVXOPT,False,0.1,0.05,Screening,12,112.18762746,0.93939394,0.98523848,0.9463141,0.82840989,1.5279634,0.0147438,5050,SUCCESS
phishing,CVXOPT,False,0.01,0.0,Baseline,13,11.21622498,0.94075079,0.98673262,0.94753704,0.0,6.15009904,0.0,3250,SUCCESS
phishing,CVXOPT,False,0.01,0.0,Screening,13,11.21622477,0.94075079,0.98673428,0.94753704,0.81413428,1.71461129,0.01656151,5625,SUCCESS
phishing,CVXOPT,False,0.01,0.05,Baseline,13,12.07137217,0.93984622,0.98655938,0.94669339,0.0,4.41344023,0.0,2875,SUCCESS
phishing,CVXOPT,False,0.01,0.05,Screening,13,12.07137208,0.93984622,0.9865602,0.94669339,0.80537102,2.18538117,0.02113414,3775,SUCCESS
phishing,CVXOPT,False,0.05,0.0,Baseline,13,51.508394,0.9434645,0.98705922,0.94965767,0.0,7.84530544,0.0,5325,SUCCESS
phishing,CVXOPT,False,0.05,0.0,Screening,13,51.50839282,0.9434645,0.98706917,0.94965767,0.83830389,2.35258603,0.01848936,5375,SUCCESS
phishing,CVXOPT,False,0.05,0.05,Baseline,13,56.08809716,0.93984622,0.98672516,0.94604462,0.0,9.80468345,0.0,6250,SUCCESS
phishing,CVXOPT,False,0.05,0.05,Screening,13,56.08809835,0.93984622,0.98672102,0.94604462,0.82812721,1.51966882,0.02787614,2375,SUCCESS
phishing,CVXOPT,False,0.1,0.0,Baseline,13,101.46224135,0.94255993,0.98697384,0.94876967,0.0,25.42568111,0.0,16325,SUCCESS
phishing,CVXOPT,False,0.1,0.0,Screening,13,101.46223371,0.94255993,0.98698047,0.94876967,0.84,2.48528528,0.01962447,5900,SUCCESS
phishing,CVXOPT,False,0.1,0.05,Baseline,13,110.83502447,0.94301221,0.98684784,0.94919355,0.0,16.40769553,0.0,9775,SUCCESS
phishing,CVXOPT,False,0.1,0.05,Screening,13,110.83502763,0.94301221,0.9868495,0.94919355,0.82954064,1.79310632,0.01615548,6375,SUCCESS
phishing,CVXOPT,False,0.01,0.0,Baseline,14,11.41826233,0.94029851,0.9866576,0.94590164,0.0,11.27316117,0.0,6250,SUCCESS
phishing,CVXOPT,False,0.01,0.0,Screening,14,11.41826215,0.94029851,0.9866576,0.94590164,0.81879859,1.47934031,0.01712346,4700,SUCCESS
phishing,CVXOPT,False,0.01,0.05,Baseline,14,12.29092751,0.93848937,0.98672475,0.94407895,0.0,4.92422605,0.0,2300,SUCCESS
phishing,CVXOPT,False,0.01,0.05,Screening,14,12.29092766,0.93848937,0.98672558,0.94407895,0.79858657,1.54694605,0.01543188,4300,SUCCESS
phishing,CVXOPT,False,0.05,0.0,Baseline,14,52.51364382,0.9375848,0.98630448,0.94344262,0.0,32.48936009,0.0,20000,SUCCESS
phishing,CVXOPT,False,0.05,0.0,Screening,14,52.51492233,0.93622795,0.98628459,0.94228408,0.6069258,0.986233,0.01965427,400,SUCCESS
phishing,CVXOPT,False,0.05,0.05,Baseline,14,57.17242016,0.93939394,0.98660704,0.94508197,0.0,9.60505962,0.0,4925,SUCCESS
phishing,CVXOPT,False,0.05,0.05,Screening,14,57.17242005,0.93939394,0.98660787,0.94508197,0.82473498,1.14385653,0.01399469,3275,SUCCESS
phishing,CVXOPT,False,0.1,0.0,Baseline,14,103.45990104,0.93622795,0.98621661,0.94237842,0.0,23.14221764,0.0,13150,SUCCESS
phishing,CVXOPT,False,0.1,0.0,Screening,14,103.45990095,0.93622795,0.98621579,0.94237842,0.83759717,1.71052766,0.01445341,6650,SUCCESS
phishing,CVXOPT,False,0.1,0.05,Baseline,14,113.02263365,0.93803709,0.986583,0.94341181,0.0,19.33222699,0.0,11850,SUCCESS
phishing,CVXOPT,False,0.1,0.05,Screening,14,113.0226302,0.93803709,0.98657886,0.94341181,0.82699647,1.76559711,0.02313185,3075,SUCCESS
phishing,CVXOPT,False,0.01,0.0,Baseline,15,11.25882279,0.94165536,0.98713341,0.94866693,0.0,3.19276953,0.0,2075,SUCCESS
phishing,CVXOPT,False,0.01,0.0,Screening,15,11.25882287,0.94165536,0.98713424,0.94866693,0.81597173,1.28323078,0.01804042,3875,SUCCESS
phishing,CVXOPT,False,0.01,0.05,Baseline,15,12.1323552,0.94029851,0.98706461,0.94707298,0.0,3.49840569,0.0,1325,SUCCESS
phishing,CVXOPT,False,0.01,0.05,Screening,15,12.13235506,0.94029851,0.98706378,0.94707298,0.79985866,1.41129184,0.01428771,3900,SUCCESS
phishing,CVXOPT,False,0.05,0.0,Baseline,15,51.72144652,0.94075079,0.98717237,0.94770459,0.0,14.07641125,0.0,8250,SUCCESS
phishing,CVXOPT,False,0.05,0.0,Screening,15,51.72144519,0.94075079,0.98716076,0.94770459,0.84014134,1.62766004,0.01412225,6275,SUCCESS
phishing,CVXOPT,False,0.05,0.05,Baseline,15,56.27693549,0.93848937,0.987242,0.94603175,0.0,14.77755499,0.0,8500,SUCCESS
phishing,CVXOPT,False,0.05,0.05,Screening,15,56.27693482,0.93848937,0.98724034,0.94603175,0.82657244,1.36832547,0.01445007,3075,SUCCESS
phishing,CVXOPT,False,0.1,0.0,Baseline,15,101.89520826,0.94029851,0.98722293,0.9472,0.0,22.44854927,0.0,13675,SUCCESS
phishing,CVXOPT,False,0.1,0.0,Screening,15,101.89520719,0.94029851,0.98722293,0.9472,0.84155477,1.64391518,0.01884842,6450,SUCCESS
phishing,CVXOPT,False,0.1,0.05,Baseline,15,111.23090525,0.94165536,0.98732074,0.94866693,0.0,16.97312117,0.0,9850,SUCCESS
phishing,CVXOPT,False,0.1,0.05,Screening,15,111.23090538,0.94165536,0.98731743,0.94866693,0.8254417,1.75575948,0.03424239,3850,SUCCESS
phishing,CVXOPT,False,0.01,0.0,Baseline,16,11.27546273,0.94029851,0.98582826,0.9472,0.0,2.54762745,0.0,1650,SUCCESS
phishing,CVXOPT,False,0.01,0.0,Screening,16,11.27546242,0.94029851,0.98582909,0.9472,0.8145583,1.35407495,0.01505995,4250,SUCCESS
phishing,CVXOPT,False,0.01,0.05,Baseline,16,12.12433518,0.94029851,0.98581168,0.94711538,0.0,4.42263365,0.0,1700,SUCCESS
phishing,CVXOPT,False,0.01,0.05,Screening,16,12.12433464,0.94029851,0.98581417,0.94711538,0.79985866,1.19371796,0.0151484,3000,SUCCESS
phishing,CVXOPT,False,0.05,0.0,Baseline,16,51.94133937,0.94120308,0.98649804,0.94837172,0.0,21.13572145,0.0,13275,SUCCESS
phishing,CVXOPT,False,0.05,0.0,Screening,16,51.94133859,0.94120308,0.98649721,0.94837172,0.83420495,2.81789756,0.04117703,7000,SUCCESS
phishing,CVXOPT,False,0.05,0.05,Baseline,16,56.45639688,0.94165536,0.98601228,0.94842063,0.0,19.57605743,0.0,12000,SUCCESS
phishing,CVXOPT,False,0.05,0.05,Screening,16,56.45639789,0.94165536,0.98601477,0.94842063,0.81837456,1.15839362,0.0146122,3175,SUCCESS
phishing,CVXOPT,False,0.1,0.0,Baseline,16,102.32246726,0.94029851,0.98657222,0.94698795,0.0,28.84081268,0.0,17725,SUCCESS
phishing,CVXOPT,False,0.1,0.0,Screening,16,102.32246683,0.94029851,0.98657098,0.94698795,0.84212014,5.39076304,0.03778911,17850,SUCCESS
phishing,CVXOPT,False,0.1,0.05,Baseline,16,111.62467973,0.94120308,0.9861217,0.94837172,0.0,19.87713313,0.0,12300,SUCCESS
phishing,CVXOPT,False,0.1,0.05,Screening,16,111.62468359,0.94120308,0.98612336,0.94837172,0.82431095,1.60854936,0.01484823,3700,SUCCESS
phishing,CVXOPT,False,0.01,0.0,Baseline,17,11.07327442,0.93260968,0.9852907,0.94037615,0.0,4.43296385,0.0,2425,SUCCESS
phishing,CVXOPT,False,0.01,0.0,Screening,17,11.0732741,0.93260968,0.98529153,0.94037615,0.8185159,1.40841508,0.01436448,4500,SUCCESS
phishing,CVXOPT,False,0.01,0.05,Baseline,17,11.91656493,0.92989597,0.98494504,0.93817312,0.0,2.66932559,0.0,1400,SUCCESS
phishing,CVXOPT,False,0.01,0.05,Screening,17,11.91656484,0.92989597,0.98494504,0.93817312,0.80819788,1.48949647,0.02538347,2300,SUCCESS
phishing,CVXOPT,False,0.05,0.0,Baseline,17,50.89909594,0.93215739,0.98527413,0.94042891,0.0,7.54882121,0.0,5225,SUCCESS
phishing,CVXOPT,False,0.05,0.0,Screening,17,50.89909563,0.93215739,0.98526749,0.94042891,0.84141343,2.14448261,0.03919268,4950,SUCCESS
phishing,CVXOPT,False,0.05,0.05,Baseline,17,55.32832774,0.93622795,0.98547141,0.94321385,0.0,9.12072229,0.0,5875,SUCCESS
phishing,CVXOPT,False,0.05,0.05,Screening,17,55.3283268,0.93622795,0.98547141,0.94321385,0.82784452,1.68729258,0.03792262,3075,SUCCESS
phishing,CVXOPT,False,0.1,0.0,Baseline,17,100.27553323,0.93170511,0.9852534,0.94048088,0.0,8.56860995,0.0,5850,SUCCESS
phishing,CVXOPT,False,0.1,0.0,Screening,17,100.27553481,0.93170511,0.98525257,0.94048088,0.84325088,2.14681149,0.01913404,5200,SUCCESS
phishing,CVXOPT,False,0.1,0.05,Baseline,17,109.35851112,0.93441882,0.98556011,0.94179045,0.0,11.99138236,0.0,7300,SUCCESS
phishing,CVXOPT,False,0.1,0.05,Screening,17,109.35851179,0.93441882,0.98555762,0.94179045,0.83024735,1.08008504,0.01512146,3050,SUCCESS
phishing,CVXOPT,False,0.01,0.0,Baseline,18,11.13284671,0.9375848,0.98533795,0.9446672,0.0,2.32030821,0.0,1475,SUCCESS
phishing,CVXOPT,False,0.01,0.0,Screening,18,11.13284665,0.9375848,0.98534127,0.9446672,0.81498233,1.67491889,0.01471472,5600,SUCCESS
phishing,CVXOPT,False,0.01,0.05,Baseline,18,11.99150614,0.93984622,0.98486215,0.94656489,0.0,3.88415051,0.0,1925,SUCCESS
phishing,CVXOPT,False,0.01,0.05,Screening,18,11.99150661,0.93984622,0.98486132,0.94656489,0.80848057,1.42506671,0.01454282,4200,SUCCESS
phishing,CVXOPT,False,0.05,0.0,Baseline,18,51.03944695,0.93894166,0.98537691,0.94487546,0.0,18.03759789,0.0,10925,SUCCESS
phishing,CVXOPT,False,0.05,0.0,Screening,18,51.03944592,0.93894166,0.98537277,0.94487546,0.83929329,2.18892884,0.03718281,5000,SUCCESS
phishing,CVXOPT,False,0.05,0.05,Baseline,18,55.56778219,0.93848937,0.98523931,0.9456,0.0,11.17039657,0.0,7125,SUCCESS
phishing,CVXOPT,False,0.05,0.05,Screening,18,55.56778137,0.93848937,0.98523848,0.9456,0.82699647,1.43120885,0.02285552,3400,SUCCESS
phishing,CVXOPT,False,0.1,0.0,Baseline,18,100.52209214,0.93713252,0.98560735,0.94342694,0.0,17.77060747,0.0,11025,SUCCESS
phishing,CVXOPT,False,0.1,0.0,Screening,18,100.52209114,0.93713252,0.98560653,0.94342694,0.84155477,1.68812561,0.01427507,6650,SUCCESS
phishing,CVXOPT,False,0.1,0.05,Baseline,18,109.76440924,0.93668024,0.98524511,0.94299674,0.0,14.63643646,0.0,8525,SUCCESS
phishing,CVXOPT,False,0.1,0.05,Screening,18,109.76440935,0.93668024,0.98524926,0.94299674,0.82685512,1.75033784,0.03826976,3050,SUCCESS
phishing,CVXOPT,False,0.01,0.0,Baseline,19,10.48696447,0.9262777,0.98076808,0.9357002,0.0,12.09220219,0.0,7875,SUCCESS
phishing,CVXOPT,False,0.01,0.0,Screening,19,10.48696425,0.9262777,0.98076891,0.9357002,0.82869258,1.4188273,0.03385329,3775,SUCCESS
phishing,CVXOPT,False,0.01,0.05,Baseline,19,11.31102822,0.9262777,0.98056251,0.93544554,0.0,2.35705853,0.0,1500,SUCCESS
phishing,CVXOPT,False,0.01,0.05,Screening,19,11.31102777,0.9262777,0.98056251,0.93544554,0.81427562,1.12646437,0.01619387,3025,SUCCESS
phishing,CVXOPT,False,0.05,0.0,Baseline,19,47.71856699,0.92718227,0.9811096,0.93648915,0.0,8.89612079,0.0,4650,SUCCESS
phishing,CVXOPT,False,0.05,0.0,Screening,19,47.71856734,0.92718227,0.98111043,0.93648915,0.85371025,1.2065711,0.0283246,4600,SUCCESS
phishing,CVXOPT,False,0.05,0.05,Baseline,19,52.0752627,0.92989597,0.98080787,0.93767591,0.0,12.5564456,0.0,7075,SUCCESS
phishing,CVXOPT,False,0.05,0.05,Screening,19,52.07526119,0.92989597,0.98080456,0.93767591,0.8370318,1.09966159,0.01371002,3300,SUCCESS
phishing,CVXOPT,False,0.1,0.0,Baseline,19,93.70044776,0.92808684,0.98149256,0.93637455,0.0,29.99913335,0.0,18525,SUCCESS
phishing,CVXOPT,False,0.1,0.0,Screening,19,93.70044732,0.92808684,0.98150085,0.93637455,0.85597173,2.12941813,0.02109575,5400,SUCCESS
phishing,CVXOPT,False,0.1,0.05,Baseline,19,102.73780544,0.92311171,0.98068602,0.93307087,0.0,15.76534629,0.0,9475,SUCCESS
phishing,CVXOPT,False,0.1,0.05,Screening,19,102.737807,0.92311171,0.98068602,0.93307087,0.84409894,0.94633198,0.01493692,2650,SUCCESS
phishing,CVXOPT,False,0.01,0.0,Baseline,20,11.15810593,0.93532338,0.98345588,0.94254721,0.0,3.04543662,0.0,2050,SUCCESS
phishing,CVXOPT,False,0.01,0.0,Screening,20,11.15810591,0.93532338,0.98345422,0.94254721,0.81526502,2.22770452,0.03311872,4400,SUCCESS
phishing,CVXOPT,False,0.01,0.05,Baseline,20,11.98505394,0.93125283,0.98306048,0.93934557,0.0,2.56476212,0.0,1650,SUCCESS
phishing,CVXOPT,False,0.01,0.05,Screening,20,11.98505389,0.93125283,0.98306048,0.93934557,0.80409894,1.10871482,0.01420093,2725,SUCCESS
phishing,CVXOPT,False,0.05,0.0,Baseline,20,51.46687038,0.93441882,0.98456498,0.94206952,0.0,13.60212016,0.0,8050,SUCCESS
phishing,CVXOPT,False,0.05,0.0,Screening,20,51.4668703,0.93441882,0.98456995,0.94206952,0.83787986,2.29964805,0.01359153,6000,SUCCESS
phishing,CVXOPT,False,0.05,0.05,Baseline,20,55.86043295,0.93396653,0.98380485,0.94169329,0.0,5.98846006,0.0,3975,SUCCESS
phishing,CVXOPT,False,0.05,0.05,Screening,20,55.86043088,0.93396653,0.98380485,0.94169329,0.8244523,1.30147696,0.01377249,4000,SUCCESS
phishing,CVXOPT,False,0.1,0.0,Baseline,20,101.50172241,0.93441882,0.98489572,0.94211577,0.0,19.06566477,0.0,11125,SUCCESS
phishing,CVXOPT,False,0.1,0.0,Screening,20,101.50171968,0.93441882,0.98489406,0.94211577,0.8419788,1.66072297,0.01398063,6550,SUCCESS
phishing,CVXOPT,False,0.1,0.05,Baseline,20,110.442127,0.93351425,0.9840527,0.94122351,0.0,28.78623414,0.0,17150,SUCCESS
phishing,CVXOPT,False,0.1,0.05,Screening,20,110.44212642,0.93351425,0.98405602,0.94122351,0.83180212,1.39142823,0.01390266,4700,SUCCESS
phishing,CVXOPT,False,0.01,0.0,Baseline,21,11.18669112,0.93848937,0.98558207,0.94439902,0.0,4.90136313,0.0,2250,SUCCESS
phishing,CVXOPT,False,0.01,0.0,Screening,21,11.18669116,0.93848937,0.98558539,0.94439902,0.81964664,1.60930157,0.01468253,5475,SUCCESS
phishing,CVXOPT,False,0.01,0.05,Baseline,21,12.05602747,0.93713252,0.98546768,0.94415428,0.0,3.08128858,0.0,2025,SUCCESS
phishing,CVXOPT,False,0.01,0.05,Screening,21,12.05602778,0.93713252,0.98546519,0.94415428,0.80989399,2.19924545,0.01919127,4200,SUCCESS
phishing,CVXOPT,False,0.05,0.0,Baseline,21,51.20621169,0.93577567,0.98566828,0.94165982,0.0,8.22458005,0.0,5875,SUCCESS
phishing,CVXOPT,False,0.05,0.0,Screening,21,51.20621202,0.93577567,0.98566745,0.94165982,0.84070671,2.48014832,0.03292346,5775,SUCCESS
phishing,CVXOPT,False,0.05,0.05,Baseline,21,55.82908788,0.93939394,0.98552902,0.94517185,0.0,23.05928326,0.0,14625,SUCCESS
phishing,CVXOPT,False,0.05,0.05,Screening,21,55.8290885,0.93939394,0.98552902,0.94517185,0.8244523,1.70721889,0.02147865,3375,SUCCESS
phishing,CVXOPT,False,0.1,0.0,Baseline,21,100.77752861,0.93668024,0.98571884,0.94257588,0.0,32.32341766,0.0,19925,SUCCESS
phishing,CVXOPT,False,0.1,0.0,Screening,21,100.77753032,0.93668024,0.98572133,0.94257588,0.84480565,1.83749557,0.01398325,7325,SUCCESS
phishing,CVXOPT,False,0.1,0.05,Baseline,21,110.27543947,0.93894166,0.9855572,0.94487546,0.0,13.81819749,0.0,8125,SUCCESS
phishing,CVXOPT,False,0.1,0.05,Screening,21,110.27543715,0.93894166,0.98555969,0.94487546,0.82855124,1.22727942,0.01434302,3800,SUCCESS
phishing,CVXOPT,False,0.01,0.0,Baseline,22,11.05329407,0.93713252,0.98378662,0.94437775,0.0,5.84217978,0.0,2500,SUCCESS
phishing,CVXOPT,False,0.01,0.0,Screening,22,11.05329426,0.93713252,0.98379242,0.94437775,0.81766784,1.69816017,0.01397419,5775,SUCCESS
phishing,CVXOPT,False,0.01,0.05,Baseline,22,11.91461363,0.9375848,0.98360425,0.94493216,0.0,3.04229045,0.0,2000,SUCCESS
phishing,CVXOPT,False,0.01,0.05,Screening,22,11.91461325,0.9375848,0.98360674,0.94493216,0.804947,2.07796884,0.03387737,3575,SUCCESS
phishing,CVXOPT,False,0.05,0.0,Baseline,22,50.74207139,0.93848937,0.98412896,0.9456869,0.0,4.32672668,0.0,3000,SUCCESS
phishing,CVXOPT,False,0.05,0.0,Screening,22,50.74206869,0.93848937,0.9841414,0.9456869,0.84042403,1.32253075,0.01380539,4725,SUCCESS
phishing,CVXOPT,False,0.05,0.05,Baseline,22,55.1985942,0.93848937,0.98387117,0.94533762,0.0,7.15809274,0.0,3350,SUCCESS
phishing,CVXOPT,False,0.05,0.05,Screening,22,55.1985943,0.93848937,0.98387034,0.94533762,0.83067138,1.06617403,0.0141387,2875,SUCCESS
phishing,CVXOPT,False,0.1,0.0,Baseline,22,99.94020591,0.93532338,0.98402866,0.94394355,0.0,12.32392049,0.0,7225,SUCCESS
phishing,CVXOPT,False,0.1,0.0,Screening,22,99.94020419,0.93532338,0.98402701,0.94394355,0.84381625,1.45594716,0.01445699,5600,SUCCESS
phishing,CVXOPT,False,0.1,0.05,Baseline,22,109.06326164,0.93803709,0.98393748,0.94500201,0.0,12.503124,0.0,7200,SUCCESS
phishing,CVXOPT,False,0.1,0.05,Screening,22,109.06326107,0.93803709,0.98393665,0.94500201,0.83208481,1.10760164,0.02118254,3275,SUCCESS
phishing,CVXOPT,False,0.01,0.0,Baseline,23,11.40853165,0.94979647,0.98921153,0.95507892,0.0,3.94332242,0.0,1550,SUCCESS
phishing,CVXOPT,False,0.01,0.0,Screening,23,11.40853158,0.94979647,0.98920904,0.95507892,0.81272085,1.65574479,0.01450801,5425,SUCCESS
phishing,CVXOPT,False,0.01,0.05,Baseline,23,12.26505667,0.95024876,0.98937897,0.95506536,0.0,2.27551961,0.0,1450,SUCCESS
phishing,CVXOPT,False,0.01,0.05,Screening,23,12.26505639,0.95024876,0.98937897,0.95506536,0.79985866,2.16805887,0.01678348,4125,SUCCESS
phishing,CVXOPT,False,0.05,0.0,Baseline,23,52.66510614,0.94753505,0.98967655,0.95303644,0.0,4.84538221,0.0,3225,SUCCESS
phishing,CVXOPT,False,0.05,0.0,Screening,23,52.6651017,0.94753505,0.98967738,0.95303644,0.83448763,1.12313485,0.01443553,3625,SUCCESS
phishing,CVXOPT,False,0.05,0.05,Baseline,23,57.21546622,0.95115332,0.98943616,0.95616883,0.0,8.72490931,0.0,4475,SUCCESS
phishing,CVXOPT,False,0.05,0.05,Screening,23,57.21546604,0.95115332,0.98943616,0.95616883,0.82798587,1.17784452,0.01451182,3475,SUCCESS
phishing,CVXOPT,False,0.1,0.0,Baseline,23,103.85857073,0.9488919,0.98969976,0.95452716,0.0,28.61613822,0.0,17450,SUCCESS
phishing,CVXOPT,False,0.1,0.0,Screening,23,103.85857472,0.9488919,0.98969976,0.95452716,0.83547703,1.88200331,0.0142076,7400,SUCCESS
phishing,CVXOPT,False,0.1,0.05,Baseline,23,113.148068,0.94979647,0.98956216,0.95478615,0.0,10.34313226,0.0,5625,SUCCESS
phishing,CVXOPT,False,0.1,0.05,Screening,23,113.1480653,0.94979647,0.98956299,0.95478615,0.82657244,1.21722317,0.01436543,3600,SUCCESS
phishing,CVXOPT,False,0.01,0.0,Baseline,24,11.39085153,0.9375848,0.98615072,0.94488818,0.0,3.91336679,0.0,1700,SUCCESS
phishing,CVXOPT,False,0.01,0.0,Screening,24,11.39085137,0.9375848,0.98615154,0.94488818,0.81413428,1.31952119,0.01404119,4100,SUCCESS
phishing,CVXOPT,False,0.01,0.05,Baseline,24,12.25869002,0.93622795,0.98584982,0.94316808,0.0,3.33409929,0.0,2250,SUCCESS
phishing,CVXOPT,False,0.01,0.05,Screening,24,12.25869016,0.93622795,0.98585064,0.94316808,0.80367491,1.83724737,0.01418471,4200,SUCCESS
phishing,CVXOPT,False,0.05,0.0,Baseline,24,52.29454491,0.94029851,0.98649721,0.94638505,0.0,4.08169222,0.0,2825,SUCCESS
phishing,CVXOPT,False,0.05,0.0,Screening,24,52.29454251,0.94029851,0.98649058,0.94638505,0.83491166,1.96818972,0.0144496,7875,SUCCESS
phishing,CVXOPT,False,0.05,0.05,Baseline,24,57.00479998,0.93532338,0.98637618,0.94259334,0.0,11.63610005,0.0,6725,SUCCESS
phishing,CVXOPT,False,0.05,0.05,Screening,24,57.00480069,0.93532338,0.98637535,0.94259334,0.82303887,1.19216061,0.01462436,3500,SUCCESS
phishing,CVXOPT,False,0.1,0.0,Baseline,24,102.93401944,0.93668024,0.98659005,0.94408946,0.0,7.21292329,0.0,4375,SUCCESS
phishing,CVXOPT,False,0.1,0.0,Screening,24,102.93401774,0.93668024,0.98659005,0.94408946,0.84240283,1.7526207,0.01397848,7125,SUCCESS
phishing,CVXOPT,False,0.1,0.05,Baseline,24,112.63668843,0.93894166,0.98639608,0.94536625,0.0,23.06758714,0.0,13350,SUCCESS
phishing,CVXOPT,False,0.1,0.05,Screening,24,112.63668097,0.93894166,0.98638696,0.94536625,0.82190813,1.13499904,0.01440263,3225,SUCCESS
phishing,CVXOPT,False,0.01,0.0,Baseline,25,11.30816859,0.94663048,0.98696141,0.95238095,0.0,2.72976518,0.0,1850,SUCCESS
phishing,CVXOPT,False,0.01,0.0,Screening,25,11.30816855,0.94663048,0.98696141,0.95238095,0.81257951,2.11178493,0.03510356,4100,SUCCESS
phishing,CVXOPT,False,0.01,0.05,Baseline,25,12.16841361,0.94527363,0.98674174,0.95115059,0.0,3.05327082,0.0,2025,SUCCESS
phishing,CVXOPT,False,0.01,0.05,Screening,25,12.16841338,0.94527363,0.98674174,0.95115059,0.80084806,1.40374851,0.02020073,3850,SUCCESS
phishing,CVXOPT,False,0.05,0.0,Baseline,25,52.10041462,0.9461782,0.98719268,0.95168494,0.0,9.48534799,0.0,5000,SUCCESS
phishing,CVXOPT,False,0.05,0.0,Screening,25,52.10041176,0.9461782,0.98717527,0.95168494,0.83137809,1.34930325,0.01914978,4475,SUCCESS
phishing,CVXOPT,False,0.05,0.05,Baseline,25,56.64391028,0.94708277,0.98693902,0.9525355,0.0,8.8744967,0.0,4425,SUCCESS
phishing,CVXOPT,False,0.05,0.05,Screening,25,56.64390859,0.94708277,0.98693902,0.9525355,0.81837456,1.20734954,0.01909208,3400,SUCCESS
phishing,CVXOPT,False,0.1,0.0,Baseline,25,102.67567744,0.94753505,0.98741317,0.95280716,0.0,7.00735521,0.0,3475,SUCCESS
phishing,CVXOPT,False,0.1,0.0,Screening,25,102.67567514,0.94753505,0.98741317,0.95280716,0.83689046,1.8803556,0.01892471,7425,SUCCESS
phishing,CVXOPT,False,0.1,0.05,Baseline,25,112.00876008,0.94572592,0.98692991,0.95114007,0.0,18.87617135,0.0,11575,SUCCESS
phishing,CVXOPT,False,0.1,0.05,Screening,25,112.00876309,0.94572592,0.98693073,0.95114007,0.82190813,1.90200448,0.04514098,3325,SUCCESS
phishing,CVXOPT,False,0.01,0.0,Baseline,26,11.35103563,0.94663048,0.98770081,0.95264848,0.0,4.18112493,0.0,2775,SUCCESS
phishing,CVXOPT,False,0.01,0.0,Screening,26,11.35103496,0.94663048,0.98770247,0.95264848,0.81144876,1.88994002,0.0140028,6450,SUCCESS
phishing,CVXOPT,False,0.01,0.05,Baseline,26,12.22168924,0.94798734,0.98755657,0.95375955,0.0,5.73921514,0.0,2350,SUCCESS
phishing,CVXOPT,False,0.01,0.05,Screening,26,12.22168938,0.94798734,0.98755657,0.95375955,0.80537102,1.60791445,0.01559806,4725,SUCCESS
phishing,CVXOPT,False,0.05,0.0,Baseline,26,52.18778171,0.94708277,0.98794617,0.95241968,0.0,20.19258523,0.0,12675,SUCCESS
phishing,CVXOPT,False,0.05,0.0,Screening,26,52.18777974,0.94708277,0.98794866,0.95241968,0.83519435,2.49638915,0.01990294,6600,SUCCESS
phishing,CVXOPT,False,0.05,0.05,Baseline,26,56.82196729,0.94843962,0.98779116,0.95346939,0.0,13.41971636,0.0,7875,SUCCESS
phishing,CVXOPT,False,0.05,0.05,Screening,26,56.8219657,0.94843962,0.98779033,0.95346939,0.82035336,1.1929605,0.01408529,3425,SUCCESS
phishing,CVXOPT,False,0.1,0.0,Baseline,26,102.77395029,0.93984622,0.98800419,0.94736842,0.0,25.65840626,0.0,15450,SUCCESS
phishing,CVXOPT,False,0.1,0.0,Screening,26,102.77394653,0.93984622,0.98800585,0.94736842,0.83929329,1.91881132,0.01389313,7775,SUCCESS
phishing,CVXOPT,False,0.1,0.05,Baseline,26,112.3358706,0.95070104,0.98780194,0.95578093,0.0,32.72511482,0.0,20000,SUCCESS
phishing,CVXOPT,False,0.1,0.05,Screening,26,112.33584417,0.95070104,0.98780028,0.95578093,0.484947,9.08403587,0.0464437,8275,SUCCESS
phishing,CVXOPT,False,0.01,0.0,Baseline,27,11.08323965,0.94075079,0.98609145,0.94715611,0.0,2.41062927,0.0,1600,SUCCESS
phishing,CVXOPT,False,0.01,0.0,Screening,27,11.08323954,0.94075079,0.98609393,0.94715611,0.8175265,2.22902012,0.03040671,4650,SUCCESS
phishing,CVXOPT,False,0.01,0.05,Baseline,27,11.94659211,0.94165536,0.98595799,0.94862605,0.0,2.49262524,0.0,1425,SUCCESS
phishing,CVXOPT,False,0.01,0.05,Screening,27,11.94659214,0.94165536,0.98595633,0.94862605,0.80805654,1.54900312,0.01504636,4600,SUCCESS
phishing,CVXOPT,False,0.05,0.0,Baseline,27,50.67382896,0.94255993,0.98651088,0.94856217,0.0,6.92340136,0.0,3325,SUCCESS
phishing,CVXOPT,False,0.05,0.0,Screening,27,50.67383083,0.94255993,0.98651088,0.94856217,0.84339223,1.22375607,0.01383495,4400,SUCCESS
phishing,CVXOPT,False,0.05,0.05,Baseline,27,55.27741605,0.94301221,0.98623982,0.94951923,0.0,12.8918891,0.0,7450,SUCCESS
phishing,CVXOPT,False,0.05,0.05,Screening,27,55.27741677,0.94301221,0.98624811,0.94951923,0.83024735,1.11163497,0.0143292,3225,SUCCESS
phishing,CVXOPT,False,0.1,0.0,Baseline,27,99.72320277,0.9434645,0.98649265,0.94953573,0.0,13.29253817,0.0,7975,SUCCESS
phishing,CVXOPT,False,0.1,0.0,Screening,27,99.72320309,0.9434645,0.98649182,0.94953573,0.84367491,1.55730414,0.02427292,6050,SUCCESS
phishing,CVXOPT,False,0.1,0.05,Baseline,27,109.12645706,0.94255993,0.98636582,0.94917967,0.0,12.30619287,0.0,7700,SUCCESS
phishing,CVXOPT,False,0.1,0.05,Screening,27,109.12645513,0.94255993,0.9863708,0.94917967,0.83151943,1.82290697,0.02788782,3375,SUCCESS
phishing,CVXOPT,False,0.01,0.0,Baseline,28,11.11181146,0.94255993,0.98750725,0.94934184,0.0,4.40446734,0.0,3025,SUCCESS
phishing,CVXOPT,False,0.01,0.0,Screening,28,11.11181149,0.94255993,0.9875056,0.94934184,0.82035336,1.638834,0.01430488,5675,SUCCESS
phishing,CVXOPT,False,0.01,0.05,Baseline,28,11.97704669,0.94301221,0.98750725,0.94939759,0.0,4.41303396,0.0,1700,SUCCESS
phishing,CVXOPT,False,0.01,0.05,Screening,28,11.97704656,0.94301221,0.98750808,0.94939759,0.8069258,1.14987993,0.0145793,2975,SUCCESS
phishing,CVXOPT,False,0.05,0.0,Baseline,28,50.88789917,0.93984622,0.98740778,0.94769957,0.0,4.52441216,0.0,3100,SUCCESS
phishing,CVXOPT,False,0.05,0.0,Screening,28,50.88789885,0.93984622,0.98740778,0.94769957,0.83787986,2.48716474,0.01763844,5750,SUCCESS
phishing,CVXOPT,False,0.05,0.05,Baseline,28,55.46928045,0.94301221,0.98737214,0.9498008,0.0,16.57680202,0.0,9900,SUCCESS
phishing,CVXOPT,False,0.05,0.05,Screening,28,55.46927989,0.94301221,0.98737297,0.9498008,0.82742049,1.39672089,0.01440978,4425,SUCCESS
phishing,CVXOPT,False,0.1,0.0,Baseline,28,100.18680295,0.9375848,0.9875172,0.94583987,0.0,26.17870307,0.0,15300,SUCCESS
phishing,CVXOPT,False,0.1,0.0,Screening,28,100.18680318,0.9375848,0.98750642,0.94583987,0.84127208,1.35733914,0.01644015,4925,SUCCESS
phishing,CVXOPT,False,0.1,0.05,Baseline,28,109.54583353,0.94301221,0.98722956,0.94911147,0.0,9.21377563,0.0,4875,SUCCESS
phishing,CVXOPT,False,0.1,0.05,Screening,28,109.54583203,0.94301221,0.98723205,0.94911147,0.82770318,0.93325901,0.01501465,2350,SUCCESS
phishing,CVXOPT,False,0.01,0.0,Baseline,29,11.09144417,0.93713252,0.98438179,0.94464357,0.0,4.67803955,0.0,2800,SUCCESS
phishing,CVXOPT,False,0.01,0.0,Screening,29,11.09144397,0.93713252,0.9843851,0.94464357,0.81597173,1.92935228,0.03096294,6125,SUCCESS
phishing,CVXOPT,False,0.01,0.05,Baseline,29,11.94567335,0.93532338,0.9840212,0.94314115,0.0,2.42822647,0.0,1575,SUCCESS
phishing,CVXOPT,False,0.01,0.05,Screening,29,11.94567308,0.93532338,0.98402203,0.94314115,0.80607774,1.37103176,0.01680803,3975,SUCCESS
phishing,CVXOPT,False,0.05,0.0,Baseline,29,50.82251445,0.93532338,0.98505902,0.94336634,0.0,21.73375297,0.0,13525,SUCCESS
phishing,CVXOPT,False,0.05,0.0,Screening,29,50.82251479,0.93532338,0.9850698,0.94336634,0.83886926,1.67039061,0.01433182,6475,SUCCESS
phishing,CVXOPT,False,0.05,0.05,Baseline,29,55.39564539,0.9348711,0.98470341,0.94281176,0.0,10.28104806,0.0,5750,SUCCESS
phishing,CVXOPT,False,0.05,0.05,Screening,29,55.39564423,0.9348711,0.98470009,0.94281176,0.82614841,1.24364662,0.02990127,3600,SUCCESS
phishing,CVXOPT,False,0.1,0.0,Baseline,29,100.02454288,0.93532338,0.98511124,0.9430959,0.0,11.30896592,0.0,6650,SUCCESS
phishing,CVXOPT,False,0.1,0.0,Screening,29,100.02453993,0.93532338,0.98510544,0.9430959,0.84127208,1.7136817,0.01395488,6850,SUCCESS
phishing,CVXOPT,False,0.1,0.05,Baseline,29,109.40847053,0.93622795,0.98486422,0.94402541,0.0,14.55302453,0.0,9075,SUCCESS
phishing,CVXOPT,False,0.1,0.05,Screening,29,109.40846863,0.93622795,0.98486091,0.94402541,0.83151943,1.52176547,0.01951718,2775,SUCCESS
phishing,CVXOPT,False,0.01,0.0,Baseline,30,10.7920769,0.93215739,0.98420523,0.94057052,0.0,3.78143311,0.0,2600,SUCCESS
phishing,CVXOPT,False,0.01,0.0,Screening,30,10.79207697,0.93215739,0.9842044,0.94057052,0.82628975,1.14395571,0.01399803,3575,SUCCESS
phishing,CVXOPT,False,0.01,0.05,Baseline,30,11.61696701,0.93668024,0.98400628,0.94363929,0.0,5.07801604,0.0,2075,SUCCESS
phishing,CVXOPT,False,0.01,0.05,Screening,30,11.61696695,0.93668024,0.9840038,0.94363929,0.81286219,1.23783684,0.01490283,3575,SUCCESS
phishing,CVXOPT,False,0.05,0.0,Baseline,30,49.38714255,0.93532338,0.98494214,0.94345591,0.0,14.3864572,0.0,8850,SUCCESS
phishing,CVXOPT,False,0.05,0.0,Screening,30,49.3871424,0.93532338,0.98494629,0.94345591,0.84777385,1.69348145,0.0137763,7050,SUCCESS
phishing,CVXOPT,False,0.05,0.05,Baseline,30,53.82088313,0.93396653,0.98459482,0.94210944,0.0,8.52976179,0.0,4550,SUCCESS
phishing,CVXOPT,False,0.05,0.05,Screening,30,53.82088252,0.93396653,0.98460725,0.94210944,0.83561837,1.10519814,0.01450682,3175,SUCCESS
phishing,CVXOPT,False,0.1,0.0,Baseline,30,97.14056951,0.94029851,0.98518833,0.94736842,0.0,24.18253756,0.0,14525,SUCCESS
phishing,CVXOPT,False,0.1,0.0,Screening,30,97.14057172,0.94029851,0.98518419,0.94736842,0.84749117,1.22179341,0.01440525,4425,SUCCESS
phishing,CVXOPT,False,0.1,0.05,Baseline,30,106.3031172,0.93577567,0.98466528,0.94378464,0.0,12.24721289,0.0,7175,SUCCESS
phishing,CVXOPT,False,0.1,0.05,Screening,30,106.30311624,0.93577567,0.98466611,0.94378464,0.83717314,0.962538,0.01390171,2725,SUCCESS
phishing,CVXOPT,True,0.01,0.0,Baseline,1,11.22361344,0.94075079,0.98538106,0.94689907,0.0,5.017802,0.0,2375,SUCCESS
phishing,CVXOPT,True,0.01,0.0,Screening,1,11.22361354,0.94075079,0.98537525,0.94689907,0.81724382,1.54834318,0.01439738,5150,SUCCESS
phishing,CVXOPT,True,0.01,0.05,Baseline,1,12.08046381,0.94391678,0.98530563,0.95,0.0,2.89512753,0.0,1925,SUCCESS
phishing,CVXOPT,True,0.01,0.05,Screening,1,12.08046388,0.94391678,0.98530563,0.95,0.80367491,2.25068784,0.01477385,5050,SUCCESS
phishing,CVXOPT,True,0.05,0.0,Baseline,1,51.65248808,0.94210764,0.98558332,0.94809408,0.0,7.27257442,0.0,5075,SUCCESS
phishing,CVXOPT,True,0.05,0.0,Screening,1,51.65248766,0.94210764,0.98558,0.94809408,0.83759717,1.46046066,0.01398277,5425,SUCCESS
phishing,CVXOPT,True,0.05,0.05,Baseline,1,56.15478936,0.9434645,0.98546644,0.94912495,0.0,9.39878178,0.0,6025,SUCCESS
phishing,CVXOPT,True,0.05,0.05,Screening,1,56.15478686,0.9434645,0.98546727,0.94912495,0.8264311,1.3608315,0.01397514,3775,SUCCESS
phishing,CVXOPT,True,0.1,0.0,Baseline,1,101.81074121,0.9434645,0.98578143,0.94969819,0.0,7.22813749,0.0,4775,SUCCESS
phishing,CVXOPT,True,0.1,0.0,Screening,1,101.81074209,0.9434645,0.98578309,0.94969819,0.84254417,1.45598888,0.01364851,5450,SUCCESS
phishing,CVXOPT,True,0.1,0.05,Baseline,1,111.00877627,0.94436906,0.98563471,0.94997967,0.0,20.44158459,0.0,12100,SUCCESS
phishing,CVXOPT,True,0.1,0.05,Screening,1,111.00877828,0.94436906,0.98563388,0.94997967,0.82939929,1.34297585,0.01405764,4300,SUCCESS
phishing,CVXOPT,True,0.01,0.0,Baseline,2,11.15953939,0.93351425,0.98389521,0.94007338,0.0,2.41364813,0.0,1600,SUCCESS
phishing,CVXOPT,True,0.01,0.0,Screening,2,11.1595393,0.93351425,0.98389438,0.94007338,0.81809187,2.18653274,0.02340555,4400,SUCCESS
phishing,CVXOPT,True,0.01,0.05,Baseline,2,12.01947875,0.93306196,0.98367803,0.93949305,0.0,3.06056833,0.0,2025,SUCCESS
phishing,CVXOPT,True,0.01,0.05,Screening,2,12.01947864,0.93306196,0.98367969,0.93949305,0.8059364,1.50144148,0.01425028,4425,SUCCESS
phishing,CVXOPT,True,0.05,0.0,Baseline,2,51.0970661,0.9348711,0.98409083,0.94193548,0.0,6.42583132,0.0,2975,SUCCESS
phishing,CVXOPT,True,0.05,0.0,Screening,2,51.0970626,0.9348711,0.98409166,0.94193548,0.84141343,1.59377313,0.01512575,6150,SUCCESS
phishing,CVXOPT,True,0.05,0.05,Baseline,2,55.72489896,0.93396653,0.98380485,0.94065041,0.0,8.37808132,0.0,4475,SUCCESS
phishing,CVXOPT,True,0.05,0.05,Screening,2,55.72489654,0.93396653,0.98380485,0.94065041,0.82515901,1.24350953,0.01543474,3600,SUCCESS
phishing,CVXOPT,True,0.1,0.0,Baseline,2,100.54018897,0.93622795,0.98422346,0.94284556,0.0,10.71961474,0.0,6125,SUCCESS
phishing,CVXOPT,True,0.1,0.0,Screening,2,100.54018666,0.93622795,0.98422429,0.94284556,0.84424028,1.61523914,0.0151515,6400,SUCCESS
phishing,CVXOPT,True,0.1,0.05,Baseline,2,110.03879944,0.93577567,0.98394411,0.94237013,0.0,9.5391922,0.0,5350,SUCCESS
phishing,CVXOPT,True,0.1,0.05,Screening,2,110.03879953,0.93577567,0.98394494,0.94237013,0.83194346,1.02120662,0.01384234,2875,SUCCESS
phishing,CVXOPT,True,0.01,0.0,Baseline,3,11.33859426,0.94120308,0.98695643,0.94791667,0.0,8.17194772,0.0,5175,SUCCESS
phishing,CVXOPT,True,0.01,0.0,Screening,3,11.33859448,0.94120308,0.9869556,0.94791667,0.81667845,1.68541431,0.01773572,5650,SUCCESS
phishing,CVXOPT,True,0.01,0.05,Baseline,3,12.19868248,0.94029851,0.98680474,0.94728435,0.0,2.99225211,0.0,2025,SUCCESS
phishing,CVXOPT,True,0.01,0.05,Screening,3,12.1986825,0.94029851,0.98680805,0.94728435,0.8039576,1.25588107,0.01436329,3425,SUCCESS
phishing,CVXOPT,True,0.05,0.0,Baseline,3,52.30689339,0.93622795,0.98720096,0.94353224,0.0,7.70986652,0.0,4900,SUCCESS
phishing,CVXOPT,True,0.05,0.0,Screening,3,52.30689258,0.93622795,0.98720096,0.94353224,0.83561837,1.60416961,0.01384735,5925,SUCCESS
phishing,CVXOPT,True,0.05,0.05,Baseline,3,56.79357874,0.93939394,0.98700451,0.94644285,0.0,7.98080373,0.0,4450,SUCCESS
phishing,CVXOPT,True,0.05,0.05,Screening,3,56.79357681,0.93939394,0.98700202,0.94644285,0.8234629,1.26144218,0.01399684,3800,SUCCESS
phishing,CVXOPT,True,0.1,0.0,Baseline,3,103.12710045,0.94255993,0.98718356,0.94775812,0.0,11.68807936,0.0,6975,SUCCESS
phishing,CVXOPT,True,0.1,0.0,Screening,3,103.12709726,0.94255993,0.98718107,0.94775812,0.84028269,1.50377798,0.01597023,5550,SUCCESS
phishing,CVXOPT,True,0.1,0.05,Baseline,3,112.31431092,0.9434645,0.98711144,0.94891704,0.0,13.03219891,0.0,7725,SUCCESS
phishing,CVXOPT,True,0.1,0.05,Screening,3,112.31431342,0.9434645,0.98710813,0.94891704,0.83095406,1.33778048,0.01389623,2825,SUCCESS
phishing,CVXOPT,True,0.01,0.0,Baseline,4,11.3728117,0.94210764,0.98633805,0.94842869,0.0,3.13492584,0.0,1775,SUCCESS
phishing,CVXOPT,True,0.01,0.0,Screening,4,11.37281152,0.94210764,0.98633474,0.94842869,0.81893993,1.37512398,0.01402569,4425,SUCCESS
phishing,CVXOPT,True,0.01,0.05,Baseline,4,12.23202308,0.94391678,0.98601892,0.94983819,0.0,2.04260445,0.0,1275,SUCCESS
phishing,CVXOPT,True,0.01,0.05,Screening,4,12.23202303,0.94391678,0.98601892,0.94983819,0.80409894,1.96247292,0.02978635,3175,SUCCESS
phishing,CVXOPT,True,0.05,0.0,Baseline,4,52.16262061,0.94436906,0.98675417,0.95050302,0.0,7.30774021,0.0,5225,SUCCESS
phishing,CVXOPT,True,0.05,0.0,Screening,4,52.16261967,0.94436906,0.98675998,0.95050302,0.83943463,2.39507651,0.04032111,5600,SUCCESS
phishing,CVXOPT,True,0.05,0.05,Baseline,4,56.91826655,0.94210764,0.98647814,0.94800975,0.0,5.91473556,0.0,4125,SUCCESS
phishing,CVXOPT,True,0.05,0.05,Screening,4,56.91826542,0.94210764,0.98647731,0.94800975,0.8244523,1.0498333,0.013937,2850,SUCCESS
phishing,CVXOPT,True,0.1,0.0,Baseline,4,102.60000072,0.93894166,0.9869755,0.94428395,0.0,10.10403562,0.0,6425,SUCCESS
phishing,CVXOPT,True,0.1,0.0,Screening,4,102.59999945,0.93894166,0.9869755,0.94428395,0.84169611,2.11918306,0.01391935,7075,SUCCESS
phishing,CVXOPT,True,0.1,0.05,Baseline,4,112.46639237,0.93984622,0.9866116,0.94524496,0.0,6.89240861,0.0,4500,SUCCESS
phishing,CVXOPT,True,0.1,0.05,Screening,4,112.46638952,0.93984622,0.98661409,0.94524496,0.82812721,1.56288671,0.013726,5300,SUCCESS
phishing,CVXOPT,True,0.01,0.0,Baseline,5,11.14368014,0.94301221,0.98545317,0.94931617,0.0,24.69629049,0.0,15600,SUCCESS
phishing,CVXOPT,True,0.01,0.0,Screening,5,11.14368007,0.94301221,0.985454,0.94931617,0.8214841,1.42880225,0.0139513,4625,SUCCESS
phishing,CVXOPT,True,0.01,0.05,Baseline,5,11.98694123,0.9434645,0.98517963,0.94985961,0.0,3.07620621,0.0,1175,SUCCESS
phishing,CVXOPT,True,0.01,0.05,Screening,5,11.98694098,0.9434645,0.98517963,0.94985961,0.80508834,1.54952312,0.01414967,4600,SUCCESS
phishing,CVXOPT,True,0.05,0.0,Baseline,5,51.24474405,0.94301221,0.98598452,0.94923449,0.0,6.89013481,0.0,4200,SUCCESS
phishing,CVXOPT,True,0.05,0.0,Screening,5,51.24474303,0.94301221,0.98598452,0.94923449,0.83519435,1.42855263,0.01456881,5125,SUCCESS
phishing,CVXOPT,True,0.05,0.05,Baseline,5,55.71746572,0.9434645,0.98557088,0.94977903,0.0,25.80500078,0.0,14150,SUCCESS
phishing,CVXOPT,True,0.05,0.05,Screening,5,55.71746459,0.9434645,0.98557254,0.94977903,0.82515901,1.14772892,0.01449251,3325,SUCCESS
phishing,CVXOPT,True,0.1,0.0,Baseline,5,100.98616645,0.94572592,0.98607238,0.95121951,0.0,9.90529823,0.0,6350,SUCCESS
phishing,CVXOPT,True,0.1,0.0,Screening,5,100.98616211,0.94572592,0.98607653,0.95121951,0.83689046,1.58875155,0.01425338,6025,SUCCESS
phishing,CVXOPT,True,0.1,0.05,Baseline,5,110.11726206,0.94165536,0.98579884,0.94779442,0.0,17.96071625,0.0,11500,SUCCESS
phishing,CVXOPT,True,0.1,0.05,Screening,5,110.11726249,0.94165536,0.98579967,0.94779442,0.83010601,1.27659774,0.01401711,4050,SUCCESS
phishing,CVXOPT,True,0.01,0.0,Baseline,6,11.15254337,0.94210764,0.98561854,0.94859438,0.0,3.75237989,0.0,1675,SUCCESS
phishing,CVXOPT,True,0.01,0.0,Screening,6,11.15254322,0.94210764,0.98561937,0.94859438,0.81427562,1.39007926,0.01458049,4350,SUCCESS
phishing,CVXOPT,True,0.01,0.05,Baseline,6,12.00110633,0.93939394,0.98525548,0.94517185,0.0,3.25750828,0.0,2175,SUCCESS
phishing,CVXOPT,True,0.01,0.05,Screening,6,12.00110615,0.93939394,0.98525216,0.94517185,0.80240283,2.06132865,0.01934505,3525,SUCCESS
phishing,CVXOPT,True,0.05,0.0,Baseline,6,51.26988419,0.94391678,0.98613579,0.94963444,0.0,5.04583263,0.0,3600,SUCCESS
phishing,CVXOPT,True,0.05,0.0,Screening,6,51.26988399,0.94391678,0.98613662,0.94963444,0.83971731,1.36029029,0.01366568,4925,SUCCESS
phishing,CVXOPT,True,0.05,0.05,Baseline,6,55.76796279,0.94391678,0.98568983,0.94963444,0.0,11.00377393,0.0,6550,SUCCESS
phishing,CVXOPT,True,0.05,0.05,Screening,6,55.76796052,0.94391678,0.98568983,0.94963444,0.82628975,1.17500424,0.01358962,3575,SUCCESS
phishing,CVXOPT,True,0.1,0.0,Baseline,6,101.00358979,0.94391678,0.98616232,0.94955248,0.0,9.60145187,0.0,6650,SUCCESS
phishing,CVXOPT,True,0.1,0.0,Screening,6,101.0035882,0.94391678,0.98616232,0.94955248,0.84254417,2.45050812,0.02255201,6150,SUCCESS
phishing,CVXOPT,True,0.1,0.05,Baseline,6,110.2140476,0.9434645,0.98591364,0.94916633,0.0,11.37597084,0.0,7625,SUCCESS
phishing,CVXOPT,True,0.1,0.05,Screening,6,110.2140448,0.9434645,0.98591364,0.94916633,0.82925795,1.5113914,0.02234459,3025,SUCCESS
phishing,CVXOPT,True,0.01,0.0,Baseline,7,11.31574307,0.93894166,0.98846922,0.94610778,0.0,3.2847538,0.0,2275,SUCCESS
phishing,CVXOPT,True,0.01,0.0,Screening,7,11.31574307,0.93894166,0.98846839,0.94610778,0.81526502,1.66348386,0.01395631,5625,SUCCESS
phishing,CVXOPT,True,0.01,0.05,Baseline,7,12.17794459,0.93848937,0.9883109,0.94590294,0.0,3.60869908,0.0,1400,SUCCESS
phishing,CVXOPT,True,0.01,0.05,Screening,7,12.17794477,0.93848937,0.98830924,0.94590294,0.80084806,0.94612074,0.01434708,2050,SUCCESS
phishing,CVXOPT,True,0.05,0.0,Baseline,7,51.9964431,0.94120308,0.98896824,0.94849445,0.0,20.06227803,0.0,13150,SUCCESS
phishing,CVXOPT,True,0.05,0.0,Screening,7,51.99644243,0.94165536,0.98897404,0.94858509,0.83420495,2.7198,0.03629303,6350,SUCCESS
phishing,CVXOPT,True,0.05,0.05,Baseline,7,56.64827547,0.94165536,0.98874857,0.94862605,0.0,5.59428453,0.0,3950,SUCCESS
phishing,CVXOPT,True,0.05,0.05,Screening,7,56.64827479,0.94165536,0.98874443,0.94862605,0.82501767,1.09081912,0.01410675,2925,SUCCESS
phishing,CVXOPT,True,0.1,0.0,Baseline,7,102.45232286,0.94075079,0.98903455,0.94803649,0.0,7.10443115,0.0,5125,SUCCESS
phishing,CVXOPT,True,0.1,0.0,Screening,7,102.45231663,0.94075079,0.98904035,0.94803649,0.83759717,2.16526055,0.01439762,6775,SUCCESS
phishing,CVXOPT,True,0.1,0.05,Baseline,7,111.93245682,0.94120308,0.98872868,0.9484127,0.0,10.18785048,0.0,6950,SUCCESS
phishing,CVXOPT,True,0.1,0.05,Screening,7,111.93244923,0.94120308,0.98873365,0.9484127,0.82204947,1.90485048,0.04357243,3500,SUCCESS
phishing,CVXOPT,True,0.01,0.0,Baseline,8,11.25103204,0.93668024,0.98472662,0.94229184,0.0,2.47665143,0.0,1675,SUCCESS
phishing,CVXOPT,True,0.01,0.0,Screening,8,11.25103173,0.93668024,0.98472662,0.94229184,0.81272085,1.56659031,0.01406813,5250,SUCCESS
phishing,CVXOPT,True,0.01,0.05,Baseline,8,12.1187288,0.93306196,0.98457078,0.94046661,0.0,3.00232148,0.0,1500,SUCCESS
phishing,CVXOPT,True,0.01,0.05,Screening,8,12.11872864,0.93306196,0.98456747,0.94046661,0.80381625,1.47621775,0.01775122,3675,SUCCESS
phishing,CVXOPT,True,0.05,0.0,Baseline,8,51.5531413,0.93441882,0.98503001,0.94150867,0.0,4.01748705,0.0,2800,SUCCESS
phishing,CVXOPT,True,0.05,0.0,Screening,8,51.55314018,0.93441882,0.98502752,0.94150867,0.83971731,1.84750056,0.01372671,6350,SUCCESS
phishing,CVXOPT,True,0.05,0.05,Baseline,8,56.20799308,0.93260968,0.98484516,0.94028056,0.0,8.72244906,0.0,6225,SUCCESS
phishing,CVXOPT,True,0.05,0.05,Screening,8,56.20799277,0.93260968,0.98484433,0.94028056,0.82600707,2.23459697,0.01718616,4575,SUCCESS
phishing,CVXOPT,True,0.1,0.0,Baseline,8,101.45381301,0.93668024,0.9851502,0.94238683,0.0,17.71824074,0.0,11450,SUCCESS
phishing,CVXOPT,True,0.1,0.0,Screening,8,101.45381309,0.93668024,0.98514854,0.94238683,0.84070671,1.43743515,0.01429653,5500,SUCCESS
phishing,CVXOPT,True,0.1,0.05,Baseline,8,111.0269477,0.93215739,0.98488577,0.93985565,0.0,21.47079921,0.0,12825,SUCCESS
phishing,CVXOPT,True,0.1,0.05,Screening,8,111.02695008,0.93215739,0.9848866,0.93985565,0.82614841,1.16383839,0.01984739,3400,SUCCESS
phishing,CVXOPT,True,0.01,0.0,Baseline,9,11.00250209,0.93260968,0.98160074,0.94094332,0.0,3.54890895,0.0,2500,SUCCESS
phishing,CVXOPT,True,0.01,0.0,Screening,9,11.00250171,0.93260968,0.98160157,0.94094332,0.81710247,1.79416156,0.01366377,4025,SUCCESS
phishing,CVXOPT,True,0.01,0.05,Baseline,9,11.85060291,0.93351425,0.98156095,0.94145759,0.0,2.89084125,0.0,1675,SUCCESS
phishing,CVXOPT,True,0.01,0.05,Screening,9,11.85081217,0.93351425,0.98154935,0.94145759,0.80367491,0.44504189,0.01410174,475,SUCCESS
phishing,CVXOPT,True,0.05,0.0,Baseline,9,50.36776474,0.93532338,0.98235589,0.94332144,0.0,15.53320527,0.0,9850,SUCCESS
phishing,CVXOPT,True,0.05,0.0,Screening,9,50.36776197,0.93532338,0.9823476,0.94332144,0.84353357,1.36623502,0.01400495,5125,SUCCESS
phishing,CVXOPT,True,0.05,0.05,Baseline,9,54.93167449,0.92672999,0.98202432,0.93657009,0.0,6.01736498,0.0,3550,SUCCESS
phishing,CVXOPT,True,0.05,0.05,Screening,9,54.93167439,0.92672999,0.98202432,0.93657009,0.83349823,0.92293286,0.02491212,2475,SUCCESS
phishing,CVXOPT,True,0.1,0.0,Baseline,9,99.09090573,0.93260968,0.98253577,0.94112999,0.0,7.32088733,0.0,3725,SUCCESS
phishing,CVXOPT,True,0.1,0.0,Screening,9,99.09090179,0.93260968,0.9825366,0.94112999,0.84636042,1.10743546,0.01320553,3850,SUCCESS
phishing,CVXOPT,True,0.1,0.05,Baseline,9,108.48429192,0.92899141,0.98218845,0.93840722,0.0,25.36316752,0.0,15375,SUCCESS
phishing,CVXOPT,True,0.1,0.05,Screening,9,108.48429303,0.92899141,0.98219011,0.93840722,0.83491166,1.48763752,0.01336408,5300,SUCCESS
phishing,CVXOPT,True,0.01,0.0,Baseline,10,11.52998702,0.93984622,0.98947471,0.9477817,0.0,5.68280959,0.0,3700,SUCCESS
phishing,CVXOPT,True,0.01,0.0,Screening,10,11.53026894,0.93984622,0.9894573,0.9477817,0.80946996,0.66731644,0.03363109,400,SUCCESS
phishing,CVXOPT,True,0.01,0.05,Baseline,10,12.42123318,0.94798734,0.98932384,0.95394473,0.0,5.38133788,0.0,3700,SUCCESS
phishing,CVXOPT,True,0.01,0.05,Screening,10,12.42123316,0.94798734,0.98932633,0.95394473,0.80056537,1.4062109,0.01870775,3925,SUCCESS
phishing,CVXOPT,True,0.05,0.0,Baseline,10,52.92062443,0.94165536,0.98947554,0.94911243,0.0,9.48214746,0.0,6100,SUCCESS
phishing,CVXOPT,True,0.05,0.0,Screening,10,52.92062583,0.94165536,0.98947554,0.94911243,0.83660777,1.65123725,0.01756811,4575,SUCCESS
phishing,CVXOPT,True,0.05,0.05,Baseline,10,57.71991856,0.9375848,0.98934125,0.94592476,0.0,5.04118919,0.0,3150,SUCCESS
phishing,CVXOPT,True,0.05,0.05,Screening,10,57.71991826,0.9375848,0.98934125,0.94592476,0.82077739,1.23601246,0.01899028,3600,SUCCESS
phishing,CVXOPT,True,0.1,0.0,Baseline,10,104.15855048,0.94120308,0.98947305,0.94865719,0.0,31.45660281,0.0,20000,SUCCESS
phishing,CVXOPT,True,0.1,0.0,Screening,10,104.15853035,0.94120308,0.98947388,0.94865719,0.57568905,8.46502066,0.05329752,12275,SUCCESS
phishing,CVXOPT,True,0.1,0.05,Baseline,10,114.0591348,0.93894166,0.98927743,0.94699647,0.0,22.63148689,0.0,13350,SUCCESS
phishing,CVXOPT,True,0.1,0.05,Screening,10,114.05913346,0.93894166,0.98927743,0.94699647,0.82388693,1.6124146,0.01407933,5425,SUCCESS
phishing,CVXOPT,True,0.01,0.0,Baseline,11,11.17218406,0.93441882,0.98478796,0.9413193,0.0,6.90826797,0.0,4300,SUCCESS
phishing,CVXOPT,True,0.01,0.0,Screening,11,11.17218413,0.93441882,0.98478547,0.9413193,0.81724382,1.31795645,0.01396775,4225,SUCCESS
phishing,CVXOPT,True,0.01,0.05,Baseline,11,12.04820261,0.93306196,0.98467937,0.93993506,0.0,2.99656057,0.0,2000,SUCCESS
phishing,CVXOPT,True,0.01,0.05,Screening,11,12.04820224,0.93306196,0.98467771,0.93993506,0.80325088,1.11480522,0.01378369,2700,SUCCESS
phishing,CVXOPT,True,0.05,0.0,Baseline,11,51.02907016,0.93622795,0.9843047,0.94275274,0.0,13.82790709,0.0,8950,SUCCESS
phishing,CVXOPT,True,0.05,0.0,Screening,11,51.02907033,0.93622795,0.98430221,0.94275274,0.84070671,2.070925,0.03431821,4625,SUCCESS
phishing,CVXOPT,True,0.05,0.05,Baseline,11,55.75923373,0.93215739,0.98441411,0.93897478,0.0,14.42919183,0.0,8700,SUCCESS
phishing,CVXOPT,True,0.05,0.05,Screening,11,55.75922999,0.93215739,0.98441411,0.93897478,0.82501767,1.18197083,0.01400018,3575,SUCCESS
phishing,CVXOPT,True,0.1,0.0,Baseline,11,100.35663309,0.93668024,0.98446219,0.94308943,0.0,23.08372426,0.0,14025,SUCCESS
phishing,CVXOPT,True,0.1,0.0,Screening,11,100.35662991,0.93668024,0.98446468,0.94308943,0.8390106,1.20928288,0.01422167,4150,SUCCESS
phishing,CVXOPT,True,0.1,0.05,Baseline,11,110.04971815,0.93577567,0.98439505,0.94237013,0.0,19.58206892,0.0,12425,SUCCESS
phishing,CVXOPT,True,0.1,0.05,Screening,11,110.04972248,0.93577567,0.98439505,0.94237013,0.83151943,2.39889169,0.02266622,5175,SUCCESS
phishing,CVXOPT,True,0.01,0.0,Baseline,12,11.35406247,0.93848937,0.98510254,0.94502829,0.0,4.56207895,0.0,3225,SUCCESS
phishing,CVXOPT,True,0.01,0.0,Screening,12,11.3540624,0.93848937,0.98510668,0.94502829,0.81837456,1.42851233,0.01471972,4550,SUCCESS
phishing,CVXOPT,True,0.01,0.05,Baseline,12,12.23145831,0.94255993,0.98491852,0.94905736,0.0,4.16590786,0.0,1625,SUCCESS
phishing,CVXOPT,True,0.01,0.05,Screening,12,12.23145826,0.94255993,0.98491769,0.94905736,0.79929329,1.29804301,0.01470017,3400,SUCCESS
phishing,CVXOPT,True,0.05,0.0,Baseline,12,52.05752429,0.94210764,0.98543742,0.94784026,0.0,10.79787111,0.0,6200,SUCCESS
phishing,CVXOPT,True,0.05,0.0,Screening,12,52.0575227,0.94210764,0.98543825,0.94784026,0.83689046,1.48977566,0.01370502,5500,SUCCESS
phishing,CVXOPT,True,0.05,0.05,Baseline,12,56.7836331,0.93894166,0.98512077,0.9446948,0.0,32.17109656,0.0,20000,SUCCESS
phishing,CVXOPT,True,0.05,0.05,Screening,12,56.78461702,0.93939394,0.98510585,0.94512695,0.61130742,1.47601151,0.05742908,400,SUCCESS
phishing,CVXOPT,True,0.1,0.0,Baseline,12,102.45963304,0.93803709,0.98561896,0.94495781,0.0,23.50812721,0.0,15100,SUCCESS
phishing,CVXOPT,True,0.1,0.0,Screening,12,102.45963562,0.93803709,0.98561481,0.94495781,0.84127208,1.53346324,0.01396585,5250,SUCCESS
phishing,CVXOPT,True,0.1,0.05,Baseline,12,112.18763112,0.93939394,0.98523682,0.9463141,0.0,12.0543108,0.0,7975,SUCCESS
phishing,CVXOPT,True,0.1,0.05,Screening,12,112.18762817,0.93939394,0.98523102,0.9463141,0.82685512,2.38104081,0.03404498,5425,SUCCESS
phishing,CVXOPT,True,0.01,0.0,Baseline,13,11.21622522,0.94075079,0.98673345,0.94753704,0.0,4.43927169,0.0,3100,SUCCESS
phishing,CVXOPT,True,0.01,0.0,Screening,13,11.216225,0.94075079,0.98673345,0.94753704,0.81526502,1.58347654,0.01382041,5275,SUCCESS
phishing,CVXOPT,True,0.01,0.05,Baseline,13,12.07137222,0.93984622,0.98655855,0.94669339,0.0,5.6099031,0.0,3125,SUCCESS
phishing,CVXOPT,True,0.01,0.05,Screening,13,12.07137191,0.93984622,0.98655855,0.94669339,0.80466431,1.73248386,0.01440001,5375,SUCCESS
phishing,CVXOPT,True,0.05,0.0,Baseline,13,51.5083937,0.9434645,0.98706005,0.94965767,0.0,10.08998728,0.0,5625,SUCCESS
phishing,CVXOPT,True,0.05,0.0,Screening,13,51.50839506,0.9434645,0.98705424,0.94965767,0.83872792,1.31330299,0.01392865,4625,SUCCESS
phishing,CVXOPT,True,0.05,0.05,Baseline,13,56.08809872,0.93984622,0.98672516,0.94604462,0.0,9.57968903,0.0,5200,SUCCESS
phishing,CVXOPT,True,0.05,0.05,Screening,13,56.08809837,0.93984622,0.98672682,0.94604462,0.82388693,1.09476471,0.0142715,3050,SUCCESS
phishing,CVXOPT,True,0.1,0.0,Baseline,13,101.46223394,0.94255993,0.98698296,0.94876967,0.0,29.76190233,0.0,18650,SUCCESS
phishing,CVXOPT,True,0.1,0.0,Screening,13,101.46223454,0.94255993,0.98698379,0.94876967,0.8419788,2.45519519,0.03714776,5775,SUCCESS
phishing,CVXOPT,True,0.1,0.05,Baseline,13,110.83502566,0.94301221,0.98684536,0.94919355,0.0,12.87625146,0.0,8125,SUCCESS
phishing,CVXOPT,True,0.1,0.05,Screening,13,110.83502722,0.94301221,0.98684701,0.94919355,0.82855124,1.53136849,0.01440072,5175,SUCCESS
phishing,CVXOPT,True,0.01,0.0,Baseline,14,11.41826233,0.94029851,0.9866576,0.94590164,0.0,12.54346633,0.0,7550,SUCCESS
phishing,CVXOPT,True,0.01,0.0,Screening,14,11.41826213,0.94029851,0.9866576,0.94590164,0.81865724,1.49265814,0.0140028,4950,SUCCESS
phishing,CVXOPT,True,0.01,0.05,Baseline,14,12.29092744,0.93848937,0.98672475,0.94407895,0.0,3.39346457,0.0,2300,SUCCESS
phishing,CVXOPT,True,0.01,0.05,Screening,14,12.29117252,0.93848937,0.98671314,0.94407895,0.79830389,0.62940311,0.02109456,375,SUCCESS
phishing,CVXOPT,True,0.05,0.0,Baseline,14,52.51364138,0.9375848,0.98630614,0.94344262,0.0,31.5273304,0.0,20000,SUCCESS
phishing,CVXOPT,True,0.05,0.0,Screening,14,52.51493821,0.93622795,0.98628376,0.94228408,0.60579505,0.95235038,0.02063489,400,SUCCESS
phishing,CVXOPT,True,0.05,0.05,Baseline,14,57.17241923,0.93939394,0.98660704,0.94508197,0.0,9.53378153,0.0,5175,SUCCESS
phishing,CVXOPT,True,0.05,0.05,Screening,14,57.17241919,0.93939394,0.98660704,0.94508197,0.8254417,1.11947441,0.01396322,3175,SUCCESS
phishing,CVXOPT,True,0.1,0.0,Baseline,14,103.45990113,0.93622795,0.98621744,0.94237842,0.0,23.78958678,0.0,14625,SUCCESS
phishing,CVXOPT,True,0.1,0.0,Screening,14,103.45990182,0.93622795,0.98621661,0.94237842,0.83787986,1.56462836,0.01413298,5950,SUCCESS
phishing,CVXOPT,True,0.1,0.05,Baseline,14,113.02263009,0.93803709,0.98658715,0.94341181,0.0,20.79202151,0.0,13250,SUCCESS
phishing,CVXOPT,True,0.1,0.05,Screening,14,113.02263306,0.93803709,0.98658963,0.94341181,0.82699647,1.62321734,0.01958323,2900,SUCCESS
phishing,CVXOPT,True,0.01,0.0,Baseline,15,11.25882321,0.94165536,0.98713424,0.94866693,0.0,2.68187714,0.0,1800,SUCCESS
phishing,CVXOPT,True,0.01,0.0,Screening,15,11.25882288,0.94165536,0.98713424,0.94866693,0.81469965,1.52347898,0.01433516,5000,SUCCESS
phishing,CVXOPT,True,0.01,0.05,Baseline,15,12.13235541,0.94029851,0.98706378,0.94707298,0.0,3.34811234,0.0,1275,SUCCESS
phishing,CVXOPT,True,0.01,0.05,Screening,15,12.13235526,0.94029851,0.98706461,0.94707298,0.80070671,1.29603004,0.01450849,3450,SUCCESS
phishing,CVXOPT,True,0.05,0.0,Baseline,15,51.72144651,0.94075079,0.98717237,0.94770459,0.0,13.96719885,0.0,8425,SUCCESS
phishing,CVXOPT,True,0.05,0.0,Screening,15,51.72144533,0.94075079,0.98716574,0.94770459,0.84014134,1.52347636,0.01445484,5600,SUCCESS
phishing,CVXOPT,True,0.05,0.05,Baseline,15,56.27693438,0.93848937,0.98723785,0.94603175,0.0,13.10557556,0.0,7700,SUCCESS
phishing,CVXOPT,True,0.05,0.05,Screening,15,56.27693595,0.93848937,0.98724117,0.94603175,0.82699647,1.37004781,0.01413417,3375,SUCCESS
phishing,CVXOPT,True,0.1,0.0,Baseline,15,101.89520824,0.94029851,0.98722293,0.9472,0.0,19.23575115,0.0,11875,SUCCESS
phishing,CVXOPT,True,0.1,0.0,Screening,15,101.89520569,0.94029851,0.98722293,0.9472,0.84155477,1.5107379,0.01376104,5800,SUCCESS
phishing,CVXOPT,True,0.1,0.05,Baseline,15,111.23090682,0.94165536,0.9873224,0.94866693,0.0,17.46934366,0.0,10825,SUCCESS
phishing,CVXOPT,True,0.1,0.05,Screening,15,111.23090236,0.94165536,0.98731743,0.94866693,0.82091873,1.93940139,0.02071714,3500,SUCCESS
phishing,CVXOPT,True,0.01,0.0,Baseline,16,11.27546291,0.94029851,0.98582909,0.9472,0.0,2.3090601,0.0,1500,SUCCESS
phishing,CVXOPT,True,0.01,0.0,Screening,16,11.27546242,0.94029851,0.98582868,0.9472,0.81045936,1.54115629,0.014503,4950,SUCCESS
phishing,CVXOPT,True,0.01,0.05,Baseline,16,12.12433483,0.94029851,0.98581086,0.94711538,0.0,4.90800118,0.0,1975,SUCCESS
phishing,CVXOPT,True,0.01,0.05,Screening,16,12.12433475,0.94029851,0.98582495,0.94711538,0.80084806,1.45295048,0.01537776,4150,SUCCESS
phishing,CVXOPT,True,0.05,0.0,Baseline,16,51.94133838,0.94120308,0.98649721,0.94837172,0.0,23.62306333,0.0,14825,SUCCESS
phishing,CVXOPT,True,0.05,0.0,Screening,16,51.94133863,0.94120308,0.98649804,0.94837172,0.835053,1.76520276,0.01417708,6800,SUCCESS
phishing,CVXOPT,True,0.05,0.05,Baseline,16,56.45639721,0.94165536,0.98601477,0.94842063,0.0,13.04928303,0.0,7725,SUCCESS
phishing,CVXOPT,True,0.05,0.05,Screening,16,56.45639764,0.94165536,0.98601394,0.94842063,0.82431095,1.12455654,0.01511312,3175,SUCCESS
phishing,CVXOPT,True,0.1,0.0,Baseline,16,102.32246649,0.94029851,0.98657098,0.94698795,0.0,26.01779485,0.0,15925,SUCCESS
phishing,CVXOPT,True,0.1,0.0,Screening,16,102.32246751,0.94029851,0.98657181,0.94698795,0.84438163,2.50865173,0.01425838,11225,SUCCESS
phishing,CVXOPT,True,0.1,0.05,Baseline,16,111.62468047,0.94120308,0.98612087,0.94837172,0.0,19.8575151,0.0,11525,SUCCESS
phishing,CVXOPT,True,0.1,0.05,Screening,16,111.6246814,0.94120308,0.98611922,0.94837172,0.82572438,1.30006075,0.01445484,4075,SUCCESS
phishing,CVXOPT,True,0.01,0.0,Baseline,17,11.07327404,0.93260968,0.98529153,0.94037615,0.0,4.18623996,0.0,2875,SUCCESS
phishing,CVXOPT,True,0.01,0.0,Screening,17,11.07327406,0.93260968,0.98529236,0.94037615,0.82219081,2.4847765,0.03577876,5175,SUCCESS
phishing,CVXOPT,True,0.01,0.05,Baseline,17,11.91656479,0.92989597,0.98494504,0.93817312,0.0,2.23895836,0.0,1425,SUCCESS
phishing,CVXOPT,True,0.01,0.05,Screening,17,11.91656497,0.92989597,0.98494504,0.93817312,0.80946996,1.10676074,0.01395941,2800,SUCCESS
phishing,CVXOPT,True,0.05,0.0,Baseline,17,50.8990955,0.93215739,0.98526418,0.94042891,0.0,8.87430334,0.0,4825,SUCCESS
phishing,CVXOPT,True,0.05,0.0,Screening,17,50.89909555,0.93215739,0.98528159,0.94042891,0.84127208,1.39006519,0.01373458,5175,SUCCESS
phishing,CVXOPT,True,0.05,0.05,Baseline,17,55.3283252,0.93622795,0.98547224,0.94321385,0.0,21.90331769,0.0,12925,SUCCESS
phishing,CVXOPT,True,0.05,0.05,Screening,17,55.32832791,0.93622795,0.98547141,0.94321385,0.82770318,1.11548758,0.01414442,3225,SUCCESS
phishing,CVXOPT,True,0.1,0.0,Baseline,17,100.27553726,0.93170511,0.98524843,0.94048088,0.0,11.14991307,0.0,6425,SUCCESS
phishing,CVXOPT,True,0.1,0.0,Screening,17,100.27553276,0.93170511,0.98524926,0.94048088,0.83985866,1.45859957,0.01357579,5550,SUCCESS
phishing,CVXOPT,True,0.1,0.05,Baseline,17,109.35851541,0.93441882,0.98555845,0.94179045,0.0,13.10769701,0.0,7775,SUCCESS
phishing,CVXOPT,True,0.1,0.05,Screening,17,109.35851221,0.93441882,0.98555762,0.94179045,0.82770318,1.0612576,0.01479411,2950,SUCCESS
phishing,CVXOPT,True,0.01,0.0,Baseline,18,11.13284687,0.9375848,0.98533795,0.9446672,0.0,3.4436245,0.0,1525,SUCCESS
phishing,CVXOPT,True,0.01,0.0,Screening,18,11.13284649,0.9375848,0.98533878,0.9446672,0.81512367,1.45805645,0.01414824,4650,SUCCESS
phishing,CVXOPT,True,0.01,0.05,Baseline,18,11.99150619,0.93984622,0.98486132,0.94656489,0.0,2.76412988,0.0,1800,SUCCESS
phishing,CVXOPT,True,0.01,0.05,Screening,18,11.99150634,0.93984622,0.98486132,0.94656489,0.80848057,2.37297487,0.01797223,4325,SUCCESS
phishing,CVXOPT,True,0.05,0.0,Baseline,18,51.03944717,0.93894166,0.98537691,0.94487546,0.0,17.76069331,0.0,11250,SUCCESS
phishing,CVXOPT,True,0.05,0.0,Screening,18,51.03944714,0.93894166,0.98538189,0.94487546,0.83943463,1.34110928,0.01420665,4875,SUCCESS
phishing,CVXOPT,True,0.05,0.05,Baseline,18,55.5677823,0.93848937,0.98524014,0.9456,0.0,13.06916213,0.0,7725,SUCCESS
phishing,CVXOPT,True,0.05,0.05,Screening,18,55.56778097,0.93848937,0.98524346,0.9456,0.8244523,1.19488192,0.01426744,3575,SUCCESS
phishing,CVXOPT,True,0.1,0.0,Baseline,18,100.52209624,0.93713252,0.98559575,0.94342694,0.0,15.55777788,0.0,9650,SUCCESS
phishing,CVXOPT,True,0.1,0.0,Screening,18,100.52209114,0.93713252,0.98560818,0.94342694,0.84169611,1.61846161,0.01451063,6300,SUCCESS
phishing,CVXOPT,True,0.1,0.05,Baseline,18,109.76440918,0.93668024,0.98524677,0.94299674,0.0,15.03682613,0.0,9150,SUCCESS
phishing,CVXOPT,True,0.1,0.05,Screening,18,109.76440562,0.93668024,0.98526418,0.94299674,0.82685512,1.0316,0.01425433,2825,SUCCESS
phishing,CVXOPT,True,0.01,0.0,Baseline,19,10.48696445,0.9262777,0.98076808,0.9357002,0.0,12.75146294,0.0,7650,SUCCESS
phishing,CVXOPT,True,0.01,0.0,Screening,19,10.4869643,0.9262777,0.98076891,0.9357002,0.82869258,1.3174727,0.0136435,4400,SUCCESS
phishing,CVXOPT,True,0.01,0.05,Baseline,19,11.31102787,0.9262777,0.980565,0.93544554,0.0,4.55821514,0.0,1800,SUCCESS
phishing,CVXOPT,True,0.01,0.05,Screening,19,11.31102776,0.9262777,0.98056997,0.93544554,0.81681979,1.50526619,0.01475263,4700,SUCCESS
phishing,CVXOPT,True,0.05,0.0,Baseline,19,47.7185705,0.92718227,0.98111043,0.93648915,0.0,5.17715359,0.0,3550,SUCCESS
phishing,CVXOPT,True,0.05,0.0,Screening,19,47.71856689,0.92718227,0.9811154,0.93648915,0.85159011,2.20629454,0.03630352,5675,SUCCESS
phishing,CVXOPT,True,0.05,0.05,Baseline,19,52.07526091,0.92989597,0.98080704,0.93767591,0.0,11.16761827,0.0,6950,SUCCESS
phishing,CVXOPT,True,0.05,0.05,Screening,19,52.07526055,0.92989597,0.98080124,0.93767591,0.83759717,1.01016808,0.01400185,2875,SUCCESS
phishing,CVXOPT,True,0.1,0.0,Baseline,19,93.70044737,0.92808684,0.98149091,0.93637455,0.0,28.84733343,0.0,17950,SUCCESS
phishing,CVXOPT,True,0.1,0.0,Screening,19,93.70044473,0.92808684,0.98149837,0.93637455,0.85597173,1.39783287,0.01400733,5800,SUCCESS
phishing,CVXOPT,True,0.1,0.05,Baseline,19,102.73780902,0.92311171,0.98068851,0.93307087,0.0,12.44280386,0.0,7225,SUCCESS
phishing,CVXOPT,True,0.1,0.05,Screening,19,102.73780629,0.92311171,0.98068851,0.93307087,0.84381625,0.9634304,0.01455832,2775,SUCCESS
phishing,CVXOPT,True,0.01,0.0,Baseline,20,11.15810592,0.93532338,0.98345256,0.94254721,0.0,4.11443901,0.0,2225,SUCCESS
phishing,CVXOPT,True,0.01,0.0,Screening,20,11.15810554,0.93532338,0.98345671,0.94254721,0.81780919,1.40424776,0.01429415,4550,SUCCESS
phishing,CVXOPT,True,0.01,0.05,Baseline,20,11.98505378,0.93125283,0.98306048,0.93934557,0.0,2.67997861,0.0,1750,SUCCESS
phishing,CVXOPT,True,0.01,0.05,Screening,20,11.98505392,0.93125283,0.98306214,0.93934557,0.804947,1.04233074,0.01448441,2525,SUCCESS
phishing,CVXOPT,True,0.05,0.0,Baseline,20,51.46687265,0.93441882,0.98456332,0.94206952,0.0,10.84058928,0.0,6950,SUCCESS
phishing,CVXOPT,True,0.05,0.0,Screening,20,51.46687081,0.93441882,0.98456747,0.94206952,0.83787986,1.76111078,0.01847911,3925,SUCCESS
phishing,CVXOPT,True,0.05,0.05,Baseline,20,55.86043193,0.93396653,0.98380485,0.94169329,0.0,7.70402288,0.0,5150,SUCCESS
phishing,CVXOPT,True,0.05,0.05,Screening,20,55.86043107,0.93396653,0.98380485,0.94169329,0.82487633,1.10568905,0.01410174,3100,SUCCESS
phishing,CVXOPT,True,0.1,0.0,Baseline,20,101.50172231,0.93441882,0.98490401,0.94211577,0.0,20.08400297,0.0,12450,SUCCESS
phishing,CVXOPT,True,0.1,0.0,Screening,20,101.5017214,0.93441882,0.98489904,0.94211577,0.84028269,1.60848856,0.01403236,6250,SUCCESS
phishing,CVXOPT,True,0.1,0.05,Baseline,20,110.44214249,0.93351425,0.98405105,0.94122351,0.0,32.32484031,0.0,20000,SUCCESS
phishing,CVXOPT,True,0.1,0.05,Screening,20,110.44212447,0.93351425,0.98405933,0.94122351,0.45300353,3.61486506,0.03609633,1650,SUCCESS
phishing,CVXOPT,True,0.01,0.0,Baseline,21,11.18669116,0.93848937,0.9855829,0.94439902,0.0,3.4996984,0.0,2375,SUCCESS
phishing,CVXOPT,True,0.01,0.0,Screening,21,11.18669104,0.93848937,0.98558456,0.94439902,0.81908127,1.49877572,0.01503015,4725,SUCCESS
phishing,CVXOPT,True,0.01,0.05,Baseline,21,12.05602743,0.93713252,0.98546436,0.94415428,0.0,3.83082676,0.0,1950,SUCCESS
phishing,CVXOPT,True,0.01,0.05,Screening,21,12.05602783,0.93713252,0.98546685,0.94415428,0.80989399,1.54426074,0.01394415,4850,SUCCESS
phishing,CVXOPT,True,0.05,0.0,Baseline,21,51.20621184,0.93577567,0.98566828,0.94165982,0.0,9.84227943,0.0,5550,SUCCESS
phishing,CVXOPT,True,0.05,0.0,Screening,21,51.20621206,0.93577567,0.98566994,0.94165982,0.84056537,1.53919744,0.01418591,5700,SUCCESS
phishing,CVXOPT,True,0.05,0.05,Baseline,21,55.82908985,0.93939394,0.98552902,0.94517185,0.0,16.36468291,0.0,10075,SUCCESS
phishing,CVXOPT,True,0.05,0.05,Screening,21,55.82908911,0.93939394,0.98552902,0.94517185,0.82530035,1.84421158,0.01805282,3450,SUCCESS
phishing,CVXOPT,True,0.1,0.0,Baseline,21,100.7775339,0.93668024,0.98572216,0.94257588,0.0,26.38008547,0.0,17400,SUCCESS
phishing,CVXOPT,True,0.1,0.0,Screening,21,100.77752953,0.93668024,0.9857205,0.94257588,0.84212014,4.79411507,0.03720808,20675,SUCCESS
phishing,CVXOPT,True,0.1,0.05,Baseline,21,110.27544179,0.93894166,0.98555969,0.94487546,0.0,13.65169454,0.0,8125,SUCCESS
phishing,CVXOPT,True,0.1,0.05,Screening,21,110.27543645,0.93894166,0.98555969,0.94487546,0.82515901,2.59345579,0.0139122,10175,SUCCESS
phishing,CVXOPT,True,0.01,0.0,Baseline,22,11.05329406,0.93713252,0.98378662,0.94437775,0.0,5.70920634,0.0,2675,SUCCESS
phishing,CVXOPT,True,0.01,0.0,Screening,22,11.05329415,0.93713252,0.98378247,0.94437775,0.81766784,1.62331629,0.01711774,5475,SUCCESS
phishing,CVXOPT,True,0.01,0.05,Baseline,22,11.91461356,0.9375848,0.98360757,0.94493216,0.0,2.17840624,0.0,1400,SUCCESS
phishing,CVXOPT,True,0.01,0.05,Screening,22,11.91461345,0.9375848,0.98360591,0.94493216,0.80014134,2.20329738,0.0351088,3900,SUCCESS
phishing,CVXOPT,True,0.05,0.0,Baseline,22,50.74206827,0.93848937,0.98412979,0.9456869,0.0,4.20191836,0.0,2925,SUCCESS
phishing,CVXOPT,True,0.05,0.0,Screening,22,50.74206861,0.93848937,0.98413477,0.9456869,0.84113074,1.41476059,0.01411557,5300,SUCCESS
phishing,CVXOPT,True,0.05,0.05,Baseline,22,55.1985969,0.93848937,0.98387034,0.94533762,0.0,6.62739682,0.0,3200,SUCCESS
phishing,CVXOPT,True,0.05,0.05,Screening,22,55.19859439,0.93848937,0.98387117,0.94533762,0.8244523,1.03694797,0.01419306,2875,SUCCESS
phishing,CVXOPT,True,0.1,0.0,Baseline,22,99.94020822,0.93532338,0.98404193,0.94394355,0.0,13.59962821,0.0,8300,SUCCESS
phishing,CVXOPT,True,0.1,0.0,Screening,22,99.94020398,0.93532338,0.98402535,0.94394355,0.84325088,1.46612787,0.01511145,5675,SUCCESS
phishing,CVXOPT,True,0.1,0.05,Baseline,22,109.06326413,0.93803709,0.98393748,0.94500201,0.0,11.65117788,0.0,6750,SUCCESS
phishing,CVXOPT,True,0.1,0.05,Screening,22,109.06326084,0.93803709,0.98393748,0.94500201,0.82812721,1.92160988,0.01469088,6950,SUCCESS
phishing,CVXOPT,True,0.01,0.0,Baseline,23,11.40853182,0.94979647,0.9892107,0.95507892,0.0,2.21207571,0.0,1475,SUCCESS
phishing,CVXOPT,True,0.01,0.0,Screening,23,11.4085315,0.94979647,0.9892107,0.95507892,0.80932862,2.03975701,0.01444435,5950,SUCCESS
phishing,CVXOPT,True,0.01,0.05,Baseline,23,12.26505655,0.95024876,0.98937897,0.95506536,0.0,2.98334336,0.0,1575,SUCCESS
phishing,CVXOPT,True,0.01,0.05,Screening,23,12.2650564,0.95024876,0.98937897,0.95506536,0.8039576,1.40410614,0.01425123,4000,SUCCESS
phishing,CVXOPT,True,0.05,0.0,Baseline,23,52.66510489,0.94753505,0.98967655,0.95303644,0.0,5.06771159,0.0,3125,SUCCESS
phishing,CVXOPT,True,0.05,0.0,Screening,23,52.66510155,0.94843962,0.98967821,0.9540693,0.83618375,1.73637915,0.03405857,5200,SUCCESS
phishing,CVXOPT,True,0.05,0.05,Baseline,23,57.21546898,0.95115332,0.98943451,0.95616883,0.0,6.19944525,0.0,4350,SUCCESS
phishing,CVXOPT,True,0.05,0.05,Screening,23,57.21546689,0.95115332,0.98943782,0.95616883,0.82162544,1.82560802,0.03522515,3150,SUCCESS
phishing,CVXOPT,True,0.1,0.0,Baseline,23,103.85856997,0.9488919,0.98970059,0.95452716,0.0,21.91061044,0.0,14550,SUCCESS
phishing,CVXOPT,True,0.1,0.0,Screening,23,103.85857292,0.9488919,0.98969976,0.95452716,0.83547703,3.32753325,0.03435588,8400,SUCCESS
phishing,CVXOPT,True,0.1,0.05,Baseline,23,113.14806921,0.94979647,0.98955885,0.95478615,0.0,8.71963525,0.0,6100,SUCCESS
phishing,CVXOPT,True,0.1,0.05,Screening,23,113.14806618,0.94979647,0.98956216,0.95478615,0.82459364,1.64066172,0.03098178,3125,SUCCESS
phishing,CVXOPT,True,0.01,0.0,Baseline,24,11.39085152,0.9375848,0.98614989,0.94488818,0.0,2.30324292,0.0,1525,SUCCESS
phishing,CVXOPT,True,0.01,0.0,Screening,24,11.39085122,0.9375848,0.9861532,0.94488818,0.81413428,1.65348887,0.01420903,5600,SUCCESS
phishing,CVXOPT,True,0.01,0.05,Baseline,24,12.25869002,0.93622795,0.98585064,0.94316808,0.0,4.74271035,0.0,2050,SUCCESS
phishing,CVXOPT,True,0.01,0.05,Screening,24,12.25869019,0.93622795,0.98584982,0.94316808,0.80367491,1.39290357,0.01419687,3950,SUCCESS
phishing,CVXOPT,True,0.05,0.0,Baseline,24,52.29454262,0.94029851,0.98649804,0.94638505,0.0,5.17414331,0.0,3650,SUCCESS
phishing,CVXOPT,True,0.05,0.0,Screening,24,52.29454285,0.94029851,0.98649389,0.94638505,0.83858657,2.57139754,0.03517318,6125,SUCCESS
phishing,CVXOPT,True,0.05,0.05,Baseline,24,57.00480131,0.93532338,0.9863795,0.94259334,0.0,12.82326913,0.0,7850,SUCCESS
phishing,CVXOPT,True,0.05,0.05,Screening,24,57.00480022,0.93532338,0.9863737,0.94259334,0.8234629,1.3856473,0.01424932,4450,SUCCESS
phishing,CVXOPT,True,0.1,0.0,Baseline,24,102.93401971,0.93668024,0.98659005,0.94408946,0.0,8.18792653,0.0,5050,SUCCESS
phishing,CVXOPT,True,0.1,0.0,Screening,24,102.93401674,0.93668024,0.98658756,0.94408946,0.84240283,1.5004108,0.01407671,5775,SUCCESS
phishing,CVXOPT,True,0.1,0.05,Baseline,24,112.63668115,0.93894166,0.98639276,0.94536625,0.0,15.5322659,0.0,9575,SUCCESS
phishing,CVXOPT,True,0.1,0.05,Screening,24,112.63667993,0.93894166,0.98638945,0.94536625,0.8254417,1.39869452,0.01412058,4550,SUCCESS
phishing,CVXOPT,True,0.01,0.0,Baseline,25,11.30816889,0.94663048,0.98696141,0.95238095,0.0,4.41552591,0.0,1975,SUCCESS
phishing,CVXOPT,True,0.01,0.0,Screening,25,11.30816852,0.94663048,0.98696306,0.95238095,0.80876325,1.39781737,0.01421714,4300,SUCCESS
phishing,CVXOPT,True,0.01,0.05,Baseline,25,12.16841379,0.94527363,0.98674174,0.95115059,0.0,2.92435718,0.0,1925,SUCCESS
phishing,CVXOPT,True,0.01,0.05,Screening,25,12.16841354,0.94527363,0.98674257,0.95115059,0.80155477,1.97623181,0.02011418,3300,SUCCESS
phishing,CVXOPT,True,0.05,0.0,Baseline,25,52.10041413,0.9461782,0.98716947,0.95168494,0.0,9.74345803,0.0,7100,SUCCESS
phishing,CVXOPT,True,0.05,0.0,Screening,25,52.10041257,0.9461782,0.98716532,0.95168494,0.83222615,2.0105896,0.02182007,4325,SUCCESS
phishing,CVXOPT,True,0.05,0.05,Baseline,25,56.64390913,0.94708277,0.98693902,0.9525355,0.0,5.28289056,0.0,3650,SUCCESS
phishing,CVXOPT,True,0.05,0.05,Screening,25,56.64390914,0.94708277,0.98693985,0.9525355,0.8244523,1.55224562,0.02520633,2850,SUCCESS
phishing,CVXOPT,True,0.1,0.0,Baseline,25,102.6756778,0.94753505,0.98740903,0.95280716,0.0,5.3186152,0.0,3775,SUCCESS
phishing,CVXOPT,True,0.1,0.0,Screening,25,102.67567818,0.94753505,0.98741151,0.95280716,0.83745583,1.65676188,0.0155282,6375,SUCCESS
phishing,CVXOPT,True,0.1,0.05,Baseline,25,112.00876112,0.94572592,0.98693239,0.95114007,0.0,18.58764625,0.0,11350,SUCCESS
phishing,CVXOPT,True,0.1,0.05,Screening,25,112.00876099,0.94572592,0.98693239,0.95114007,0.82219081,1.52330041,0.01403666,5000,SUCCESS
phishing,CVXOPT,True,0.01,0.0,Baseline,26,11.35103509,0.94663048,0.98769998,0.95264848,0.0,4.06994581,0.0,2625,SUCCESS
phishing,CVXOPT,True,0.01,0.0,Screening,26,11.35103495,0.94663048,0.98769998,0.95264848,0.8145583,2.22901535,0.03231335,5675,SUCCESS
phishing,CVXOPT,True,0.01,0.05,Baseline,26,12.22168937,0.94798734,0.98755409,0.95375955,0.0,3.28905201,0.0,2225,SUCCESS
phishing,CVXOPT,True,0.01,0.05,Screening,26,12.22168934,0.94798734,0.98755575,0.95375955,0.80339223,2.45464921,0.03351665,4550,SUCCESS
phishing,CVXOPT,True,0.05,0.0,Baseline,26,52.1877811,0.94708277,0.98794617,0.95241968,0.0,17.07708216,0.0,10825,SUCCESS
phishing,CVXOPT,True,0.05,0.0,Screening,26,52.18777831,0.94708277,0.98794783,0.95241968,0.83434629,1.65636086,0.02047467,6275,SUCCESS
phishing,CVXOPT,True,0.05,0.05,Baseline,26,56.82196715,0.94843962,0.98779033,0.95346939,0.0,14.12860346,0.0,8525,SUCCESS
phishing,CVXOPT,True,0.05,0.05,Screening,26,56.82196558,0.94843962,0.98779116,0.95346939,0.82035336,1.44114113,0.01449895,3075,SUCCESS
phishing,CVXOPT,True,0.1,0.0,Baseline,26,102.77394544,0.93984622,0.98800419,0.94736842,0.0,21.79178858,0.0,13875,SUCCESS
phishing,CVXOPT,True,0.1,0.0,Screening,26,102.77394741,0.93984622,0.98800419,0.94736842,0.84070671,1.55355716,0.01523328,5975,SUCCESS
phishing,CVXOPT,True,0.1,0.05,Baseline,26,112.33587115,0.95070104,0.98780111,0.95578093,0.0,33.01176,0.0,20000,SUCCESS
phishing,CVXOPT,True,0.1,0.05,Screening,26,112.33584382,0.95070104,0.98780028,0.95578093,0.484947,2.61197162,0.02279568,1700,SUCCESS
phishing,CVXOPT,True,0.01,0.0,Baseline,27,11.08323964,0.94075079,0.9860931,0.94715611,0.0,2.43681288,0.0,1625,SUCCESS
phishing,CVXOPT,True,0.01,0.0,Screening,27,11.08323965,0.94075079,0.9860931,0.94715611,0.81865724,1.65668416,0.01399684,4650,SUCCESS
phishing,CVXOPT,True,0.01,0.05,Baseline,27,11.94659215,0.94165536,0.98595882,0.94862605,0.0,2.83899689,0.0,1425,SUCCESS
phishing,CVXOPT,True,0.01,0.05,Screening,27,11.94659196,0.94165536,0.98595716,0.94862605,0.80664311,1.42324281,0.01527357,4050,SUCCESS
phishing,CVXOPT,True,0.05,0.0,Baseline,27,50.67382978,0.94255993,0.98651669,0.94856217,0.0,5.31350422,0.0,3225,SUCCESS
phishing,CVXOPT,True,0.05,0.0,Screening,27,50.67383006,0.94255993,0.98651669,0.94856217,0.84240283,1.51784086,0.03202057,5000,SUCCESS
phishing,CVXOPT,True,0.05,0.05,Baseline,27,55.27741642,0.94301221,0.98623651,0.94951923,0.0,5.98040962,0.0,4175,SUCCESS
phishing,CVXOPT,True,0.05,0.05,Screening,27,55.27741601,0.94301221,0.9862448,0.94951923,0.82770318,1.97038865,0.03887844,3775,SUCCESS
phishing,CVXOPT,True,0.1,0.0,Baseline,27,99.72320259,0.9434645,0.98649265,0.94953573,0.0,11.82589769,0.0,7825,SUCCESS
phishing,CVXOPT,True,0.1,0.0,Screening,27,99.7232044,0.9434645,0.98649182,0.94953573,0.84367491,1.48098397,0.01422358,5600,SUCCESS
phishing,CVXOPT,True,0.1,0.05,Baseline,27,109.12646082,0.94255993,0.98636997,0.94917967,0.0,14.22187686,0.0,8525,SUCCESS
phishing,CVXOPT,True,0.1,0.05,Screening,27,109.12645647,0.94255993,0.98636002,0.94917967,0.83180212,1.08585978,0.0146091,3050,SUCCESS
phishing,CVXOPT,True,0.01,0.0,Baseline,28,11.11181124,0.94255993,0.98750891,0.94934184,0.0,5.82748246,0.0,3125,SUCCESS
phishing,CVXOPT,True,0.01,0.0,Screening,28,11.11181131,0.94255993,0.98750808,0.94934184,0.82176678,1.66633773,0.01718712,5900,SUCCESS
phishing,CVXOPT,True,0.01,0.05,Baseline,28,11.97704675,0.94301221,0.98750725,0.94939759,0.0,2.7516427,0.0,1825,SUCCESS
phishing,CVXOPT,True,0.01,0.05,Screening,28,11.97704644,0.94301221,0.98750725,0.94939759,0.80678445,1.42912984,0.01483274,3900,SUCCESS
phishing,CVXOPT,True,0.05,0.0,Baseline,28,50.88790136,0.93984622,0.98740778,0.94769957,0.0,4.31908131,0.0,2875,SUCCESS
phishing,CVXOPT,True,0.05,0.0,Screening,28,50.88789831,0.93984622,0.98740861,0.94769957,0.83547703,1.65456748,0.01395035,6175,SUCCESS
phishing,CVXOPT,True,0.05,0.05,Baseline,28,55.46927817,0.94301221,0.98737297,0.9498008,0.0,13.90748954,0.0,8400,SUCCESS
phishing,CVXOPT,True,0.05,0.05,Screening,28,55.46928053,0.94301221,0.98736882,0.9498008,0.83123675,2.26754832,0.01502705,5275,SUCCESS
phishing,CVXOPT,True,0.1,0.0,Baseline,28,100.18680177,0.9375848,0.98750394,0.94583987,0.0,23.6169734,0.0,15600,SUCCESS
phishing,CVXOPT,True,0.1,0.0,Screening,28,100.18680373,0.9375848,0.98750642,0.94583987,0.84339223,3.19578671,0.01407528,9575,SUCCESS
phishing,CVXOPT,True,0.1,0.05,Baseline,28,109.54583497,0.94301221,0.98724034,0.94911147,0.0,6.35529351,0.0,4450,SUCCESS
phishing,CVXOPT,True,0.1,0.05,Screening,28,109.54583443,0.94301221,0.98725526,0.94911147,0.82742049,1.00311303,0.01419806,2675,SUCCESS
phishing,CVXOPT,True,0.01,0.0,Baseline,29,11.09144412,0.93713252,0.98438179,0.94464357,0.0,4.69176888,0.0,2825,SUCCESS
phishing,CVXOPT,True,0.01,0.0,Screening,29,11.09144389,0.93713252,0.98438344,0.94464357,0.81625442,1.32718253,0.0137825,4075,SUCCESS
phishing,CVXOPT,True,0.01,0.05,Baseline,29,11.94567305,0.93532338,0.98402369,0.94314115,0.0,2.49740291,0.0,1600,SUCCESS
phishing,CVXOPT,True,0.01,0.05,Screening,29,11.94567302,0.93532338,0.98402369,0.94314115,0.80819788,2.05539894,0.03295946,3700,SUCCESS
phishing,CVXOPT,True,0.05,0.0,Baseline,29,50.82251475,0.93532338,0.98506814,0.94336634,0.0,20.5831871,0.0,13450,SUCCESS
phishing,CVXOPT,True,0.05,0.0,Screening,29,50.82251432,0.93532338,0.98506897,0.94336634,0.83731449,1.77147436,0.01405621,5575,SUCCESS
phishing,CVXOPT,True,0.05,0.05,Baseline,29,55.39564299,0.9348711,0.98470673,0.94281176,0.0,9.63714695,0.0,6300,SUCCESS
phishing,CVXOPT,True,0.05,0.05,Screening,29,55.39564444,0.9348711,0.98470424,0.94281176,0.82826855,1.54919052,0.01519608,3200,SUCCESS
phishing,CVXOPT,True,0.1,0.0,Baseline,29,100.02454762,0.93532338,0.98510378,0.9430959,0.0,4.75442004,0.0,3325,SUCCESS
phishing,CVXOPT,True,0.1,0.0,Screening,29,100.02453949,0.93532338,0.98511207,0.9430959,0.8370318,1.56664538,0.01386809,5800,SUCCESS
phishing,CVXOPT,True,0.1,0.05,Baseline,29,109.40847047,0.93622795,0.98486754,0.94402541,0.0,15.22751403,0.0,9275,SUCCESS
phishing,CVXOPT,True,0.1,0.05,Screening,29,109.4084683,0.93622795,0.98486505,0.94402541,0.83180212,1.85708618,0.01935291,4550,SUCCESS
phishing,CVXOPT,True,0.01,0.0,Baseline,30,10.7920769,0.93215739,0.98420274,0.94057052,0.0,3.32825017,0.0,2275,SUCCESS
phishing,CVXOPT,True,0.01,0.0,Screening,30,10.79207701,0.93215739,0.98420274,0.94057052,0.82558304,1.13044381,0.01425886,3425,SUCCESS
phishing,CVXOPT,True,0.01,0.05,Baseline,30,11.61696701,0.93668024,0.98400628,0.94363929,0.0,3.8580792,0.0,2050,SUCCESS
phishing,CVXOPT,True,0.01,0.05,Screening,30,11.61696705,0.93668024,0.98399965,0.94363929,0.81286219,1.34401107,0.0144496,3975,SUCCESS
phishing,CVXOPT,True,0.05,0.0,Baseline,30,49.38714479,0.93532338,0.98494463,0.94345591,0.0,16.75040054,0.0,10625,SUCCESS
phishing,CVXOPT,True,0.05,0.0,Screening,30,49.38714167,0.93532338,0.98494463,0.94345591,0.84480565,2.2674737,0.03708959,5350,SUCCESS
phishing,CVXOPT,True,0.05,0.05,Baseline,30,53.8208823,0.93396653,0.98460477,0.94210944,0.0,7.18006349,0.0,4975,SUCCESS
phishing,CVXOPT,True,0.05,0.05,Screening,30,53.82088221,0.93396653,0.9846056,0.94210944,0.83575972,1.20313644,0.01526809,3150,SUCCESS
phishing,CVXOPT,True,0.1,0.0,Baseline,30,97.1405711,0.94029851,0.98518833,0.94736842,0.0,24.13485646,0.0,15425,SUCCESS
phishing,CVXOPT,True,0.1,0.0,Screening,30,97.14057358,0.94029851,0.98518419,0.94736842,0.8469258,1.21023822,0.0142262,4250,SUCCESS
phishing,CVXOPT,True,0.1,0.05,Baseline,30,106.30311621,0.93577567,0.98466694,0.94378464,0.0,13.28338194,0.0,8500,SUCCESS
phishing,CVXOPT,True,0.1,0.05,Screening,30,106.30311649,0.93577567,0.98466694,0.94378464,0.83787986,1.71373796,0.03261447,4200,SUCCESS
ijcnn1,SCS,False,0.01,0.0,Baseline,1,56.32610856,0.91928386,0.92578324,0.63500678,0.0,94.63705587,0.0,13300,SUCCESS
ijcnn1,SCS,False,0.01,0.0,Screening,1,56.3261087,0.91928386,0.92578347,0.63500678,0.81752258,4.08840513,0.03617883,4325,SUCCESS
ijcnn1,SCS,False,0.01,0.05,Baseline,1,61.18960531,0.9214843,0.92699154,0.63808207,0.0,120.17606831,0.0,15600,SUCCESS
ijcnn1,SCS,False,0.01,0.05,Screening,1,61.18960531,0.9214843,0.92699359,0.63808207,0.80239427,3.07211208,0.03598404,3050,SUCCESS
ijcnn1,SCS,False,0.05,0.0,Baseline,1,275.10942176,0.92118424,0.92551457,0.63552266,0.0,142.19798636,0.0,20000,SUCCESS
ijcnn1,SCS,False,0.05,0.0,Screening,1,275.1093895,0.92108422,0.92551183,0.63556582,0.63923358,38.32602096,0.05131483,21050,SUCCESS
ijcnn1,SCS,False,0.05,0.05,Baseline,1,301.01146245,0.91978396,0.92611592,0.63545455,0.0,130.16235185,0.0,16825,SUCCESS
ijcnn1,SCS,False,0.05,0.05,Screening,1,301.01146319,0.91978396,0.92611615,0.63545455,0.80755165,2.21410513,0.05407715,1925,SUCCESS
ijcnn1,SCS,False,0.1,0.0,Baseline,1,548.40559949,0.92118424,0.9255521,0.6375345,0.0,141.83172274,0.0,20000,SUCCESS
ijcnn1,SCS,False,0.1,0.0,Screening,1,548.40548199,0.92108422,0.92554446,0.63657301,0.64389085,40.39403796,0.05720234,21800,SUCCESS
ijcnn1,SCS,False,0.1,0.05,Baseline,1,600.60019902,0.919984,0.92601415,0.63735267,0.0,154.58173299,0.0,20000,SUCCESS
ijcnn1,SCS,False,0.1,0.05,Screening,1,600.60006195,0.919984,0.92600274,0.63735267,0.611415,50.59549189,0.07037067,22000,SUCCESS
ijcnn1,SCS,False,0.01,0.0,Baseline,2,56.64921582,0.92128426,0.92486564,0.64113087,0.0,89.21719384,0.0,12375,SUCCESS
ijcnn1,SCS,False,0.01,0.0,Screening,2,56.64921607,0.92128426,0.92486598,0.64113087,0.81502204,3.04866552,0.03496099,3325,SUCCESS
ijcnn1,SCS,False,0.01,0.05,Baseline,2,61.55213371,0.92308462,0.92619247,0.64545874,0.0,151.33107018,0.0,20000,SUCCESS
ijcnn1,SCS,False,0.01,0.05,Screening,2,61.55213356,0.92308462,0.92619065,0.64545874,0.55802832,35.64123607,0.0530386,15650,SUCCESS
ijcnn1,SCS,False,0.05,0.0,Baseline,2,276.61785968,0.9264853,0.92447694,0.64268352,0.0,140.43426442,0.0,20000,SUCCESS
ijcnn1,SCS,False,0.05,0.0,Screening,2,276.61785255,0.92668534,0.92447671,0.643309,0.62988779,31.46065927,0.05092478,15650,SUCCESS
ijcnn1,SCS,False,0.05,0.05,Baseline,2,302.83574859,0.92538508,0.92534252,0.6464455,0.0,151.45767093,0.0,20000,SUCCESS
ijcnn1,SCS,False,0.05,0.05,Screening,2,302.83569175,0.92538508,0.92533111,0.6464455,0.5568093,42.56442761,0.04146743,18500,SUCCESS
ijcnn1,SCS,False,0.1,0.0,Baseline,2,551.3941381,0.92608522,0.92454574,0.64351182,0.0,141.64007735,0.0,20000,SUCCESS
ijcnn1,SCS,False,0.1,0.0,Screening,2,551.39397975,0.92588518,0.92455224,0.64323544,0.61316538,39.25995398,0.05215907,17950,SUCCESS
ijcnn1,SCS,False,0.1,0.05,Baseline,2,604.2416119,0.9254851,0.92511606,0.64775414,0.0,153.66102791,0.0,20000,SUCCESS
ijcnn1,SCS,False,0.1,0.05,Screening,2,604.24152601,0.9254851,0.92514002,0.64742073,0.56524865,52.38357377,0.05065632,21800,SUCCESS
ijcnn1,SCS,False,0.01,0.0,Baseline,3,56.1899161,0.92138428,0.91059765,0.62748815,0.0,136.56154871,0.0,19200,SUCCESS
ijcnn1,SCS,False,0.01,0.0,Screening,3,56.18991637,0.92138428,0.91059594,0.62748815,0.8175851,3.54750514,0.03516006,4125,SUCCESS
ijcnn1,SCS,False,0.01,0.05,Baseline,3,61.13300736,0.92318464,0.91179317,0.61942517,0.0,45.27366972,0.0,5825,SUCCESS
ijcnn1,SCS,False,0.01,0.05,Screening,3,61.1330074,0.92318464,0.91179271,0.61942517,0.80151908,3.24551678,0.03465343,2275,SUCCESS
ijcnn1,SCS,False,0.05,0.0,Baseline,3,274.32144209,0.92328466,0.91093592,0.61553885,0.0,142.85298276,0.0,20000,SUCCESS
ijcnn1,SCS,False,0.05,0.0,Screening,3,274.32143038,0.92338468,0.91093124,0.61623246,0.61047729,27.44047809,0.06919694,12375,SUCCESS
ijcnn1,SCS,False,0.05,0.05,Baseline,3,300.49004319,0.92118424,0.911152,0.62583096,0.0,152.70069385,0.0,20000,SUCCESS
ijcnn1,SCS,False,0.05,0.05,Screening,3,300.48997304,0.92118424,0.91112576,0.62583096,0.57312537,29.21934271,0.04315686,11400,SUCCESS
ijcnn1,SCS,False,0.1,0.0,Baseline,3,546.7897283,0.92128426,0.91071835,0.62398471,0.0,143.79331493,0.0,20000,SUCCESS
ijcnn1,SCS,False,0.1,0.0,Screening,3,546.78942877,0.92128426,0.91070968,0.62398471,0.6347326,38.839468,0.04750204,21350,SUCCESS
ijcnn1,SCS,False,0.1,0.05,Baseline,3,599.49623543,0.92138428,0.91111389,0.62642586,0.0,155.89437675,0.0,20000,SUCCESS
ijcnn1,SCS,False,0.1,0.05,Screening,3,599.49603575,0.92138428,0.91115097,0.62535748,0.56299816,52.03225446,0.05493999,21900,SUCCESS
ijcnn1,SCS,False,0.01,0.0,Baseline,4,56.37853736,0.92588518,0.91594663,0.62707599,0.0,66.57308984,0.0,9200,SUCCESS
ijcnn1,SCS,False,0.01,0.0,Screening,4,56.37853733,0.92588518,0.91594743,0.62707599,0.81670991,3.16034126,0.03308582,3525,SUCCESS
ijcnn1,SCS,False,0.01,0.05,Baseline,4,61.26328023,0.92258452,0.91748761,0.62058824,0.0,80.17265487,0.0,10175,SUCCESS
ijcnn1,SCS,False,0.01,0.05,Screening,4,61.26328024,0.92258452,0.91749023,0.62058824,0.8023005,2.88400722,0.03496742,2750,SUCCESS
ijcnn1,SCS,False,0.05,0.0,Baseline,4,275.37511142,0.92458492,0.91584373,0.62562066,0.0,145.06449199,0.0,20000,SUCCESS
ijcnn1,SCS,False,0.05,0.0,Screening,4,275.37510741,0.92458492,0.91583711,0.62562066,0.63670178,37.51810861,0.04955244,21150,SUCCESS
ijcnn1,SCS,False,0.05,0.05,Baseline,4,301.30992438,0.92568514,0.91650201,0.62531518,0.0,156.62814832,0.0,20000,SUCCESS
ijcnn1,SCS,False,0.05,0.05,Screening,4,301.30991951,0.92558512,0.91649836,0.62462159,0.5961304,36.02137971,0.04372048,16750,SUCCESS
ijcnn1,SCS,False,0.1,0.0,Baseline,4,548.95612281,0.92408482,0.91588343,0.62369856,0.0,145.72678852,0.0,20000,SUCCESS
ijcnn1,SCS,False,0.1,0.0,Screening,4,548.95608031,0.92408482,0.91588754,0.62369856,0.56856187,48.45081091,0.05721116,21500,SUCCESS
ijcnn1,SCS,False,0.1,0.05,Baseline,4,601.17875414,0.92588518,0.91638644,0.62594649,0.0,152.71338248,0.0,20000,SUCCESS
ijcnn1,SCS,False,0.1,0.05,Screening,4,601.17868017,0.92588518,0.91637743,0.62594649,0.61329041,46.60804677,0.04651332,21875,SUCCESS
ijcnn1,SCS,False,0.01,0.0,Baseline,5,56.77220492,0.92958592,0.91831269,0.64408493,0.0,144.42872167,0.0,20000,SUCCESS
ijcnn1,SCS,False,0.01,0.0,Screening,5,56.77220449,0.93158632,0.91831714,0.64337852,0.71296846,14.15050244,0.0737946,8275,SUCCESS
ijcnn1,SCS,False,0.01,0.05,Baseline,5,61.5801193,0.93188638,0.91986838,0.64176749,0.0,45.54125214,0.0,5950,SUCCESS
ijcnn1,SCS,False,0.01,0.05,Screening,5,61.58011931,0.93188638,0.91986724,0.64176749,0.80183165,4.99035311,0.0504756,3450,SUCCESS
ijcnn1,SCS,False,0.05,0.0,Baseline,5,277.6287367,0.92258452,0.91839517,0.6342155,0.0,143.01128364,0.0,20000,SUCCESS
ijcnn1,SCS,False,0.05,0.0,Screening,5,277.62872022,0.92258452,0.91839438,0.6342155,0.63207577,39.44886279,0.04301715,20575,SUCCESS
ijcnn1,SCS,False,0.05,0.05,Baseline,5,303.15539704,0.93108622,0.91847298,0.64095883,0.0,153.51536345,0.0,20000,SUCCESS
ijcnn1,SCS,False,0.05,0.05,Screening,5,303.15538783,0.93108622,0.91848017,0.64095883,0.54836996,27.26161957,0.04747486,10125,SUCCESS
ijcnn1,SCS,False,0.1,0.0,Baseline,5,553.54631783,0.93178636,0.91834806,0.64143007,0.0,143.23783183,0.0,20000,SUCCESS
ijcnn1,SCS,False,0.1,0.0,Screening,5,553.54596913,0.93178636,0.91835627,0.64105263,0.64048386,31.30308986,0.04798579,15275,SUCCESS
ijcnn1,SCS,False,0.1,0.05,Baseline,5,604.95739237,0.93108622,0.91845941,0.64133264,0.0,153.3758173,0.0,20000,SUCCESS
ijcnn1,SCS,False,0.1,0.05,Screening,5,604.95710052,0.93118624,0.9184966,0.64166667,0.52548995,35.715765,0.08496499,12800,SUCCESS
ijcnn1,SCS,False,0.01,0.0,Baseline,6,56.59935315,0.92388478,0.91796803,0.62345374,0.0,126.86495042,0.0,17625,SUCCESS
ijcnn1,SCS,False,0.01,0.0,Screening,6,56.59935305,0.92388478,0.91796849,0.62345374,0.81605351,3.23076916,0.03521538,3625,SUCCESS
ijcnn1,SCS,False,0.01,0.05,Baseline,6,61.47539687,0.92378476,0.91942504,0.62013958,0.0,47.27896881,0.0,6025,SUCCESS
ijcnn1,SCS,False,0.01,0.05,Screening,6,61.4753968,0.92378476,0.91942367,0.62013958,0.80123777,2.39413714,0.03473926,2050,SUCCESS
ijcnn1,SCS,False,0.05,0.0,Baseline,6,276.57596313,0.9219844,0.91804903,0.62209302,0.0,120.79477644,0.0,16950,SUCCESS
ijcnn1,SCS,False,0.05,0.0,Screening,6,276.57596328,0.9219844,0.91804903,0.62209302,0.82358641,3.67202783,0.03595114,4425,SUCCESS
ijcnn1,SCS,False,0.05,0.05,Baseline,6,302.42406273,0.9224845,0.9182593,0.62176672,0.0,154.61665559,0.0,20000,SUCCESS
ijcnn1,SCS,False,0.05,0.05,Screening,6,302.42401036,0.9224845,0.91826626,0.62176672,0.55437127,38.72042537,0.04576397,16625,SUCCESS
ijcnn1,SCS,False,0.1,0.0,Baseline,6,551.39370707,0.92558512,0.91795799,0.62118126,0.0,143.6068747,0.0,20000,SUCCESS
ijcnn1,SCS,False,0.1,0.0,Screening,6,551.39361057,0.92558512,0.91796084,0.62118126,0.63226331,31.1735692,0.06543636,14425,SUCCESS
ijcnn1,SCS,False,0.1,0.05,Baseline,6,603.43436349,0.92268454,0.91796952,0.62163485,0.0,156.28813815,0.0,20000,SUCCESS
ijcnn1,SCS,False,0.1,0.05,Screening,6,603.43434508,0.92268454,0.91797545,0.62163485,0.58587816,49.60271835,0.06657958,21700,SUCCESS
ijcnn1,SCS,False,0.01,0.0,Baseline,7,57.12289233,0.93028606,0.9223175,0.64238071,0.0,106.31943727,0.0,14700,SUCCESS
ijcnn1,SCS,False,0.01,0.0,Screening,7,57.12289249,0.93028606,0.92231681,0.64238071,0.81445941,3.86352062,0.03697991,4050,SUCCESS
ijcnn1,SCS,False,0.01,0.05,Baseline,7,61.87310374,0.93108622,0.9239324,0.64319006,0.0,51.85916853,0.0,6625,SUCCESS
ijcnn1,SCS,False,0.01,0.05,Screening,7,61.8731038,0.93108622,0.92393229,0.64319006,0.80067515,2.57218623,0.03623581,2250,SUCCESS
ijcnn1,SCS,False,0.05,0.0,Baseline,7,279.35490401,0.92868574,0.92195196,0.64720435,0.0,144.61730051,0.0,20000,SUCCESS
ijcnn1,SCS,False,0.05,0.0,Screening,7,279.35488842,0.92868574,0.92196748,0.64720435,0.6507361,33.9486568,0.04692149,19400,SUCCESS
ijcnn1,SCS,False,0.05,0.05,Baseline,7,304.89293716,0.92968594,0.92248931,0.64867566,0.0,150.69814634,0.0,20000,SUCCESS
ijcnn1,SCS,False,0.05,0.05,Screening,7,304.89291795,0.92958592,0.92249399,0.648,0.55462132,27.74540639,0.06094551,11225,SUCCESS
ijcnn1,SCS,False,0.1,0.0,Baseline,7,556.97148885,0.92518504,0.92166024,0.64346997,0.0,141.41839075,0.0,20000,SUCCESS
ijcnn1,SCS,False,0.1,0.0,Screening,7,556.97142294,0.92508502,0.92165716,0.64316341,0.64267183,35.14143491,0.04739857,18850,SUCCESS
ijcnn1,SCS,False,0.1,0.05,Baseline,7,608.51059621,0.92988598,0.92257944,0.64720684,0.0,151.77615428,0.0,20000,SUCCESS
ijcnn1,SCS,False,0.1,0.05,Screening,7,608.51043998,0.92978596,0.92256461,0.64688129,0.5122058,56.70809388,0.05627894,21850,SUCCESS
ijcnn1,SCS,False,0.01,0.0,Baseline,8,56.18786252,0.92778556,0.91896287,0.62119622,0.0,50.20557213,0.0,7000,SUCCESS
ijcnn1,SCS,False,0.01,0.0,Screening,8,56.1878625,0.92778556,0.91896356,0.62119622,0.81761635,2.65799141,0.03408837,2875,SUCCESS
ijcnn1,SCS,False,0.01,0.05,Baseline,8,61.0445451,0.92718544,0.92041121,0.62318841,0.0,67.87484694,0.0,8800,SUCCESS
ijcnn1,SCS,False,0.01,0.05,Screening,8,61.04454505,0.92708542,0.92041247,0.6224754,0.80189416,2.61083007,0.04332542,2300,SUCCESS
ijcnn1,SCS,False,0.05,0.0,Baseline,8,274.39799588,0.92818564,0.91913537,0.61727079,0.0,141.68058157,0.0,20000,SUCCESS
ijcnn1,SCS,False,0.05,0.0,Screening,8,274.39799253,0.92818564,0.91913549,0.61727079,0.63560779,39.79733896,0.0506506,21175,SUCCESS
ijcnn1,SCS,False,0.05,0.05,Baseline,8,300.24484169,0.92528506,0.91965641,0.62817322,0.0,154.83464384,0.0,20000,SUCCESS
ijcnn1,SCS,False,0.05,0.05,Screening,8,300.24483995,0.92528506,0.91965424,0.62817322,0.59500516,29.70088315,0.05340409,11700,SUCCESS
ijcnn1,SCS,False,0.1,0.0,Baseline,8,546.97316107,0.92808562,0.91904216,0.61694193,0.0,144.70540595,0.0,20000,SUCCESS
ijcnn1,SCS,False,0.1,0.0,Screening,8,546.9729037,0.92578516,0.91903897,0.62142857,0.62660582,40.12292314,0.0558908,21300,SUCCESS
ijcnn1,SCS,False,0.1,0.05,Baseline,8,599.04940691,0.92728546,0.91947604,0.62076161,0.0,151.60629058,0.0,20000,SUCCESS
ijcnn1,SCS,False,0.1,0.05,Screening,8,599.04927018,0.92718544,0.91948528,0.62043796,0.52333323,56.63278246,0.05465603,21650,SUCCESS
ijcnn1,SCS,False,0.01,0.0,Baseline,9,56.24789497,0.91738348,0.91786421,0.62556664,0.0,39.97234821,0.0,5700,SUCCESS
ijcnn1,SCS,False,0.01,0.0,Screening,9,56.24789488,0.91738348,0.91786376,0.62556664,0.81742881,4.1034894,0.06955695,4500,SUCCESS
ijcnn1,SCS,False,0.01,0.05,Baseline,9,61.1747019,0.9239848,0.91938568,0.63320463,0.0,82.26638269,0.0,10850,SUCCESS
ijcnn1,SCS,False,0.01,0.05,Screening,9,61.1747019,0.9239848,0.91938739,0.63320463,0.80280061,3.66740108,0.04259515,2525,SUCCESS
ijcnn1,SCS,False,0.05,0.0,Baseline,9,274.74781296,0.92228446,0.91846796,0.63469676,0.0,139.38088059,0.0,20000,SUCCESS
ijcnn1,SCS,False,0.05,0.0,Screening,9,274.74780584,0.92228446,0.9184715,0.63469676,0.63757697,20.4368391,0.04047251,8775,SUCCESS
ijcnn1,SCS,False,0.05,0.05,Baseline,9,300.68081216,0.92588518,0.91792765,0.63371231,0.0,150.62565279,0.0,20000,SUCCESS
ijcnn1,SCS,False,0.05,0.05,Screening,9,300.68080675,0.92588518,0.91792103,0.63371231,0.58290876,30.41229057,0.05180812,13175,SUCCESS
ijcnn1,SCS,False,0.1,0.0,Baseline,9,547.70771754,0.92178436,0.91851668,0.63320826,0.0,139.88290334,0.0,20000,SUCCESS
ijcnn1,SCS,False,0.1,0.0,Screening,9,547.70752942,0.92178436,0.91853721,0.63320826,0.61979183,43.70213103,0.04459047,21850,SUCCESS
ijcnn1,SCS,False,0.1,0.05,Baseline,9,599.90691901,0.9224845,0.91797031,0.63356974,0.0,149.9518435,0.0,20000,SUCCESS
ijcnn1,SCS,False,0.1,0.05,Screening,9,599.90689279,0.9224845,0.91797602,0.63356974,0.53505454,53.36358619,0.07544518,21700,SUCCESS
ijcnn1,SCS,False,0.01,0.0,Baseline,10,55.8136872,0.92528506,0.9221831,0.62891207,0.0,25.62903595,0.0,3700,SUCCESS
ijcnn1,SCS,False,0.01,0.0,Screening,10,55.81368706,0.92528506,0.9221831,0.62891207,0.81821023,3.47664046,0.04182982,3950,SUCCESS
ijcnn1,SCS,False,0.01,0.05,Baseline,10,60.69417551,0.9264853,0.92306659,0.62519123,0.0,150.0928092,0.0,20000,SUCCESS
ijcnn1,SCS,False,0.01,0.05,Screening,10,60.69417536,0.9264853,0.92306557,0.62519123,0.53355421,22.71310735,0.04294658,8850,SUCCESS
ijcnn1,SCS,False,0.05,0.0,Baseline,10,272.57903527,0.9219844,0.92196303,0.63137996,0.0,140.99018502,0.0,20000,SUCCESS
ijcnn1,SCS,False,0.05,0.0,Screening,10,272.57904138,0.9219844,0.92196234,0.63137996,0.61535336,41.20388818,0.05301261,21250,SUCCESS
ijcnn1,SCS,False,0.05,0.05,Baseline,10,298.32012935,0.92168434,0.92245132,0.63048608,0.0,151.14519644,0.0,20000,SUCCESS
ijcnn1,SCS,False,0.05,0.05,Screening,10,298.32012668,0.92168434,0.92245429,0.63048608,0.55062045,51.05841541,0.06994462,21575,SUCCESS
ijcnn1,SCS,False,0.1,0.0,Baseline,10,543.35672113,0.92178436,0.92208282,0.63043478,0.0,142.56575108,0.0,20000,SUCCESS
ijcnn1,SCS,False,0.1,0.0,Screening,10,543.35659443,0.9219844,0.92208019,0.63103122,0.61675992,43.8360455,0.06225562,21675,SUCCESS
ijcnn1,SCS,False,0.1,0.05,Baseline,10,595.18738939,0.92178436,0.9224552,0.63078376,0.0,152.80256844,0.0,20000,SUCCESS
ijcnn1,SCS,False,0.1,0.05,Screening,10,595.18735336,0.92178436,0.92245383,0.63078376,0.53158503,56.57169151,0.05601335,21875,SUCCESS
ijcnn1,SCS,False,0.01,0.0,Baseline,11,56.61193845,0.93008602,0.91385735,0.62318059,0.0,113.65636039,0.0,16050,SUCCESS
ijcnn1,SCS,False,0.01,0.0,Screening,11,56.61193842,0.93008602,0.91385712,0.62318059,0.81511581,5.41241431,0.05207825,5625,SUCCESS
ijcnn1,SCS,False,0.01,0.05,Baseline,11,61.44142238,0.929986,0.91570728,0.62121212,0.0,152.38196516,0.0,20000,SUCCESS
ijcnn1,SCS,False,0.01,0.05,Screening,11,61.44142227,0.929986,0.91570933,0.62121212,0.48532491,16.5466845,0.04693055,5775,SUCCESS
ijcnn1,SCS,False,0.05,0.0,Baseline,11,276.71332007,0.93008602,0.91399391,0.62640299,0.0,140.08985281,0.0,20000,SUCCESS
ijcnn1,SCS,False,0.05,0.0,Screening,11,276.71330761,0.93008602,0.91398947,0.62640299,0.61976057,34.88345218,0.04174566,18575,SUCCESS
ijcnn1,SCS,False,0.05,0.05,Baseline,11,302.37652579,0.92978596,0.91443338,0.61343612,0.0,148.90611434,0.0,20000,SUCCESS
ijcnn1,SCS,False,0.05,0.05,Screening,11,302.37651102,0.92978596,0.91444627,0.61343612,0.53433564,48.46455979,0.08323646,20350,SUCCESS
ijcnn1,SCS,False,0.1,0.0,Baseline,11,551.6657225,0.93008602,0.91404662,0.62799361,0.0,140.46679282,0.0,20000,SUCCESS
ijcnn1,SCS,False,0.1,0.0,Screening,11,551.66560538,0.93008602,0.91407206,0.62799361,0.61841653,33.98184943,0.0471108,16200,SUCCESS
ijcnn1,SCS,False,0.1,0.05,Baseline,11,603.37067102,0.93008602,0.91438364,0.61359867,0.0,149.92071509,0.0,20000,SUCCESS
ijcnn1,SCS,False,0.1,0.05,Screening,11,603.37062895,0.93008602,0.91437725,0.61359867,0.51101804,29.18434715,0.05326247,9825,SUCCESS
ijcnn1,SCS,False,0.01,0.0,Baseline,12,55.93009093,0.92928586,0.91539126,0.64020356,0.0,69.44361639,0.0,9850,SUCCESS
ijcnn1,SCS,False,0.01,0.0,Screening,12,55.93009084,0.92928586,0.91538943,0.64020356,0.81836652,3.14080763,0.03421235,3625,SUCCESS
ijcnn1,SCS,False,0.01,0.05,Baseline,12,60.8705552,0.9189838,0.91698357,0.63215259,0.0,150.10665774,0.0,20000,SUCCESS
ijcnn1,SCS,False,0.01,0.05,Screening,12,60.87055509,0.9189838,0.91698437,0.63215259,0.63510768,11.6245985,0.07209396,4625,SUCCESS
ijcnn1,SCS,False,0.05,0.0,Baseline,12,272.84944537,0.92368474,0.91493285,0.63992449,0.0,139.35694003,0.0,20000,SUCCESS
ijcnn1,SCS,False,0.05,0.0,Screening,12,272.84944346,0.92368474,0.91493251,0.63992449,0.61150877,42.0092926,0.04411411,21300,SUCCESS
ijcnn1,SCS,False,0.05,0.05,Baseline,12,299.15768893,0.9279856,0.91549063,0.64426877,0.0,114.25093579,0.0,15125,SUCCESS
ijcnn1,SCS,False,0.05,0.05,Screening,12,299.15768878,0.9279856,0.91549154,0.64426877,0.8082393,3.04017067,0.04617858,3100,SUCCESS
ijcnn1,SCS,False,0.1,0.0,Baseline,12,543.82044881,0.92258452,0.91470879,0.63764045,0.0,140.44707632,0.0,20000,SUCCESS
ijcnn1,SCS,False,0.1,0.0,Screening,12,543.8203779,0.92258452,0.91474096,0.63764045,0.65670615,37.58152628,0.05864525,21350,SUCCESS
ijcnn1,SCS,False,0.1,0.05,Baseline,12,596.84682242,0.92408482,0.91556604,0.63977219,0.0,152.26121521,0.0,20000,SUCCESS
ijcnn1,SCS,False,0.1,0.05,Screening,12,596.84670103,0.92408482,0.91556786,0.63977219,0.60950833,46.97384405,0.04821086,21925,SUCCESS
ijcnn1,SCS,False,0.01,0.0,Baseline,13,56.66862915,0.9259852,0.92351644,0.64457253,0.0,111.44404244,0.0,15625,SUCCESS
ijcnn1,SCS,False,0.01,0.0,Screening,13,56.66862941,0.9259852,0.92351621,0.64457253,0.81505329,2.79192066,0.03477716,3000,SUCCESS
ijcnn1,SCS,False,0.01,0.05,Baseline,13,61.50358091,0.91928386,0.92474778,0.63434527,0.0,39.68696237,0.0,4925,SUCCESS
ijcnn1,SCS,False,0.01,0.05,Screening,13,61.50358084,0.91928386,0.92474801,0.63434527,0.80048761,3.54398823,0.0348053,3500,SUCCESS
ijcnn1,SCS,False,0.05,0.0,Baseline,13,276.95316973,0.92568514,0.92329933,0.64500717,0.0,144.32242393,0.0,20000,SUCCESS
ijcnn1,SCS,False,0.05,0.0,Screening,13,276.95315735,0.92568514,0.92329408,0.64500717,0.60181915,37.32735252,0.04331374,18325,SUCCESS
ijcnn1,SCS,False,0.05,0.05,Baseline,13,302.71698699,0.92468494,0.92350503,0.64363464,0.0,155.34295249,0.0,20000,SUCCESS
ijcnn1,SCS,False,0.05,0.05,Screening,13,302.71696399,0.92468494,0.92351895,0.64329702,0.5133623,53.11509776,0.04482055,21125,SUCCESS
ijcnn1,SCS,False,0.1,0.0,Baseline,13,552.15396473,0.92618524,0.92334953,0.64621285,0.0,144.19521451,0.0,20000,SUCCESS
ijcnn1,SCS,False,0.1,0.0,Screening,13,552.1538469,0.92618524,0.92333401,0.64621285,0.60722658,39.36149764,0.0853622,17825,SUCCESS
ijcnn1,SCS,False,0.1,0.05,Baseline,13,604.03210104,0.92468494,0.92348107,0.64363464,0.0,151.27934408,0.0,20000,SUCCESS
ijcnn1,SCS,False,0.1,0.05,Screening,13,604.03210378,0.92468494,0.92348062,0.64363464,0.48857563,60.76373196,0.05768728,21900,SUCCESS
ijcnn1,SCS,False,0.01,0.0,Baseline,14,56.19922892,0.92008402,0.91659613,0.61678657,0.0,85.53601241,0.0,11775,SUCCESS
ijcnn1,SCS,False,0.01,0.0,Screening,14,56.19922881,0.92008402,0.91659602,0.61678657,0.8173663,3.70106292,0.03476644,4375,SUCCESS
ijcnn1,SCS,False,0.01,0.05,Baseline,14,61.0861727,0.92508502,0.91799062,0.61211807,0.0,152.10131407,0.0,20000,SUCCESS
ijcnn1,SCS,False,0.01,0.05,Screening,14,61.08617231,0.92508502,0.91799119,0.61211807,0.69893414,13.9350214,0.07370782,7700,SUCCESS
ijcnn1,SCS,False,0.05,0.0,Baseline,14,274.47557037,0.92118424,0.9168283,0.61895551,0.0,144.8143599,0.0,20000,SUCCESS
ijcnn1,SCS,False,0.05,0.0,Screening,14,274.47556265,0.92108422,0.91681586,0.61865636,0.60638265,29.86080146,0.04446745,14125,SUCCESS
ijcnn1,SCS,False,0.05,0.05,Baseline,14,300.36071666,0.92338468,0.91724632,0.6143001,0.0,153.85354519,0.0,20000,SUCCESS
ijcnn1,SCS,False,0.05,0.05,Screening,14,300.36063962,0.92338468,0.917247,0.6143001,0.55374613,47.2478044,0.07345891,19825,SUCCESS
ijcnn1,SCS,False,0.1,0.0,Baseline,14,547.14164835,0.92108422,0.91656202,0.61865636,0.0,145.33990741,0.0,20000,SUCCESS
ijcnn1,SCS,False,0.1,0.0,Screening,14,547.14142966,0.92108422,0.91655175,0.61865636,0.61826024,44.31002808,0.08652186,21625,SUCCESS
ijcnn1,SCS,False,0.1,0.05,Baseline,14,599.27239149,0.919984,0.91708899,0.61501444,0.0,155.55705953,0.0,20000,SUCCESS
ijcnn1,SCS,False,0.1,0.05,Screening,14,599.27200799,0.92008402,0.91710416,0.61568062,0.51936361,43.46249437,0.04746461,15925,SUCCESS
ijcnn1,SCS,False,0.01,0.0,Baseline,15,55.31373705,0.92338468,0.91284711,0.60145682,0.0,60.4119091,0.0,8200,SUCCESS
ijcnn1,SCS,False,0.01,0.0,Screening,15,55.31373716,0.9234847,0.91284768,0.60176991,0.8201169,3.75813699,0.06191182,2675,SUCCESS
ijcnn1,SCS,False,0.01,0.05,Baseline,15,60.35690205,0.92258452,0.91477918,0.60948537,0.0,125.55062461,0.0,16325,SUCCESS
ijcnn1,SCS,False,0.01,0.05,Screening,15,60.35690193,0.92258452,0.91477781,0.60948537,0.80486356,2.65433049,0.03639984,2450,SUCCESS
ijcnn1,SCS,False,0.05,0.0,Baseline,15,269.58289296,0.9219844,0.91227918,0.60606061,0.0,145.23073101,0.0,20000,SUCCESS
ijcnn1,SCS,False,0.05,0.0,Screening,15,269.58289045,0.9219844,0.91227941,0.60606061,0.63213828,38.06375146,0.07829404,19775,SUCCESS
ijcnn1,SCS,False,0.05,0.05,Baseline,15,296.16776819,0.91768354,0.91381377,0.60678452,0.0,164.69052386,0.0,20000,SUCCESS
ijcnn1,SCS,False,0.05,0.05,Screening,15,296.1677655,0.91768354,0.91381605,0.60678452,0.55893477,41.99589968,0.07022905,15750,SUCCESS
ijcnn1,SCS,False,0.1,0.0,Baseline,15,537.2060069,0.92158432,0.9121279,0.60364004,0.0,154.91119266,0.0,20000,SUCCESS
ijcnn1,SCS,False,0.1,0.0,Screening,15,537.20588584,0.9214843,0.9120971,0.60373549,0.65395555,42.63582277,0.06334305,21825,SUCCESS
ijcnn1,SCS,False,0.1,0.05,Baseline,15,590.75764038,0.92278456,0.91353802,0.61010101,0.0,163.2285037,0.0,20000,SUCCESS
ijcnn1,SCS,False,0.1,0.05,Screening,15,590.75759823,0.92278456,0.91352764,0.61010101,0.60447598,34.89705205,0.06574202,13600,SUCCESS
ijcnn1,SCS,False,0.01,0.0,Baseline,16,56.18618182,0.9264853,0.92032633,0.62897527,0.0,147.78595352,0.0,20000,SUCCESS
ijcnn1,SCS,False,0.01,0.0,Screening,16,56.18618164,0.92658532,0.92033101,0.62929293,0.69130747,10.80479383,0.06883121,4925,SUCCESS
ijcnn1,SCS,False,0.01,0.05,Baseline,16,61.0735387,0.92768554,0.92135825,0.63131056,0.0,156.7838707,0.0,20000,SUCCESS
ijcnn1,SCS,False,0.01,0.05,Screening,16,61.07353867,0.92768554,0.9213603,0.63131056,0.54411903,23.19397664,0.05288005,9125,SUCCESS
ijcnn1,SCS,False,0.05,0.0,Baseline,16,274.46462946,0.9284857,0.92010648,0.62348605,0.0,145.85204387,0.0,20000,SUCCESS
ijcnn1,SCS,False,0.05,0.0,Screening,16,274.46497453,0.92858572,0.92014721,0.62341772,0.69912168,6.35910153,0.04080868,1300,SUCCESS
ijcnn1,SCS,False,0.05,0.05,Baseline,16,300.29043805,0.92858572,0.92062969,0.63195876,0.0,162.00555611,0.0,20000,SUCCESS
ijcnn1,SCS,False,0.05,0.05,Screening,16,300.29043582,0.92858572,0.92062912,0.63195876,0.54086831,51.96638727,0.05220938,21225,SUCCESS
ijcnn1,SCS,False,0.1,0.0,Baseline,16,547.14806382,0.9284857,0.9200815,0.62348605,0.0,145.82141042,0.0,20000,SUCCESS
ijcnn1,SCS,False,0.1,0.0,Screening,16,547.14794599,0.92858572,0.92007671,0.62381454,0.61779139,43.90938759,0.08361387,21600,SUCCESS
ijcnn1,SCS,False,0.1,0.05,Baseline,16,599.13448117,0.92838568,0.92062364,0.63016529,0.0,156.64552903,0.0,20000,SUCCESS
ijcnn1,SCS,False,0.1,0.05,Screening,16,599.13431589,0.92858572,0.92059809,0.63119835,0.55612165,48.06758857,0.06529713,18625,SUCCESS
ijcnn1,SCS,False,0.01,0.0,Baseline,17,56.7191353,0.924985,0.92160559,0.63126844,0.0,116.15166831,0.0,15825,SUCCESS
ijcnn1,SCS,False,0.01,0.0,Screening,17,56.71913538,0.924985,0.92160308,0.63126844,0.81605351,3.85802579,0.06560445,3650,SUCCESS
ijcnn1,SCS,False,0.01,0.05,Baseline,17,61.57088417,0.92068414,0.922622,0.62926601,0.0,40.55481887,0.0,5000,SUCCESS
ijcnn1,SCS,False,0.01,0.05,Screening,17,61.57088412,0.92068414,0.922622,0.62926601,0.80042509,2.56159925,0.03678131,2250,SUCCESS
ijcnn1,SCS,False,0.05,0.0,Baseline,17,277.16979374,0.92428486,0.92152824,0.63055149,0.0,146.75455761,0.0,20000,SUCCESS
ijcnn1,SCS,False,0.05,0.0,Screening,17,277.16978124,0.92428486,0.92152915,0.63055149,0.66986528,27.66165757,0.05306077,14350,SUCCESS
ijcnn1,SCS,False,0.05,0.05,Baseline,17,303.05604099,0.92628526,0.92166982,0.63496781,0.0,158.92568564,0.0,20000,SUCCESS
ijcnn1,SCS,False,0.05,0.05,Screening,17,303.05592026,0.92628526,0.92168123,0.63496781,0.5332729,39.34718227,0.05214047,15175,SUCCESS
ijcnn1,SCS,False,0.1,0.0,Baseline,17,552.57857762,0.9204841,0.92152756,0.63109049,0.0,148.90529275,0.0,20000,SUCCESS
ijcnn1,SCS,False,0.1,0.0,Screening,17,552.57843595,0.9204841,0.92154433,0.63109049,0.61313412,39.26408625,0.05986118,18050,SUCCESS
ijcnn1,SCS,False,0.1,0.05,Baseline,17,604.71538705,0.9224845,0.92175014,0.63356974,0.0,157.32559133,0.0,20000,SUCCESS
ijcnn1,SCS,False,0.1,0.05,Screening,17,604.71528977,0.92218444,0.92174215,0.63267233,0.58122089,50.89210486,0.07694674,21950,SUCCESS
ijcnn1,SCS,False,0.01,0.0,Baseline,18,56.37542103,0.92528506,0.91693988,0.63001486,0.0,82.4748292,0.0,11150,SUCCESS
ijcnn1,SCS,False,0.01,0.0,Screening,18,56.37542112,0.92528506,0.91694011,0.63001486,0.81636608,3.85620761,0.03496623,4525,SUCCESS
ijcnn1,SCS,False,0.01,0.05,Baseline,18,61.22362191,0.92788558,0.91786262,0.6300667,0.0,155.9955461,0.0,20000,SUCCESS
ijcnn1,SCS,False,0.01,0.05,Screening,18,61.22362184,0.92788558,0.91786353,0.6300667,0.56556122,14.9080708,0.04358602,5525,SUCCESS
ijcnn1,SCS,False,0.05,0.0,Baseline,18,275.36768927,0.92368474,0.91714295,0.62616365,0.0,144.09153938,0.0,20000,SUCCESS
ijcnn1,SCS,False,0.05,0.0,Screening,18,275.36768067,0.92368474,0.91713839,0.62616365,0.61901041,27.19616055,0.04994941,13025,SUCCESS
ijcnn1,SCS,False,0.05,0.05,Baseline,18,301.20903832,0.92558512,0.91751442,0.62874251,0.0,153.44386411,0.0,20000,SUCCESS
ijcnn1,SCS,False,0.05,0.05,Screening,18,301.20903603,0.92568514,0.91751408,0.62905642,0.55630919,36.17628217,0.07088876,15000,SUCCESS
ijcnn1,SCS,False,0.1,0.0,Baseline,18,548.94617559,0.92368474,0.91697969,0.62616365,0.0,142.36326575,0.0,20000,SUCCESS
ijcnn1,SCS,False,0.1,0.0,Screening,18,548.9459624,0.9239848,0.91699087,0.62708538,0.58137718,47.07304978,0.05482268,21450,SUCCESS
ijcnn1,SCS,False,0.1,0.05,Baseline,18,601.02610939,0.9209842,0.91737444,0.62488129,0.0,154.40649319,0.0,20000,SUCCESS
ijcnn1,SCS,False,0.1,0.05,Screening,18,601.02660008,0.9259852,0.91739566,0.63,0.611415,12.7205596,0.08610773,1925,SUCCESS
ijcnn1,SCS,False,0.01,0.0,Baseline,19,56.44986103,0.92058412,0.91409796,0.60848126,0.0,72.2478354,0.0,9775,SUCCESS
ijcnn1,SCS,False,0.01,0.0,Screening,19,56.44986068,0.92058412,0.91409808,0.60848126,0.81683493,2.78407121,0.03489685,2950,SUCCESS
ijcnn1,SCS,False,0.01,0.05,Baseline,19,61.35039353,0.92408482,0.91547659,0.61016949,0.0,156.03872228,0.0,20000,SUCCESS
ijcnn1,SCS,False,0.01,0.05,Screening,19,61.35039352,0.92408482,0.91547739,0.61016949,0.64948583,15.71376038,0.05007029,7700,SUCCESS
ijcnn1,SCS,False,0.05,0.0,Baseline,19,275.68012507,0.92188438,0.91337362,0.6085213,0.0,146.50620723,0.0,20000,SUCCESS
ijcnn1,SCS,False,0.05,0.0,Screening,19,275.68031681,0.92208442,0.9133054,0.60952381,0.71659425,8.2651093,0.05161285,1425,SUCCESS
ijcnn1,SCS,False,0.05,0.05,Baseline,19,301.7715206,0.92278456,0.91441832,0.60851927,0.0,156.98346853,0.0,20000,SUCCESS
ijcnn1,SCS,False,0.05,0.05,Screening,19,301.77159139,0.92278456,0.9144303,0.60851927,0.69268277,9.37698531,0.05227065,1575,SUCCESS
ijcnn1,SCS,False,0.1,0.0,Baseline,19,549.52442472,0.92458492,0.91347379,0.60973085,0.0,149.15160584,0.0,20000,SUCCESS
ijcnn1,SCS,False,0.1,0.0,Screening,19,549.52425927,0.92158432,0.91349079,0.60956175,0.62110462,38.65765285,0.07944489,19050,SUCCESS
ijcnn1,SCS,False,0.1,0.05,Baseline,19,602.10402396,0.92388478,0.91444696,0.61074169,0.0,155.90482068,0.0,20000,SUCCESS
ijcnn1,SCS,False,0.1,0.05,Screening,19,602.10386524,0.9239848,0.91442414,0.61145194,0.58800363,50.69172025,0.04867506,21950,SUCCESS
ijcnn1,SCS,False,0.01,0.0,Baseline,20,56.54723868,0.92768554,0.92291657,0.63723031,0.0,92.65455794,0.0,12725,SUCCESS
ijcnn1,SCS,False,0.01,0.0,Screening,20,56.54723873,0.92768554,0.92291474,0.63723031,0.81570969,3.07569194,0.03448439,3375,SUCCESS
ijcnn1,SCS,False,0.01,0.05,Baseline,20,61.38715377,0.92638528,0.92399184,0.63528246,0.0,92.94269252,0.0,11925,SUCCESS
ijcnn1,SCS,False,0.01,0.05,Screening,20,61.38715376,0.92638528,0.92399184,0.63528246,0.80105023,4.09441781,0.07238936,2950,SUCCESS
ijcnn1,SCS,False,0.05,0.0,Baseline,20,276.33989926,0.92868574,0.92291577,0.63640999,0.0,144.96272135,0.0,20000,SUCCESS
ijcnn1,SCS,False,0.05,0.0,Screening,20,276.33989819,0.92868574,0.92291474,0.63640999,0.60669521,23.46663904,0.05250001,10650,SUCCESS
ijcnn1,SCS,False,0.05,0.05,Baseline,20,302.08641445,0.92568514,0.92311462,0.63344845,0.0,160.83650255,0.0,20000,SUCCESS
ijcnn1,SCS,False,0.05,0.05,Screening,20,302.08638637,0.92578516,0.92311611,0.63376111,0.56671772,49.39339542,0.04414773,21300,SUCCESS
ijcnn1,SCS,False,0.1,0.0,Baseline,20,550.90487006,0.92838568,0.92290984,0.6372847,0.0,147.25535727,0.0,20000,SUCCESS
ijcnn1,SCS,False,0.1,0.0,Screening,20,550.90473659,0.92838568,0.92291383,0.6372847,0.67386616,39.18113494,0.08794475,21675,SUCCESS
ijcnn1,SCS,False,0.1,0.05,Baseline,20,602.78276411,0.92608522,0.92292604,0.63506173,0.0,159.31973195,0.0,20000,SUCCESS
ijcnn1,SCS,False,0.1,0.05,Screening,20,602.78232582,0.92588518,0.92292456,0.63443513,0.59066046,48.50915146,0.04985452,21550,SUCCESS
ijcnn1,SCS,False,0.01,0.0,Baseline,21,56.32691443,0.92378476,0.91017849,0.62351779,0.0,45.28233957,0.0,6125,SUCCESS
ijcnn1,SCS,False,0.01,0.0,Screening,21,56.3269142,0.92388478,0.91017918,0.623826,0.81739756,2.79993033,0.03593707,2925,SUCCESS
ijcnn1,SCS,False,0.01,0.05,Baseline,21,61.21810971,0.9239848,0.91137002,0.6248766,0.0,156.56190991,0.0,20000,SUCCESS
ijcnn1,SCS,False,0.01,0.05,Screening,21,61.21810971,0.9239848,0.91136968,0.6248766,0.52867815,38.54187989,0.05560398,15000,SUCCESS
ijcnn1,SCS,False,0.05,0.0,Baseline,21,274.99626519,0.92608522,0.90930709,0.61966032,0.0,146.73210025,0.0,20000,SUCCESS
ijcnn1,SCS,False,0.05,0.0,Screening,21,274.99625516,0.92608522,0.90930356,0.61966032,0.64376582,29.68596101,0.04427123,15225,SUCCESS
ijcnn1,SCS,False,0.05,0.05,Baseline,21,301.11886783,0.92338468,0.91050307,0.6237721,0.0,157.16404414,0.0,20000,SUCCESS
ijcnn1,SCS,False,0.05,0.05,Screening,21,301.11886201,0.92338468,0.91050239,0.6237721,0.56621761,30.28711987,0.04969311,11975,SUCCESS
ijcnn1,SCS,False,0.1,0.0,Baseline,21,548.17439293,0.9259852,0.90930573,0.62090164,0.0,149.29377937,0.0,20000,SUCCESS
ijcnn1,SCS,False,0.1,0.0,Screening,21,548.17422658,0.92588518,0.90932603,0.62058372,0.58434658,48.87752056,0.05660224,21850,SUCCESS
ijcnn1,SCS,False,0.1,0.05,Baseline,21,600.81722776,0.92358472,0.91060575,0.62438545,0.0,158.49961257,0.0,20000,SUCCESS
ijcnn1,SCS,False,0.1,0.05,Screening,21,600.81719927,0.92358472,0.91059799,0.62438545,0.56387335,55.68320251,0.09431195,22000,SUCCESS
ijcnn1,SCS,False,0.01,0.0,Baseline,22,56.32053617,0.92858572,0.91883384,0.6345957,0.0,143.70377731,0.0,20000,SUCCESS
ijcnn1,SCS,False,0.01,0.0,Screening,22,56.32053578,0.92858572,0.91882916,0.6345957,0.6635514,11.84652042,0.06252408,5725,SUCCESS
ijcnn1,SCS,False,0.01,0.05,Baseline,22,61.1720111,0.92618524,0.92051229,0.63392857,0.0,97.5483942,0.0,12250,SUCCESS
ijcnn1,SCS,False,0.01,0.05,Screening,22,61.17201117,0.92618524,0.92051298,0.63392857,0.80289438,2.75913763,0.03572965,2500,SUCCESS
ijcnn1,SCS,False,0.05,0.0,Baseline,22,275.21040673,0.92328466,0.91825667,0.63354037,0.0,146.18421578,0.0,20000,SUCCESS
ijcnn1,SCS,False,0.05,0.0,Screening,22,275.21040324,0.92328466,0.9182569,0.63354037,0.61976057,36.31461024,0.04232287,17825,SUCCESS
ijcnn1,SCS,False,0.05,0.05,Baseline,22,300.88473765,0.92468494,0.91996639,0.63142438,0.0,163.34759426,0.0,20000,SUCCESS
ijcnn1,SCS,False,0.05,0.05,Screening,22,300.88473046,0.92468494,0.91995988,0.63142438,0.5311787,32.83872437,0.06473684,11675,SUCCESS
ijcnn1,SCS,False,0.1,0.0,Baseline,22,548.6789257,0.92208442,0.91845541,0.63132986,0.0,148.91458607,0.0,20000,SUCCESS
ijcnn1,SCS,False,0.1,0.0,Screening,22,548.67881207,0.92208442,0.91846785,0.63132986,0.62882506,42.35265708,0.06115437,21575,SUCCESS
ijcnn1,SCS,False,0.1,0.05,Baseline,22,600.36054914,0.9239848,0.91957541,0.63178295,0.0,156.04674673,0.0,20000,SUCCESS
ijcnn1,SCS,False,0.1,0.05,Screening,22,600.36084329,0.92388478,0.91953662,0.63111973,0.63492014,12.21211743,0.05002713,1900,SUCCESS
ijcnn1,SCS,False,0.01,0.0,Baseline,23,56.44643353,0.92638528,0.91837783,0.62525458,0.0,47.88207626,0.0,6575,SUCCESS
ijcnn1,SCS,False,0.01,0.0,Screening,23,56.4464334,0.92638528,0.91837681,0.62525458,0.81674116,4.09622645,0.05320501,2875,SUCCESS
ijcnn1,SCS,False,0.01,0.05,Baseline,23,61.25380419,0.92618524,0.91978293,0.61840745,0.0,68.53623462,0.0,8850,SUCCESS
ijcnn1,SCS,False,0.01,0.05,Screening,23,61.25380409,0.92618524,0.9197851,0.61840745,0.80280061,4.21728349,0.05238867,2650,SUCCESS
ijcnn1,SCS,False,0.05,0.0,Baseline,23,275.92295764,0.92528506,0.918465,0.62518816,0.0,148.38026547,0.0,20000,SUCCESS
ijcnn1,SCS,False,0.05,0.0,Screening,23,275.92347252,0.92528506,0.91843739,0.62518816,0.68243053,7.37674832,0.05284286,1225,SUCCESS
ijcnn1,SCS,False,0.05,0.05,Baseline,23,301.45182386,0.92218444,0.91852877,0.62846227,0.0,157.589252,0.0,20000,SUCCESS
ijcnn1,SCS,False,0.05,0.05,Screening,23,301.45178307,0.92218444,0.9185104,0.62846227,0.54846373,38.95983219,0.04636669,15725,SUCCESS
ijcnn1,SCS,False,0.1,0.0,Baseline,23,550.10132147,0.924985,0.9184788,0.62686567,0.0,147.88566017,0.0,20000,SUCCESS
ijcnn1,SCS,False,0.1,0.0,Screening,23,550.1011314,0.92488498,0.91847492,0.62692499,0.60910199,45.56247067,0.049505,21825,SUCCESS
ijcnn1,SCS,False,0.1,0.05,Baseline,23,601.52310171,0.92528506,0.91848108,0.62593891,0.0,157.94011879,0.0,20000,SUCCESS
ijcnn1,SCS,False,0.1,0.05,Screening,23,601.52290429,0.92538508,0.91849044,0.62625251,0.55677805,47.33495474,0.06512332,19100,SUCCESS
ijcnn1,SCS,False,0.01,0.0,Baseline,24,56.10373167,0.92818564,0.91688808,0.63737374,0.0,61.1426034,0.0,8425,SUCCESS
ijcnn1,SCS,False,0.01,0.0,Screening,24,56.10373154,0.92818564,0.91689344,0.63737374,0.81749133,2.68267798,0.04746509,2900,SUCCESS
ijcnn1,SCS,False,0.01,0.05,Baseline,24,60.93111531,0.92508502,0.91845267,0.63230241,0.0,155.70855212,0.0,20000,SUCCESS
ijcnn1,SCS,False,0.01,0.05,Screening,24,60.93111513,0.92508502,0.91845051,0.63230241,0.56196668,27.39827347,0.04428911,11925,SUCCESS
ijcnn1,SCS,False,0.05,0.0,Baseline,24,274.06075549,0.92508502,0.91632038,0.63085264,0.0,146.02772784,0.0,20000,SUCCESS
ijcnn1,SCS,False,0.05,0.0,Screening,24,274.06073001,0.92968594,0.91632962,0.63818837,0.60372582,42.71206284,0.05364394,21225,SUCCESS
ijcnn1,SCS,False,0.05,0.05,Baseline,24,299.74827956,0.92708542,0.91720342,0.63568216,0.0,156.26461124,0.0,20000,SUCCESS
ijcnn1,SCS,False,0.05,0.05,Screening,24,299.74865256,0.9269854,0.91726662,0.63536464,0.63892101,7.48737597,0.05002069,1250,SUCCESS
ijcnn1,SCS,False,0.1,0.0,Baseline,24,546.33031364,0.92988598,0.916412,0.63847344,0.0,147.52731371,0.0,20000,SUCCESS
ijcnn1,SCS,False,0.1,0.0,Screening,24,546.33028109,0.92988598,0.91640869,0.63847344,0.59147313,46.96967387,0.07852125,21850,SUCCESS
ijcnn1,SCS,False,0.1,0.05,Baseline,24,598.08956032,0.92738548,0.91718528,0.63590772,0.0,154.57510543,0.0,20000,SUCCESS
ijcnn1,SCS,False,0.1,0.05,Screening,24,598.08947745,0.9274855,0.9171506,0.63659148,0.57562592,52.67211056,0.06193304,22000,SUCCESS
ijcnn1,SCS,False,0.01,0.0,Baseline,25,55.37352965,0.91608322,0.91160379,0.61067285,0.0,122.30980706,0.0,16725,SUCCESS
ijcnn1,SCS,False,0.01,0.0,Screening,25,55.37352989,0.91608322,0.91160344,0.61067285,0.81946051,4.30776739,0.03680062,3425,SUCCESS
ijcnn1,SCS,False,0.01,0.05,Baseline,25,60.46104046,0.91788358,0.91306764,0.61218706,0.0,56.24802494,0.0,7325,SUCCESS
ijcnn1,SCS,False,0.01,0.05,Screening,25,60.46104032,0.91788358,0.91306547,0.61218706,0.80292564,2.90454388,0.0514462,2275,SUCCESS
ijcnn1,SCS,False,0.05,0.0,Baseline,25,269.89542645,0.91718344,0.91163664,0.61053622,0.0,143.72235012,0.0,20000,SUCCESS
ijcnn1,SCS,False,0.05,0.0,Screening,25,269.89541832,0.91718344,0.91163653,0.61053622,0.63813959,38.72581601,0.05135536,21050,SUCCESS
ijcnn1,SCS,False,0.05,0.05,Baseline,25,296.57401782,0.91688338,0.91210406,0.61040788,0.0,154.93208146,0.0,20000,SUCCESS
ijcnn1,SCS,False,0.05,0.05,Screening,25,296.57401253,0.91688338,0.91210098,0.61040788,0.59563029,39.11858749,0.05331445,17400,SUCCESS
ijcnn1,SCS,False,0.1,0.0,Baseline,25,537.85699497,0.91708342,0.91152244,0.60692271,0.0,146.54938054,0.0,20000,SUCCESS
ijcnn1,SCS,False,0.1,0.0,Screening,25,537.85695649,0.9209842,0.91150772,0.60774578,0.63276342,37.33707023,0.04815912,21225,SUCCESS
ijcnn1,SCS,False,0.1,0.05,Baseline,25,591.53638822,0.91338268,0.91212345,0.614082,0.0,155.33440876,0.0,20000,SUCCESS
ijcnn1,SCS,False,0.1,0.05,Screening,25,591.53712471,0.92018404,0.91212528,0.60920666,0.65548714,11.90702701,0.08680558,1850,SUCCESS
ijcnn1,SCS,False,0.01,0.0,Baseline,26,56.25036712,0.92688538,0.91396939,0.63793957,0.0,144.39880085,0.0,20000,SUCCESS
ijcnn1,SCS,False,0.01,0.0,Screening,26,56.25036612,0.92688538,0.9139622,0.63793957,0.6568937,9.80825472,0.04950976,3750,SUCCESS
ijcnn1,SCS,False,0.01,0.05,Baseline,26,61.10709544,0.92858572,0.91587316,0.63309353,0.0,55.17455482,0.0,7050,SUCCESS
ijcnn1,SCS,False,0.01,0.05,Screening,26,61.10709553,0.92858572,0.9158727,0.63309353,0.8025193,2.63651562,0.0351038,2425,SUCCESS
ijcnn1,SCS,False,0.05,0.0,Baseline,26,274.65007759,0.92968594,0.91388382,0.63781556,0.0,146.47146416,0.0,20000,SUCCESS
ijcnn1,SCS,False,0.05,0.0,Screening,26,274.65006982,0.92978596,0.91387789,0.63814433,0.65973807,28.61547208,0.0520575,14875,SUCCESS
ijcnn1,SCS,False,0.05,0.05,Baseline,26,300.62838068,0.92668534,0.91478705,0.63658899,0.0,154.66562366,0.0,20000,SUCCESS
ijcnn1,SCS,False,0.05,0.05,Screening,26,300.6286644,0.92638528,0.9147745,0.63564356,0.63723314,9.31157804,0.04444551,1375,SUCCESS
ijcnn1,SCS,False,0.1,0.0,Baseline,26,547.43304262,0.92968594,0.91397144,0.63593993,0.0,143.61700797,0.0,20000,SUCCESS
ijcnn1,SCS,False,0.1,0.0,Screening,26,547.4328617,0.92968594,0.91394668,0.63593993,0.56949958,48.81699228,0.05317926,21525,SUCCESS
ijcnn1,SCS,False,0.1,0.05,Baseline,26,599.83011728,0.92668534,0.91486931,0.63658899,0.0,152.20207429,0.0,20000,SUCCESS
ijcnn1,SCS,False,0.1,0.05,Screening,26,599.82997126,0.92668534,0.91487398,0.63658899,0.61397806,46.49256468,0.08427882,21950,SUCCESS
ijcnn1,SCS,False,0.01,0.0,Baseline,27,56.76569119,0.92858572,0.91499355,0.63645621,0.0,142.88239408,0.0,20000,SUCCESS
ijcnn1,SCS,False,0.01,0.0,Screening,27,56.76569057,0.92858572,0.9149883,0.63645621,0.69212015,9.31989479,0.05096126,5200,SUCCESS
ijcnn1,SCS,False,0.01,0.05,Baseline,27,61.55997481,0.92878576,0.91750974,0.6352459,0.0,152.51993108,0.0,20000,SUCCESS
ijcnn1,SCS,False,0.01,0.05,Screening,27,61.56008136,0.92878576,0.91753416,0.63487179,0.55984122,3.85936666,0.05390024,700,SUCCESS
ijcnn1,SCS,False,0.05,0.0,Baseline,27,277.62067257,0.92928586,0.9151673,0.63799283,0.0,142.39957881,0.0,20000,SUCCESS
ijcnn1,SCS,False,0.05,0.0,Screening,27,277.62066445,0.92928586,0.91516867,0.63799283,0.63057544,38.48118448,0.05230927,21025,SUCCESS
ijcnn1,SCS,False,0.05,0.05,Baseline,27,303.08393648,0.92808562,0.91612267,0.63558033,0.0,153.23688245,0.0,20000,SUCCESS
ijcnn1,SCS,False,0.05,0.05,Screening,27,303.0839301,0.92808562,0.91612952,0.63558033,0.4998906,25.56513619,0.05142546,8900,SUCCESS
ijcnn1,SCS,False,0.1,0.0,Baseline,27,553.53103979,0.92928586,0.91515475,0.63799283,0.0,142.96592808,0.0,20000,SUCCESS
ijcnn1,SCS,False,0.1,0.0,Screening,27,553.53099584,0.92928586,0.91514734,0.63799283,0.60963336,45.60501575,0.05768371,21875,SUCCESS
ijcnn1,SCS,False,0.1,0.05,Baseline,27,604.835294,0.92868574,0.91617766,0.63678044,0.0,153.57635069,0.0,20000,SUCCESS
ijcnn1,SCS,False,0.1,0.05,Screening,27,604.83587947,0.92858572,0.916182,0.63645621,0.64014003,11.44658685,0.05737662,1800,SUCCESS
ijcnn1,SCS,False,0.01,0.0,Baseline,28,56.08896224,0.91628326,0.91366306,0.61658268,0.0,141.50424957,0.0,20000,SUCCESS
ijcnn1,SCS,False,0.01,0.0,Screening,28,56.08896175,0.91628326,0.91366534,0.61658268,0.6534867,12.67069912,0.04710317,5850,SUCCESS
ijcnn1,SCS,False,0.01,0.05,Baseline,28,60.99978013,0.92318464,0.91609837,0.61714855,0.0,102.15973258,0.0,13350,SUCCESS
ijcnn1,SCS,False,0.01,0.05,Screening,28,60.99978003,0.92318464,0.91609803,0.61714855,0.80361329,3.0869298,0.03540564,2950,SUCCESS
ijcnn1,SCS,False,0.05,0.0,Baseline,28,273.87175352,0.9244849,0.91313986,0.61733401,0.0,141.67578053,0.0,20000,SUCCESS
ijcnn1,SCS,False,0.05,0.0,Screening,28,273.87170935,0.9244849,0.91314841,0.61733401,0.6224174,16.60032225,0.05243158,7225,SUCCESS
ijcnn1,SCS,False,0.05,0.05,Baseline,28,299.87434718,0.92338468,0.91445106,0.61776447,0.0,153.93668437,0.0,20000,SUCCESS
ijcnn1,SCS,False,0.05,0.05,Screening,28,299.87434723,0.92338468,0.9144514,0.61776447,0.54518176,50.52354693,0.05277967,21300,SUCCESS
ijcnn1,SCS,False,0.1,0.0,Baseline,28,545.92617129,0.92438488,0.9130009,0.61779575,0.0,143.16119051,0.0,20000,SUCCESS
ijcnn1,SCS,False,0.1,0.0,Screening,28,545.92594792,0.92438488,0.91303398,0.61779575,0.65651861,34.60525632,0.05665994,21575,SUCCESS
ijcnn1,SCS,False,0.1,0.05,Baseline,28,598.28980753,0.9229846,0.91441741,0.61691542,0.0,136.59684014,0.0,20000,SUCCESS
ijcnn1,SCS,False,0.1,0.05,Screening,28,598.29022588,0.92328466,0.91442323,0.61745636,0.62144844,11.36431193,0.06868672,1950,SUCCESS
ijcnn1,SCS,False,0.01,0.0,Baseline,29,56.21616997,0.91918384,0.9178552,0.62418605,0.0,81.94026542,0.0,12250,SUCCESS
ijcnn1,SCS,False,0.01,0.0,Screening,29,56.21617003,0.91918384,0.91785497,0.62418605,0.81608477,3.0652678,0.03516579,4050,SUCCESS
ijcnn1,SCS,False,0.01,0.05,Baseline,29,61.14205898,0.91668334,0.91989485,0.62494372,0.0,55.15572309,0.0,7725,SUCCESS
ijcnn1,SCS,False,0.01,0.05,Screening,29,61.14205903,0.91668334,0.91989474,0.62494372,0.80205045,2.21559381,0.0350759,2200,SUCCESS
ijcnn1,SCS,False,0.05,0.0,Baseline,29,274.53940205,0.91958392,0.91722954,0.62464986,0.0,135.07359576,0.0,20000,SUCCESS
ijcnn1,SCS,False,0.05,0.0,Screening,29,274.53936895,0.91958392,0.91722407,0.62464986,0.61766636,17.60671806,0.0411272,9150,SUCCESS
ijcnn1,SCS,False,0.05,0.05,Baseline,29,300.54880337,0.91928386,0.91880863,0.62964663,0.0,142.92360616,0.0,20000,SUCCESS
ijcnn1,SCS,False,0.05,0.05,Screening,29,300.54879414,0.91938388,0.91879003,0.63027523,0.5426187,26.80552983,0.05738091,10975,SUCCESS
ijcnn1,SCS,False,0.1,0.0,Baseline,29,547.29100451,0.9194839,0.91713953,0.62575546,0.0,136.45225,0.0,20000,SUCCESS
ijcnn1,SCS,False,0.1,0.0,Screening,29,547.29098681,0.91938388,0.91714626,0.62546468,0.62076079,40.57464027,0.08787179,21625,SUCCESS
ijcnn1,SCS,False,0.1,0.05,Baseline,29,599.63913753,0.91928386,0.91870903,0.62690707,0.0,143.49049258,0.0,20000,SUCCESS
ijcnn1,SCS,False,0.1,0.05,Screening,29,599.63963975,0.9189838,0.91875569,0.625,0.63435752,10.44257545,0.07504988,1800,SUCCESS
ijcnn1,SCS,False,0.01,0.0,Baseline,30,56.39533813,0.92158432,0.91528538,0.623439,0.0,114.05590677,0.0,16575,SUCCESS
ijcnn1,SCS,False,0.01,0.0,Screening,30,56.39533825,0.92158432,0.91528493,0.623439,0.81627231,3.41808128,0.04013252,3775,SUCCESS
ijcnn1,SCS,False,0.01,0.05,Baseline,30,61.33169507,0.92428486,0.91756964,0.62244389,0.0,87.86112928,0.0,12275,SUCCESS
ijcnn1,SCS,False,0.01,0.05,Screening,30,61.33169513,0.92428486,0.91756975,0.62244389,0.80198793,2.46294904,0.04140639,2500,SUCCESS
ijcnn1,SCS,False,0.05,0.0,Baseline,30,275.40606233,0.92238448,0.91439904,0.62256809,0.0,136.67670703,0.0,20000,SUCCESS
ijcnn1,SCS,False,0.05,0.0,Screening,30,275.40606754,0.92268454,0.91439562,0.62384428,0.6329197,35.30986404,0.05190802,21450,SUCCESS
ijcnn1,SCS,False,0.05,0.05,Baseline,30,301.53150962,0.92528506,0.91612803,0.62138875,0.0,141.24716115,0.0,20000,SUCCESS
ijcnn1,SCS,False,0.05,0.05,Screening,30,301.53147901,0.92528506,0.91613431,0.62138875,0.54624449,33.94630861,0.0496695,15200,SUCCESS
ijcnn1,SCS,False,0.1,0.0,Baseline,30,549.00531925,0.92218444,0.91433253,0.62306202,0.0,136.95038509,0.0,20000,SUCCESS
ijcnn1,SCS,False,0.1,0.0,Screening,30,549.00513619,0.92218444,0.91432591,0.62306202,0.60153784,40.798594,0.04539442,21650,SUCCESS
ijcnn1,SCS,False,0.1,0.05,Baseline,30,601.61028627,0.92528506,0.91614937,0.62138875,0.0,140.58264518,0.0,20000,SUCCESS
ijcnn1,SCS,False,0.1,0.05,Screening,30,601.61008375,0.92518504,0.9161634,0.62107396,0.55299597,21.37161279,0.04755688,8475,SUCCESS
ijcnn1,SCS,True,0.01,0.0,Baseline,1,56.32610866,0.91928386,0.9257829,0.63500678,0.0,99.17944574,0.0,14750,SUCCESS
ijcnn1,SCS,True,0.01,0.0,Screening,1,56.32610878,0.91928386,0.92578427,0.63500678,0.81752258,4.6291976,0.04802346,5175,SUCCESS
ijcnn1,SCS,True,0.01,0.05,Baseline,1,61.18960529,0.9214843,0.92699154,0.63808207,0.0,101.10818791,0.0,13800,SUCCESS
ijcnn1,SCS,True,0.01,0.05,Screening,1,61.18960541,0.9214843,0.9269912,0.63808207,0.80292564,3.16700244,0.04453397,3375,SUCCESS
ijcnn1,SCS,True,0.05,0.0,Baseline,1,275.10939441,0.92108422,0.92551525,0.63556582,0.0,137.07013202,0.0,20000,SUCCESS
ijcnn1,SCS,True,0.05,0.0,Screening,1,275.10939065,0.92108422,0.92551479,0.63556582,0.63782702,34.18896222,0.05500054,21050,SUCCESS
ijcnn1,SCS,True,0.05,0.05,Baseline,1,301.01146247,0.91978396,0.92611581,0.63545455,0.0,142.8981173,0.0,19775,SUCCESS
ijcnn1,SCS,True,0.05,0.05,Screening,1,301.01146317,0.91978396,0.92611512,0.63545455,0.80736411,2.9598825,0.03548717,3400,SUCCESS
ijcnn1,SCS,True,0.1,0.0,Baseline,1,548.40552709,0.92108422,0.9255505,0.63657301,0.0,134.41460109,0.0,20000,SUCCESS
ijcnn1,SCS,True,0.1,0.0,Screening,1,548.40547377,0.92108422,0.92554571,0.63657301,0.68089895,33.1002419,0.04788518,21650,SUCCESS
ijcnn1,SCS,True,0.1,0.05,Baseline,1,600.60019157,0.919984,0.92600594,0.63735267,0.0,141.23059082,0.0,20000,SUCCESS
ijcnn1,SCS,True,0.1,0.05,Screening,1,600.60006298,0.919984,0.92600252,0.63735267,0.59850592,44.99761319,0.08482885,22000,SUCCESS
ijcnn1,SCS,True,0.01,0.0,Baseline,2,56.6492159,0.92128426,0.92486541,0.64113087,0.0,91.34454012,0.0,13525,SUCCESS
ijcnn1,SCS,True,0.01,0.0,Screening,2,56.64921603,0.92128426,0.92486701,0.64113087,0.81611603,3.17953563,0.03459144,4275,SUCCESS
ijcnn1,SCS,True,0.01,0.05,Baseline,2,61.5521339,0.92308462,0.9261943,0.64545874,0.0,140.48809624,0.0,20000,SUCCESS
ijcnn1,SCS,True,0.01,0.05,Screening,2,61.55213356,0.92308462,0.92619065,0.64545874,0.55821586,32.08444285,0.0454545,15450,SUCCESS
ijcnn1,SCS,True,0.05,0.0,Baseline,2,276.61790681,0.92658532,0.92448892,0.64299611,0.0,133.40646911,0.0,20000,SUCCESS
ijcnn1,SCS,True,0.05,0.0,Screening,2,276.61785258,0.92668534,0.92447728,0.643309,0.62988779,32.0354948,0.04175806,18725,SUCCESS
ijcnn1,SCS,True,0.05,0.05,Baseline,2,302.83569498,0.92538508,0.92533522,0.6464455,0.0,141.72227097,0.0,20000,SUCCESS
ijcnn1,SCS,True,0.05,0.05,Screening,2,302.83569102,0.92538508,0.92533054,0.6464455,0.55677805,37.14333916,0.04960155,17150,SUCCESS
ijcnn1,SCS,True,0.1,0.0,Baseline,2,551.39463367,0.9259852,0.92455771,0.64320154,0.0,134.66640258,0.0,20000,SUCCESS
ijcnn1,SCS,True,0.1,0.0,Screening,2,551.39397975,0.92588518,0.92455224,0.64323544,0.62335511,35.14828539,0.04733324,18300,SUCCESS
ijcnn1,SCS,True,0.1,0.05,Baseline,2,604.24155801,0.9254851,0.92513009,0.64742073,0.0,139.29345727,0.0,20000,SUCCESS
ijcnn1,SCS,True,0.1,0.05,Screening,2,604.24152601,0.9254851,0.92514002,0.64742073,0.56524865,46.03250074,0.05479908,21800,SUCCESS
ijcnn1,SCS,True,0.01,0.0,Baseline,3,56.18991613,0.92138428,0.91059754,0.62748815,0.0,125.93194675,0.0,18700,SUCCESS
ijcnn1,SCS,True,0.01,0.0,Screening,3,56.18991627,0.92138428,0.91059685,0.62748815,0.8175851,3.07300472,0.03402925,4150,SUCCESS
ijcnn1,SCS,True,0.01,0.05,Baseline,3,61.13300738,0.92318464,0.91179271,0.61942517,0.0,63.28046894,0.0,8975,SUCCESS
ijcnn1,SCS,True,0.01,0.05,Screening,3,61.13300733,0.92318464,0.9117926,0.61942517,0.80164411,2.39085627,0.03524017,2525,SUCCESS
ijcnn1,SCS,True,0.05,0.0,Baseline,3,274.32143989,0.92328466,0.91093398,0.61553885,0.0,136.46609163,0.0,20000,SUCCESS
ijcnn1,SCS,True,0.05,0.0,Screening,3,274.32143072,0.92338468,0.91093181,0.61623246,0.61047729,23.04166317,0.04186893,11800,SUCCESS
ijcnn1,SCS,True,0.05,0.05,Baseline,3,300.4899958,0.92118424,0.91113603,0.62583096,0.0,141.09361172,0.0,20000,SUCCESS
ijcnn1,SCS,True,0.05,0.05,Screening,3,300.48997294,0.92118424,0.91112496,0.62583096,0.57393805,25.72891665,0.04468513,11175,SUCCESS
ijcnn1,SCS,True,0.1,0.0,Baseline,3,546.78949298,0.92128426,0.91070626,0.62398471,0.0,134.11179352,0.0,20000,SUCCESS
ijcnn1,SCS,True,0.1,0.0,Screening,3,546.78942684,0.92128426,0.91071139,0.62398471,0.63413872,34.48655748,0.05775738,21350,SUCCESS
ijcnn1,SCS,True,0.1,0.05,Baseline,3,599.49629391,0.92138428,0.91111013,0.62642586,0.0,140.3940804,0.0,20000,SUCCESS
ijcnn1,SCS,True,0.1,0.05,Screening,3,599.49603575,0.92138428,0.91115097,0.62535748,0.56299816,46.79997897,0.06969833,21900,SUCCESS
ijcnn1,SCS,True,0.01,0.0,Baseline,4,56.37853742,0.92588518,0.91594777,0.62707599,0.0,77.95833778,0.0,11400,SUCCESS
ijcnn1,SCS,True,0.01,0.0,Screening,4,56.37853749,0.92588518,0.91594869,0.62707599,0.81570969,2.16680551,0.03438878,2450,SUCCESS
ijcnn1,SCS,True,0.01,0.05,Baseline,4,61.26328021,0.92258452,0.91748909,0.62058824,0.0,103.97937989,0.0,14650,SUCCESS
ijcnn1,SCS,True,0.01,0.05,Screening,4,61.26328024,0.92258452,0.91748989,0.62058824,0.80051886,3.43587422,0.05537677,2525,SUCCESS
ijcnn1,SCS,True,0.05,0.0,Baseline,4,275.37511142,0.92458492,0.91584373,0.62562066,0.0,134.11005354,0.0,20000,SUCCESS
ijcnn1,SCS,True,0.05,0.0,Screening,4,275.37510743,0.92458492,0.915837,0.62562066,0.63660801,33.52162004,0.05666351,21150,SUCCESS
ijcnn1,SCS,True,0.05,0.05,Baseline,4,301.3099463,0.92568514,0.91650224,0.62531518,0.0,140.18079853,0.0,20000,SUCCESS
ijcnn1,SCS,True,0.05,0.05,Screening,4,301.30991951,0.92558512,0.91649836,0.62462159,0.5961304,32.67732716,0.04483104,16750,SUCCESS
ijcnn1,SCS,True,0.1,0.0,Baseline,4,548.95614751,0.9239848,0.91588229,0.62338949,0.0,135.02579498,0.0,20000,SUCCESS
ijcnn1,SCS,True,0.1,0.0,Screening,4,548.95608031,0.92408482,0.91588754,0.62369856,0.56859313,43.47026753,0.04666901,21500,SUCCESS
ijcnn1,SCS,True,0.1,0.05,Baseline,4,601.17886416,0.92588518,0.91635016,0.62556847,0.0,140.37728071,0.0,20000,SUCCESS
ijcnn1,SCS,True,0.1,0.05,Screening,4,601.1786802,0.92588518,0.91637743,0.62594649,0.61710374,41.85850358,0.05395961,21875,SUCCESS
ijcnn1,SCS,True,0.01,0.0,Baseline,5,56.77220496,0.92958592,0.91831166,0.64408493,0.0,134.14768839,0.0,20000,SUCCESS
ijcnn1,SCS,True,0.01,0.0,Screening,5,56.7722045,0.92968594,0.91832011,0.64441072,0.71296846,13.6118722,0.05955362,9350,SUCCESS
ijcnn1,SCS,True,0.01,0.05,Baseline,5,61.58011931,0.93188638,0.91986679,0.64176749,0.0,55.94307208,0.0,7850,SUCCESS
ijcnn1,SCS,True,0.01,0.05,Screening,5,61.58011926,0.93188638,0.91986747,0.64176749,0.80183165,3.48914814,0.06584144,2725,SUCCESS
ijcnn1,SCS,True,0.05,0.0,Baseline,5,277.62875996,0.92268454,0.91840168,0.63451537,0.0,135.7147243,0.0,20000,SUCCESS
ijcnn1,SCS,True,0.05,0.0,Screening,5,277.62872019,0.92258452,0.91839392,0.6342155,0.63191948,35.100595,0.0461421,21175,SUCCESS
ijcnn1,SCS,True,0.05,0.05,Baseline,5,303.15539982,0.93108622,0.91847355,0.64095883,0.0,139.33342218,0.0,20000,SUCCESS
ijcnn1,SCS,True,0.05,0.05,Screening,5,303.15538776,0.93108622,0.91847971,0.64095883,0.55699684,27.75706434,0.04453754,11450,SUCCESS
ijcnn1,SCS,True,0.1,0.0,Baseline,5,553.54629349,0.93178636,0.91835182,0.64105263,0.0,135.7075119,0.0,20000,SUCCESS
ijcnn1,SCS,True,0.1,0.0,Screening,5,553.54596752,0.93178636,0.91835616,0.64105263,0.63507642,31.97047091,0.04742932,16600,SUCCESS
ijcnn1,SCS,True,0.1,0.05,Baseline,5,604.95716462,0.93128626,0.91848131,0.64237376,0.0,138.59369469,0.0,20000,SUCCESS
ijcnn1,SCS,True,0.1,0.05,Screening,5,604.95710068,0.93118624,0.91849637,0.64166667,0.49654612,31.29074717,0.05017042,11775,SUCCESS
ijcnn1,SCS,True,0.01,0.0,Baseline,6,56.59935318,0.92388478,0.91796792,0.62345374,0.0,108.45844364,0.0,16100,SUCCESS
ijcnn1,SCS,True,0.01,0.0,Screening,6,56.59935302,0.92388478,0.91796837,0.62345374,0.81605351,3.50348854,0.0709343,3600,SUCCESS
ijcnn1,SCS,True,0.01,0.05,Baseline,6,61.47539681,0.92378476,0.91942436,0.62013958,0.0,70.63007641,0.0,10025,SUCCESS
ijcnn1,SCS,True,0.01,0.05,Screening,6,61.47539679,0.92378476,0.91942413,0.62013958,0.80167537,2.15643144,0.03562808,2100,SUCCESS
ijcnn1,SCS,True,0.05,0.0,Baseline,6,276.57596368,0.9219844,0.91804858,0.62209302,0.0,121.45052028,0.0,17900,SUCCESS
ijcnn1,SCS,True,0.05,0.0,Screening,6,276.57596413,0.9219844,0.91804892,0.62209302,0.82221111,3.06279922,0.03579903,4175,SUCCESS
ijcnn1,SCS,True,0.05,0.05,Baseline,6,302.42403679,0.92238448,0.91826728,0.62146341,0.0,142.32720876,0.0,20000,SUCCESS
ijcnn1,SCS,True,0.05,0.05,Screening,6,302.42401038,0.9224845,0.91826626,0.62176672,0.55390242,35.73303962,0.07347202,16625,SUCCESS
ijcnn1,SCS,True,0.1,0.0,Baseline,6,551.39370813,0.92558512,0.91795868,0.62118126,0.0,135.416152,0.0,20000,SUCCESS
ijcnn1,SCS,True,0.1,0.0,Screening,6,551.39360939,0.92558512,0.91796084,0.62118126,0.62988779,29.4238503,0.06168985,16000,SUCCESS
ijcnn1,SCS,True,0.1,0.05,Baseline,6,603.43451044,0.92268454,0.91796358,0.62163485,0.0,141.13787913,0.0,20000,SUCCESS
ijcnn1,SCS,True,0.1,0.05,Screening,6,603.43434502,0.92268454,0.91797522,0.62163485,0.58350264,43.70141792,0.0583787,21800,SUCCESS
ijcnn1,SCS,True,0.01,0.0,Baseline,7,57.12289232,0.93028606,0.92231704,0.64238071,0.0,92.13474321,0.0,13800,SUCCESS
ijcnn1,SCS,True,0.01,0.0,Screening,7,57.12289253,0.93028606,0.92231693,0.64238071,0.8143969,4.8709085,0.06713128,5075,SUCCESS
ijcnn1,SCS,True,0.01,0.05,Baseline,7,61.87310379,0.93108622,0.92393217,0.64319006,0.0,74.74072123,0.0,10725,SUCCESS
ijcnn1,SCS,True,0.01,0.05,Screening,7,61.87310386,0.93108622,0.92393217,0.64319006,0.79917482,2.90855789,0.04326248,2575,SUCCESS
ijcnn1,SCS,True,0.05,0.0,Baseline,7,279.35491245,0.92868574,0.92195938,0.64720435,0.0,134.69420028,0.0,20000,SUCCESS
ijcnn1,SCS,True,0.05,0.0,Screening,7,279.3548895,0.92868574,0.92196702,0.64720435,0.60313194,38.22774744,0.05801249,21300,SUCCESS
ijcnn1,SCS,True,0.05,0.05,Baseline,7,304.89292157,0.92978596,0.92248133,0.64935065,0.0,142.78957796,0.0,20000,SUCCESS
ijcnn1,SCS,True,0.05,0.05,Screening,7,304.89291787,0.92958592,0.92249433,0.648,0.50210984,29.2290349,0.04512906,11150,SUCCESS
ijcnn1,SCS,True,0.1,0.0,Baseline,7,556.97166769,0.92908582,0.92168032,0.64743909,0.0,137.7817421,0.0,20000,SUCCESS
ijcnn1,SCS,True,0.1,0.0,Screening,7,556.97142281,0.92508502,0.92165727,0.64316341,0.61922921,35.23753548,0.04758906,18750,SUCCESS
ijcnn1,SCS,True,0.1,0.05,Baseline,7,608.51057665,0.92988598,0.92256438,0.64720684,0.0,145.60444307,0.0,20000,SUCCESS
ijcnn1,SCS,True,0.1,0.05,Screening,7,608.51043998,0.92978596,0.92256461,0.64688129,0.49995311,54.5261929,0.06162238,21850,SUCCESS
ijcnn1,SCS,True,0.01,0.0,Baseline,8,56.18786258,0.92778556,0.91896219,0.62119622,0.0,39.13864708,0.0,5600,SUCCESS
ijcnn1,SCS,True,0.01,0.0,Screening,8,56.1878627,0.92778556,0.91896185,0.62119622,0.81667865,2.70324397,0.03956318,3200,SUCCESS
ijcnn1,SCS,True,0.01,0.05,Baseline,8,61.04454517,0.92718544,0.92041076,0.62318841,0.0,96.50757313,0.0,13475,SUCCESS
ijcnn1,SCS,True,0.01,0.05,Screening,8,61.04454506,0.92708542,0.92041281,0.6224754,0.80270684,3.31596065,0.06365752,2675,SUCCESS
ijcnn1,SCS,True,0.05,0.0,Baseline,8,274.39799604,0.92818564,0.91913526,0.61727079,0.0,137.20556092,0.0,20000,SUCCESS
ijcnn1,SCS,True,0.05,0.0,Screening,8,274.39798838,0.92818564,0.91913743,0.61727079,0.6356703,35.29584551,0.04779005,21175,SUCCESS
ijcnn1,SCS,True,0.05,0.05,Baseline,8,300.24484574,0.92528506,0.91966337,0.62817322,0.0,144.16002584,0.0,20000,SUCCESS
ijcnn1,SCS,True,0.05,0.05,Screening,8,300.24484026,0.92528506,0.91965014,0.62817322,0.59563029,41.65045452,0.04547405,21275,SUCCESS
ijcnn1,SCS,True,0.1,0.0,Baseline,8,546.97289165,0.92558512,0.91904741,0.62079511,0.0,135.21695399,0.0,20000,SUCCESS
ijcnn1,SCS,True,0.1,0.0,Screening,8,546.97288118,0.92578516,0.91904137,0.62142857,0.62629325,34.03911877,0.05021214,21300,SUCCESS
ijcnn1,SCS,True,0.1,0.05,Baseline,8,599.04943717,0.92718544,0.91947741,0.62004175,0.0,144.56001544,0.0,20000,SUCCESS
ijcnn1,SCS,True,0.1,0.05,Screening,8,599.0492702,0.92718544,0.91948528,0.62043796,0.57731379,49.17317796,0.05819726,21925,SUCCESS
ijcnn1,SCS,True,0.01,0.0,Baseline,9,56.24789496,0.91738348,0.91786227,0.62556664,0.0,45.76914382,0.0,6375,SUCCESS
ijcnn1,SCS,True,0.01,0.0,Screening,9,56.24789493,0.91738348,0.91786421,0.62556664,0.81755384,4.27080035,0.04925084,4725,SUCCESS
ijcnn1,SCS,True,0.01,0.05,Baseline,9,61.17470184,0.9239848,0.91938602,0.63320463,0.0,138.76888967,0.0,18600,SUCCESS
ijcnn1,SCS,True,0.01,0.05,Screening,9,61.1747019,0.9239848,0.91938796,0.63320463,0.80280061,2.67771506,0.04785061,2500,SUCCESS
ijcnn1,SCS,True,0.05,0.0,Baseline,9,274.74783242,0.92228446,0.918482,0.63469676,0.0,141.39150643,0.0,20000,SUCCESS
ijcnn1,SCS,True,0.05,0.0,Screening,9,274.74780622,0.92228446,0.91847161,0.63469676,0.63795205,17.33413124,0.04069042,8325,SUCCESS
ijcnn1,SCS,True,0.05,0.05,Baseline,9,300.68081279,0.92588518,0.91792685,0.63371231,0.0,143.66557264,0.0,20000,SUCCESS
ijcnn1,SCS,True,0.05,0.05,Screening,9,300.68137189,0.9259852,0.91790083,0.63402572,0.6260432,7.79036522,0.06441903,1300,SUCCESS
ijcnn1,SCS,True,0.1,0.0,Baseline,9,547.70764181,0.92178436,0.91851679,0.63320826,0.0,137.83359289,0.0,20000,SUCCESS
ijcnn1,SCS,True,0.1,0.0,Screening,9,547.70752766,0.92178436,0.91853653,0.63320826,0.63073172,38.05767512,0.04646087,21825,SUCCESS
ijcnn1,SCS,True,0.1,0.05,Baseline,9,599.90701546,0.9224845,0.91797454,0.63356974,0.0,145.99137592,0.0,20000,SUCCESS
ijcnn1,SCS,True,0.1,0.05,Screening,9,599.90689258,0.9224845,0.91797636,0.63356974,0.52095771,52.32134652,0.05267048,21650,SUCCESS
ijcnn1,SCS,True,0.01,0.0,Baseline,10,55.81368704,0.92528506,0.92218356,0.62891207,0.0,29.17343235,0.0,4225,SUCCESS
ijcnn1,SCS,True,0.01,0.0,Screening,10,55.81368699,0.92528506,0.92218322,0.62891207,0.81899165,2.82973361,0.03610826,3550,SUCCESS
ijcnn1,SCS,True,0.01,0.05,Baseline,10,60.69417565,0.9264853,0.92306682,0.62519123,0.0,139.31476521,0.0,20000,SUCCESS
ijcnn1,SCS,True,0.01,0.05,Screening,10,60.69417536,0.9264853,0.92306557,0.62519123,0.53355421,20.55883932,0.04430771,8850,SUCCESS
ijcnn1,SCS,True,0.05,0.0,Baseline,10,272.57905538,0.92208442,0.92196405,0.63167849,0.0,136.25677299,0.0,20000,SUCCESS
ijcnn1,SCS,True,0.05,0.0,Screening,10,272.5790278,0.9219844,0.92196542,0.63137996,0.61535336,37.36945319,0.05148363,21250,SUCCESS
ijcnn1,SCS,True,0.05,0.05,Baseline,10,298.32017908,0.92168434,0.92244607,0.63048608,0.0,141.84059834,0.0,20000,SUCCESS
ijcnn1,SCS,True,0.05,0.05,Screening,10,298.32012655,0.92168434,0.92245394,0.63048608,0.59531773,41.75145769,0.07277536,21550,SUCCESS
ijcnn1,SCS,True,0.1,0.0,Baseline,10,543.35665167,0.92178436,0.92207928,0.63043478,0.0,135.487638,0.0,20000,SUCCESS
ijcnn1,SCS,True,0.1,0.0,Screening,10,543.35666781,0.92178436,0.92207962,0.63043478,0.64932954,35.23542809,0.05555487,21500,SUCCESS
ijcnn1,SCS,True,0.1,0.05,Baseline,10,595.18745354,0.92188438,0.92245326,0.63108172,0.0,141.29349947,0.0,20000,SUCCESS
ijcnn1,SCS,True,0.1,0.05,Screening,10,595.18735342,0.92178436,0.92245383,0.63078376,0.5202388,50.53018165,0.08192253,21750,SUCCESS
ijcnn1,SCS,True,0.01,0.0,Baseline,11,56.61193847,0.93008602,0.91385735,0.62318059,0.0,118.62619257,0.0,17500,SUCCESS
ijcnn1,SCS,True,0.01,0.0,Screening,11,56.61193844,0.93008602,0.91385701,0.62318059,0.81530335,3.86577821,0.04067755,5100,SUCCESS
ijcnn1,SCS,True,0.01,0.05,Baseline,11,61.44142233,0.929986,0.91570922,0.62121212,0.0,142.8175571,0.0,20000,SUCCESS
ijcnn1,SCS,True,0.01,0.05,Screening,11,61.44142228,0.929986,0.91570933,0.62121212,0.48535617,15.42328095,0.04537845,5800,SUCCESS
ijcnn1,SCS,True,0.05,0.0,Baseline,11,276.7133154,0.93008602,0.91398992,0.62640299,0.0,135.59005857,0.0,20000,SUCCESS
ijcnn1,SCS,True,0.05,0.0,Screening,11,276.71330757,0.93008602,0.91398981,0.62640299,0.61979183,33.3019762,0.04854202,19475,SUCCESS
ijcnn1,SCS,True,0.05,0.05,Baseline,11,302.37652187,0.92978596,0.91443486,0.61343612,0.0,141.84307742,0.0,20000,SUCCESS
ijcnn1,SCS,True,0.05,0.05,Screening,11,302.3765111,0.92978596,0.91444547,0.61343612,0.53433564,42.76715684,0.05252886,18775,SUCCESS
ijcnn1,SCS,True,0.1,0.0,Baseline,11,551.66579974,0.93018604,0.91403978,0.62832801,0.0,134.27959466,0.0,20000,SUCCESS
ijcnn1,SCS,True,0.1,0.0,Screening,11,551.66560549,0.93008602,0.91407195,0.62799361,0.61729128,30.93266749,0.05376554,15925,SUCCESS
ijcnn1,SCS,True,0.1,0.05,Baseline,11,603.37068938,0.929986,0.91437519,0.61325967,0.0,141.5092752,0.0,20000,SUCCESS
ijcnn1,SCS,True,0.1,0.05,Screening,11,603.37062999,0.93008602,0.91437805,0.61359867,0.47291595,29.52410936,0.04825115,10000,SUCCESS
ijcnn1,SCS,True,0.01,0.0,Baseline,12,55.93009092,0.92928586,0.91539091,0.64020356,0.0,87.59318447,0.0,13000,SUCCESS
ijcnn1,SCS,True,0.01,0.0,Screening,12,55.93009085,0.92928586,0.91538897,0.64020356,0.81780389,3.41170669,0.03433466,3900,SUCCESS
ijcnn1,SCS,True,0.01,0.05,Baseline,12,60.87055516,0.9189838,0.91698346,0.63215259,0.0,138.10459614,0.0,20000,SUCCESS
ijcnn1,SCS,True,0.01,0.05,Screening,12,60.87055509,0.9189838,0.91698437,0.63215259,0.63504517,9.73267674,0.05615759,4550,SUCCESS
ijcnn1,SCS,True,0.05,0.0,Baseline,12,272.84945943,0.92368474,0.9149332,0.63992449,0.0,135.22518253,0.0,20000,SUCCESS
ijcnn1,SCS,True,0.05,0.0,Screening,12,272.84944346,0.92368474,0.91493251,0.63992449,0.61150877,36.93160844,0.04196239,21300,SUCCESS
ijcnn1,SCS,True,0.05,0.05,Baseline,12,299.15771188,0.9279856,0.91550591,0.64391691,0.0,141.79867673,0.0,20000,SUCCESS
ijcnn1,SCS,True,0.05,0.05,Screening,12,299.15768853,0.9279856,0.915492,0.64426877,0.58603445,15.27195144,0.04401183,5775,SUCCESS
ijcnn1,SCS,True,0.1,0.0,Baseline,12,543.82065318,0.92258452,0.91471324,0.63764045,0.0,134.71322131,0.0,20000,SUCCESS
ijcnn1,SCS,True,0.1,0.0,Screening,12,543.8203779,0.92258452,0.91474096,0.63764045,0.65676867,33.95265293,0.0601747,21325,SUCCESS
ijcnn1,SCS,True,0.1,0.05,Baseline,12,596.84686267,0.9284857,0.91556684,0.64551314,0.0,143.26090145,0.0,20000,SUCCESS
ijcnn1,SCS,True,0.1,0.05,Screening,12,596.84670104,0.92408482,0.91556809,0.63977219,0.61000844,43.50350022,0.05646443,21925,SUCCESS
ijcnn1,SCS,True,0.01,0.0,Baseline,13,56.66862918,0.9259852,0.92351655,0.64457253,0.0,94.70714545,0.0,13750,SUCCESS
ijcnn1,SCS,True,0.01,0.0,Screening,13,56.66862929,0.9259852,0.92351633,0.64457253,0.81433439,2.75393128,0.03363442,3500,SUCCESS
ijcnn1,SCS,True,0.01,0.05,Baseline,13,61.50358089,0.91928386,0.92474904,0.63434527,0.0,51.08590531,0.0,7050,SUCCESS
ijcnn1,SCS,True,0.01,0.05,Screening,13,61.50358084,0.91928386,0.92474733,0.63434527,0.8013628,2.39736509,0.03534222,2450,SUCCESS
ijcnn1,SCS,True,0.05,0.0,Baseline,13,276.95317309,0.92568514,0.92329842,0.64500717,0.0,136.13670492,0.0,20000,SUCCESS
ijcnn1,SCS,True,0.05,0.0,Screening,13,276.95315749,0.92568514,0.9232942,0.64500717,0.6018504,25.72449088,0.05351067,12700,SUCCESS
ijcnn1,SCS,True,0.05,0.05,Baseline,13,302.7169959,0.92468494,0.92350298,0.64363464,0.0,143.61909556,0.0,20000,SUCCESS
ijcnn1,SCS,True,0.05,0.05,Screening,13,302.71696399,0.92468494,0.92351895,0.64329702,0.51201825,49.74238014,0.05379939,21100,SUCCESS
ijcnn1,SCS,True,0.1,0.0,Baseline,13,552.15391265,0.92618524,0.92334018,0.64621285,0.0,135.89405775,0.0,20000,SUCCESS
ijcnn1,SCS,True,0.1,0.0,Screening,13,552.153847,0.92618524,0.92333344,0.64621285,0.61613478,36.4094851,0.05156279,18250,SUCCESS
ijcnn1,SCS,True,0.1,0.05,Baseline,13,604.03224008,0.92478496,0.9234886,0.64393939,0.0,142.75662827,0.0,20000,SUCCESS
ijcnn1,SCS,True,0.1,0.05,Screening,13,604.03207942,0.92468494,0.9234829,0.64363464,0.54036821,49.35402751,0.05883265,21800,SUCCESS
ijcnn1,SCS,True,0.01,0.0,Baseline,14,56.19922884,0.92008402,0.91659659,0.61678657,0.0,90.82754278,0.0,13350,SUCCESS
ijcnn1,SCS,True,0.01,0.0,Screening,14,56.19922876,0.92008402,0.91659647,0.61678657,0.81705373,5.36083937,0.04555464,7700,SUCCESS
ijcnn1,SCS,True,0.01,0.05,Baseline,14,61.08617253,0.92508502,0.91799108,0.61211807,0.0,120.1027863,0.0,16775,SUCCESS
ijcnn1,SCS,True,0.01,0.05,Screening,14,61.0861726,0.92508502,0.91799062,0.61211807,0.80280061,2.91882849,0.03914452,3175,SUCCESS
ijcnn1,SCS,True,0.05,0.0,Baseline,14,274.47557369,0.92108422,0.91683925,0.61865636,0.0,137.60713243,0.0,20000,SUCCESS
ijcnn1,SCS,True,0.05,0.0,Screening,14,274.47556263,0.92108422,0.91681586,0.61865636,0.60544494,26.22514462,0.05084109,13700,SUCCESS
ijcnn1,SCS,True,0.05,0.05,Baseline,14,300.36066135,0.9234847,0.9172413,0.61499748,0.0,143.87994432,0.0,20000,SUCCESS
ijcnn1,SCS,True,0.05,0.05,Screening,14,300.3606398,0.92338468,0.91724791,0.6143001,0.5378364,40.39280534,0.06984115,16950,SUCCESS
ijcnn1,SCS,True,0.1,0.0,Baseline,14,547.14184034,0.92108422,0.91655426,0.61865636,0.0,136.44140816,0.0,20000,SUCCESS
ijcnn1,SCS,True,0.1,0.0,Screening,14,547.14142969,0.92108422,0.91655187,0.61865636,0.6066327,37.2944603,0.05147147,21425,SUCCESS
ijcnn1,SCS,True,0.1,0.05,Baseline,14,599.27243642,0.92008402,0.91711089,0.61531054,0.0,142.36644769,0.0,20000,SUCCESS
ijcnn1,SCS,True,0.1,0.05,Screening,14,599.27200949,0.92008402,0.91710416,0.61568062,0.53036602,40.66983843,0.06419849,15900,SUCCESS
ijcnn1,SCS,True,0.01,0.0,Baseline,15,55.31373706,0.9234847,0.91284791,0.60176991,0.0,103.70503449,0.0,15075,SUCCESS
ijcnn1,SCS,True,0.01,0.0,Screening,15,55.3137373,0.92338468,0.91284711,0.60145682,0.81946051,2.61810899,0.03591824,3325,SUCCESS
ijcnn1,SCS,True,0.01,0.05,Baseline,15,60.35690205,0.92258452,0.91477918,0.60948537,0.0,103.42982006,0.0,14475,SUCCESS
ijcnn1,SCS,True,0.01,0.05,Screening,15,60.35690202,0.92258452,0.91477827,0.60948537,0.80498859,3.14698362,0.06241345,2375,SUCCESS
ijcnn1,SCS,True,0.05,0.0,Baseline,15,269.58289297,0.9219844,0.91227918,0.60606061,0.0,136.7484479,0.0,20000,SUCCESS
ijcnn1,SCS,True,0.05,0.0,Screening,15,269.58289022,0.9219844,0.91227895,0.60606061,0.63213828,32.50223351,0.04907537,19325,SUCCESS
ijcnn1,SCS,True,0.05,0.05,Baseline,15,296.16778639,0.91768354,0.9138205,0.60678452,0.0,142.36652207,0.0,20000,SUCCESS
ijcnn1,SCS,True,0.05,0.05,Screening,15,296.16776524,0.91768354,0.91381651,0.60678452,0.55896602,34.28458953,0.0454905,16350,SUCCESS
ijcnn1,SCS,True,0.1,0.0,Baseline,15,537.2058784,0.9214843,0.91209721,0.60373549,0.0,135.91267085,0.0,20000,SUCCESS
ijcnn1,SCS,True,0.1,0.0,Screening,15,537.20597083,0.9214843,0.91209197,0.60373549,0.65214266,35.06290388,0.05013824,21750,SUCCESS
ijcnn1,SCS,True,0.1,0.05,Baseline,15,590.75777196,0.92268454,0.91349786,0.60979303,0.0,142.60752106,0.0,20000,SUCCESS
ijcnn1,SCS,True,0.1,0.05,Screening,15,590.75759838,0.92278456,0.9135273,0.61010101,0.56193542,32.6890862,0.06470251,13725,SUCCESS
ijcnn1,SCS,True,0.01,0.0,Baseline,16,56.18618196,0.9264853,0.92032622,0.62897527,0.0,134.09377503,0.0,20000,SUCCESS
ijcnn1,SCS,True,0.01,0.0,Screening,16,56.1861815,0.92658532,0.92033032,0.62929293,0.64464102,10.44420195,0.0439477,5700,SUCCESS
ijcnn1,SCS,True,0.01,0.05,Baseline,16,61.07353871,0.92768554,0.92135814,0.63131056,0.0,141.20996141,0.0,20000,SUCCESS
ijcnn1,SCS,True,0.01,0.05,Screening,16,61.07353865,0.92768554,0.92136042,0.63131056,0.54096209,19.46998072,0.04600978,8850,SUCCESS
ijcnn1,SCS,True,0.05,0.0,Baseline,16,274.4646279,0.9284857,0.9201066,0.62348605,0.0,137.16631246,0.0,20000,SUCCESS
ijcnn1,SCS,True,0.05,0.0,Screening,16,274.46497785,0.92858572,0.92014721,0.62341772,0.69959054,6.21394348,0.04106164,1300,SUCCESS
ijcnn1,SCS,True,0.05,0.05,Baseline,16,300.29043806,0.92858572,0.92062946,0.63195876,0.0,141.83283806,0.0,20000,SUCCESS
ijcnn1,SCS,True,0.05,0.05,Screening,16,300.29043584,0.92858572,0.92062957,0.63195876,0.58397149,39.2591126,0.04987073,19350,SUCCESS
ijcnn1,SCS,True,0.1,0.0,Baseline,16,547.14827259,0.92858572,0.92008184,0.62421053,0.0,136.24468803,0.0,20000,SUCCESS
ijcnn1,SCS,True,0.1,0.0,Screening,16,547.14794275,0.92858572,0.92007625,0.62381454,0.61232145,38.29071069,0.05256581,21475,SUCCESS
ijcnn1,SCS,True,0.1,0.05,Baseline,16,599.13455111,0.92838568,0.92061269,0.63016529,0.0,144.51718831,0.0,20000,SUCCESS
ijcnn1,SCS,True,0.1,0.05,Screening,16,599.13431564,0.92858572,0.92059786,0.63119835,0.5627481,41.59382772,0.09204912,18675,SUCCESS
ijcnn1,SCS,True,0.01,0.0,Baseline,17,56.71913515,0.924985,0.92160251,0.63126844,0.0,98.86926532,0.0,14550,SUCCESS
ijcnn1,SCS,True,0.01,0.0,Screening,17,56.71913536,0.924985,0.92160057,0.63126844,0.81564717,3.12184787,0.03625464,4150,SUCCESS
ijcnn1,SCS,True,0.01,0.05,Baseline,17,61.57088414,0.92068414,0.92262257,0.62926601,0.0,50.32770419,0.0,7025,SUCCESS
ijcnn1,SCS,True,0.01,0.05,Screening,17,61.5708842,0.92068414,0.92262291,0.62926601,0.80183165,2.99522638,0.04678345,2200,SUCCESS
ijcnn1,SCS,True,0.05,0.0,Baseline,17,277.16979978,0.92428486,0.92153132,0.63055149,0.0,137.03395557,0.0,20000,SUCCESS
ijcnn1,SCS,True,0.05,0.0,Screening,17,277.1697815,0.92428486,0.92152927,0.63055149,0.66989654,18.43587184,0.05978012,9775,SUCCESS
ijcnn1,SCS,True,0.05,0.05,Baseline,17,303.05594037,0.92638528,0.92166743,0.63528246,0.0,141.88726234,0.0,20000,SUCCESS
ijcnn1,SCS,True,0.05,0.05,Screening,17,303.05592026,0.92628526,0.92168123,0.63496781,0.5332729,34.04680896,0.05069613,15175,SUCCESS
ijcnn1,SCS,True,0.1,0.0,Baseline,17,552.57846778,0.9204841,0.9215652,0.63109049,0.0,137.55925798,0.0,20000,SUCCESS
ijcnn1,SCS,True,0.1,0.0,Screening,17,552.57843587,0.9204841,0.92154398,0.63109049,0.61397806,34.42209649,0.0737083,18500,SUCCESS
ijcnn1,SCS,True,0.1,0.05,Baseline,17,604.71560489,0.92238448,0.92178129,0.63292337,0.0,142.31300426,0.0,20000,SUCCESS
ijcnn1,SCS,True,0.1,0.05,Screening,17,604.71528974,0.92218444,0.92174193,0.63267233,0.5823774,45.42622399,0.06577349,21950,SUCCESS
ijcnn1,SCS,True,0.01,0.0,Baseline,18,56.37542124,0.92528506,0.91694033,0.63001486,0.0,43.16222501,0.0,6325,SUCCESS
ijcnn1,SCS,True,0.01,0.0,Screening,18,56.37542106,0.92528506,0.91693953,0.63001486,0.8173663,3.11944127,0.04460263,3375,SUCCESS
ijcnn1,SCS,True,0.01,0.05,Baseline,18,61.22362271,0.92788558,0.91786581,0.6300667,0.0,141.86973166,0.0,20000,SUCCESS
ijcnn1,SCS,True,0.01,0.05,Screening,18,61.22362184,0.92788558,0.91786353,0.6300667,0.56556122,14.69460154,0.04387808,6350,SUCCESS
ijcnn1,SCS,True,0.05,0.0,Baseline,18,275.36769038,0.92368474,0.91714215,0.62616365,0.0,136.31118894,0.0,20000,SUCCESS
ijcnn1,SCS,True,0.05,0.0,Screening,18,275.36767995,0.92368474,0.91713964,0.62616365,0.61901041,25.04312682,0.0479238,14625,SUCCESS
ijcnn1,SCS,True,0.05,0.05,Baseline,18,301.2090638,0.92568514,0.91750872,0.62905642,0.0,141.64259076,0.0,20000,SUCCESS
ijcnn1,SCS,True,0.05,0.05,Screening,18,301.20903603,0.92568514,0.91751408,0.62905642,0.55630919,31.74862885,0.0477798,15000,SUCCESS
ijcnn1,SCS,True,0.1,0.0,Baseline,18,548.94609958,0.92378476,0.91697707,0.62647059,0.0,137.06669736,0.0,20000,SUCCESS
ijcnn1,SCS,True,0.1,0.0,Screening,18,548.9459624,0.9239848,0.91699087,0.62708538,0.58128341,43.93807864,0.04666519,21500,SUCCESS
ijcnn1,SCS,True,0.1,0.05,Baseline,18,601.02610454,0.92088418,0.91735732,0.62458472,0.0,142.73267794,0.0,20000,SUCCESS
ijcnn1,SCS,True,0.1,0.05,Screening,18,601.02599264,0.92588518,0.91739691,0.62968516,0.54987028,49.69340563,0.08582425,22000,SUCCESS
ijcnn1,SCS,True,0.01,0.0,Baseline,19,56.44986058,0.92058412,0.91409762,0.60848126,0.0,92.08200479,0.0,13325,SUCCESS
ijcnn1,SCS,True,0.01,0.0,Screening,19,56.44986103,0.92058412,0.91409648,0.60848126,0.81602225,2.25300312,0.03439999,2625,SUCCESS
ijcnn1,SCS,True,0.01,0.05,Baseline,19,61.35040834,0.92418484,0.91547454,0.61048304,0.0,142.23205066,0.0,20000,SUCCESS
ijcnn1,SCS,True,0.01,0.05,Screening,19,61.35039349,0.92408482,0.91547751,0.61016949,0.64932954,13.77062321,0.07426,7800,SUCCESS
ijcnn1,SCS,True,0.05,0.0,Baseline,19,275.68012503,0.92188438,0.91337385,0.6085213,0.0,137.10640407,0.0,20000,SUCCESS
ijcnn1,SCS,True,0.05,0.0,Screening,19,275.68031681,0.92208442,0.9133054,0.60952381,0.71659425,8.05403757,0.06961441,1425,SUCCESS
ijcnn1,SCS,True,0.05,0.05,Baseline,19,301.77148286,0.92278456,0.9144311,0.60851927,0.0,143.45987678,0.0,20000,SUCCESS
ijcnn1,SCS,True,0.05,0.05,Screening,19,301.77159093,0.92278456,0.91443041,0.60851927,0.69162004,9.23514652,0.07718086,1575,SUCCESS
ijcnn1,SCS,True,0.1,0.0,Baseline,19,549.52431059,0.92478496,0.9134949,0.61036269,0.0,135.13318062,0.0,20000,SUCCESS
ijcnn1,SCS,True,0.1,0.0,Screening,19,549.52425924,0.92158432,0.91349079,0.60956175,0.62110462,36.17338514,0.04588246,21250,SUCCESS
ijcnn1,SCS,True,0.1,0.05,Baseline,19,602.10402319,0.92408482,0.91444627,0.61176471,0.0,142.41724277,0.0,20000,SUCCESS
ijcnn1,SCS,True,0.1,0.05,Screening,19,602.10386524,0.9239848,0.91442414,0.61145194,0.58800363,45.61643624,0.05835032,21950,SUCCESS
ijcnn1,SCS,True,0.01,0.0,Baseline,20,56.5472387,0.92768554,0.92291634,0.63723031,0.0,90.57399035,0.0,13300,SUCCESS
ijcnn1,SCS,True,0.01,0.0,Screening,20,56.54723865,0.92768554,0.92291543,0.63723031,0.81686619,3.06949329,0.03697157,4000,SUCCESS
ijcnn1,SCS,True,0.01,0.05,Baseline,20,61.38715381,0.92638528,0.92399161,0.63528246,0.0,138.44493556,0.0,19700,SUCCESS
ijcnn1,SCS,True,0.01,0.05,Screening,20,61.3871538,0.92638528,0.92399047,0.63528246,0.80242553,2.60132384,0.0360148,2775,SUCCESS
ijcnn1,SCS,True,0.05,0.0,Baseline,20,276.33992199,0.92868574,0.92292456,0.63640999,0.0,136.15900946,0.0,20000,SUCCESS
ijcnn1,SCS,True,0.05,0.0,Screening,20,276.33989846,0.92868574,0.92291486,0.63640999,0.61232145,20.22880983,0.04022765,10200,SUCCESS
ijcnn1,SCS,True,0.05,0.05,Baseline,20,302.08641672,0.92568514,0.92311109,0.63344845,0.0,140.02983761,0.0,20000,SUCCESS
ijcnn1,SCS,True,0.05,0.05,Screening,20,302.08638642,0.92578516,0.92311508,0.63376111,0.53271028,47.44575262,0.04996967,21175,SUCCESS
ijcnn1,SCS,True,0.1,0.0,Baseline,20,550.90475072,0.92838568,0.92291212,0.6372847,0.0,135.63886905,0.0,20000,SUCCESS
ijcnn1,SCS,True,0.1,0.0,Screening,20,550.90470456,0.92838568,0.92291064,0.6372847,0.63935861,37.51410484,0.04621696,21775,SUCCESS
ijcnn1,SCS,True,0.1,0.05,Baseline,20,602.78234805,0.92588518,0.92291109,0.63443513,0.0,142.42170978,0.0,20000,SUCCESS
ijcnn1,SCS,True,0.1,0.05,Screening,20,602.78232525,0.92588518,0.92292364,0.63443513,0.59356734,43.36260509,0.05394387,21875,SUCCESS
ijcnn1,SCS,True,0.01,0.0,Baseline,21,56.32691419,0.92388478,0.91018237,0.623826,0.0,54.12680554,0.0,7875,SUCCESS
ijcnn1,SCS,True,0.01,0.0,Screening,21,56.32691425,0.92388478,0.91017963,0.623826,0.81689745,2.96580124,0.05159903,3950,SUCCESS
ijcnn1,SCS,True,0.01,0.05,Baseline,21,61.21810975,0.9239848,0.91137013,0.6248766,0.0,141.7392118,0.0,20000,SUCCESS
ijcnn1,SCS,True,0.01,0.05,Screening,21,61.21810962,0.9239848,0.91137002,0.6248766,0.52870941,33.96500158,0.05112457,15450,SUCCESS
ijcnn1,SCS,True,0.05,0.0,Baseline,21,274.99626011,0.92608522,0.9093047,0.61966032,0.0,135.56036925,0.0,20000,SUCCESS
ijcnn1,SCS,True,0.05,0.0,Screening,21,274.99625602,0.92608522,0.90930367,0.61966032,0.63504517,19.22937775,0.04147553,10775,SUCCESS
ijcnn1,SCS,True,0.05,0.05,Baseline,21,301.11888698,0.92338468,0.91049246,0.6237721,0.0,140.49852204,0.0,20000,SUCCESS
ijcnn1,SCS,True,0.05,0.05,Screening,21,301.11886194,0.92338468,0.91050262,0.6237721,0.56490482,27.92915034,0.0726378,12500,SUCCESS
ijcnn1,SCS,True,0.1,0.0,Baseline,21,548.17429672,0.92588518,0.90931325,0.62058372,0.0,135.65994191,0.0,20000,SUCCESS
ijcnn1,SCS,True,0.1,0.0,Screening,21,548.17422659,0.92588518,0.90932626,0.62058372,0.62404276,37.77830219,0.04785609,21525,SUCCESS
ijcnn1,SCS,True,0.1,0.05,Baseline,21,600.81735077,0.92358472,0.91057825,0.62438545,0.0,144.5995481,0.0,20000,SUCCESS
ijcnn1,SCS,True,0.1,0.05,Screening,21,600.81719927,0.92358472,0.91059799,0.62438545,0.55743444,50.27995491,0.07088661,22000,SUCCESS
ijcnn1,SCS,True,0.01,0.0,Baseline,22,56.32053613,0.92858572,0.91883304,0.6345957,0.0,137.27470279,0.0,20000,SUCCESS
ijcnn1,SCS,True,0.01,0.0,Screening,22,56.32053578,0.92858572,0.91882916,0.6345957,0.66289501,10.07437253,0.04287052,5325,SUCCESS
ijcnn1,SCS,True,0.01,0.05,Baseline,22,61.1720109,0.92618524,0.92051241,0.63392857,0.0,106.58574271,0.0,14725,SUCCESS
ijcnn1,SCS,True,0.01,0.05,Screening,22,61.17201113,0.92618524,0.92051298,0.63392857,0.80289438,3.69600248,0.05242324,2950,SUCCESS
ijcnn1,SCS,True,0.05,0.0,Baseline,22,275.21041302,0.92328466,0.91825964,0.63354037,0.0,139.7841115,0.0,20000,SUCCESS
ijcnn1,SCS,True,0.05,0.0,Screening,22,275.21040331,0.92328466,0.91825656,0.63354037,0.61972932,31.99879122,0.05029821,17875,SUCCESS
ijcnn1,SCS,True,0.05,0.05,Baseline,22,300.88476591,0.92468494,0.91996627,0.63142438,0.0,144.24404335,0.0,20000,SUCCESS
ijcnn1,SCS,True,0.05,0.05,Screening,22,300.88473062,0.92468494,0.91995897,0.63142438,0.53939924,28.67879534,0.08112359,11550,SUCCESS
ijcnn1,SCS,True,0.1,0.0,Baseline,22,548.67891084,0.92208442,0.91848998,0.63132986,0.0,138.05621743,0.0,20000,SUCCESS
ijcnn1,SCS,True,0.1,0.0,Screening,22,548.67881133,0.92208442,0.91846876,0.63132986,0.62404276,39.78758264,0.05602527,21725,SUCCESS
ijcnn1,SCS,True,0.1,0.05,Baseline,22,600.36067906,0.9239848,0.91957404,0.63178295,0.0,144.043226,0.0,20000,SUCCESS
ijcnn1,SCS,True,0.1,0.05,Screening,22,600.36048101,0.9239848,0.91958522,0.6314258,0.5865033,43.43311071,0.07958245,20500,SUCCESS
ijcnn1,SCS,True,0.01,0.0,Baseline,23,56.44643329,0.92638528,0.91837635,0.62525458,0.0,105.90406132,0.0,15650,SUCCESS
ijcnn1,SCS,True,0.01,0.0,Screening,23,56.44643339,0.92638528,0.91837589,0.62525458,0.81674116,3.62451196,0.0590992,4125,SUCCESS
ijcnn1,SCS,True,0.01,0.05,Baseline,23,61.25380413,0.92618524,0.91978328,0.61840745,0.0,138.58155584,0.0,19500,SUCCESS
ijcnn1,SCS,True,0.01,0.05,Screening,23,61.25380409,0.92618524,0.91978453,0.61840745,0.80280061,3.65600061,0.04080319,4300,SUCCESS
ijcnn1,SCS,True,0.05,0.0,Baseline,23,275.92299356,0.924985,0.91845484,0.6242485,0.0,135.78656769,0.0,20000,SUCCESS
ijcnn1,SCS,True,0.05,0.0,Screening,23,275.9234748,0.92528506,0.9184375,0.62518816,0.68236802,6.90153646,0.04407096,1225,SUCCESS
ijcnn1,SCS,True,0.05,0.05,Baseline,23,301.45179463,0.92218444,0.91851839,0.62846227,0.0,141.99257684,0.0,20000,SUCCESS
ijcnn1,SCS,True,0.05,0.05,Screening,23,301.45178307,0.92218444,0.9185104,0.62846227,0.54846373,34.872401,0.05296397,15725,SUCCESS
ijcnn1,SCS,True,0.1,0.0,Baseline,23,550.101228,0.92478496,0.91847173,0.62624254,0.0,139.62858081,0.0,20000,SUCCESS
ijcnn1,SCS,True,0.1,0.0,Screening,23,550.1011314,0.92488498,0.91847492,0.62692499,0.60910199,42.11586714,0.08988214,21825,SUCCESS
ijcnn1,SCS,True,0.1,0.05,Baseline,23,601.52300982,0.92528506,0.9184942,0.62593891,0.0,145.07049012,0.0,20000,SUCCESS
ijcnn1,SCS,True,0.1,0.05,Screening,23,601.52291629,0.92538508,0.91849169,0.62625251,0.55677805,47.84898758,0.05671477,21950,SUCCESS
ijcnn1,SCS,True,0.01,0.0,Baseline,24,56.1037316,0.92818564,0.91688842,0.63737374,0.0,68.97107077,0.0,10025,SUCCESS
ijcnn1,SCS,True,0.01,0.0,Screening,24,56.1037315,0.92818564,0.91688899,0.63737374,0.81730379,2.44718361,0.04332066,2700,SUCCESS
ijcnn1,SCS,True,0.01,0.05,Baseline,24,60.93111622,0.92508502,0.9184529,0.63230241,0.0,145.33121443,0.0,20000,SUCCESS
ijcnn1,SCS,True,0.01,0.05,Screening,24,60.93111521,0.92508502,0.91845028,0.63230241,0.56193542,18.61876655,0.08243465,8100,SUCCESS
ijcnn1,SCS,True,0.05,0.0,Baseline,24,274.06073027,0.92508502,0.91633647,0.63085264,0.0,136.34634042,0.0,20000,SUCCESS
ijcnn1,SCS,True,0.05,0.0,Screening,24,274.06073001,0.92968594,0.91632962,0.63818837,0.60372582,38.10947561,0.04644537,21225,SUCCESS
ijcnn1,SCS,True,0.05,0.05,Baseline,24,299.74830736,0.92708542,0.91720376,0.63568216,0.0,143.96746802,0.0,20000,SUCCESS
ijcnn1,SCS,True,0.05,0.05,Screening,24,299.74865256,0.9269854,0.91726662,0.63536464,0.63892101,8.16285491,0.07804799,1250,SUCCESS
ijcnn1,SCS,True,0.1,0.0,Baseline,24,546.33040162,0.92988598,0.91642181,0.63847344,0.0,136.53887272,0.0,20000,SUCCESS
ijcnn1,SCS,True,0.1,0.0,Screening,24,546.33028109,0.92988598,0.91640869,0.63847344,0.59147313,41.16304779,0.05342126,21850,SUCCESS
ijcnn1,SCS,True,0.1,0.05,Baseline,24,598.08960282,0.92738548,0.91718231,0.63590772,0.0,143.52945042,0.0,20000,SUCCESS
ijcnn1,SCS,True,0.1,0.05,Screening,24,598.08947745,0.9274855,0.9171506,0.63659148,0.60260057,44.88453341,0.06136799,21775,SUCCESS
ijcnn1,SCS,True,0.01,0.0,Baseline,25,55.37353834,0.91608322,0.91160789,0.61067285,0.0,135.95116305,0.0,20000,SUCCESS
ijcnn1,SCS,True,0.01,0.0,Screening,25,55.37352979,0.91608322,0.91160447,0.61067285,0.64507861,7.79891181,0.04546833,3925,SUCCESS
ijcnn1,SCS,True,0.01,0.05,Baseline,25,60.46104035,0.91788358,0.91306593,0.61218706,0.0,71.36458898,0.0,10100,SUCCESS
ijcnn1,SCS,True,0.01,0.05,Screening,25,60.4610403,0.91788358,0.91306707,0.61218706,0.8041134,2.32049918,0.03612328,2325,SUCCESS
ijcnn1,SCS,True,0.05,0.0,Baseline,25,269.89546034,0.91708342,0.9116282,0.61024918,0.0,136.07325554,0.0,20000,SUCCESS
ijcnn1,SCS,True,0.05,0.0,Screening,25,269.89541885,0.91718344,0.91163676,0.61053622,0.63779577,32.11971545,0.04273057,19300,SUCCESS
ijcnn1,SCS,True,0.05,0.05,Baseline,25,296.5740174,0.91688338,0.91210155,0.61040788,0.0,143.9036808,0.0,20000,SUCCESS
ijcnn1,SCS,True,0.05,0.05,Screening,25,296.57401263,0.91688338,0.91210121,0.61040788,0.61985434,34.29494643,0.05159307,17800,SUCCESS
ijcnn1,SCS,True,0.1,0.0,Baseline,25,537.85700782,0.91708342,0.91152107,0.60692271,0.0,136.40627956,0.0,20000,SUCCESS
ijcnn1,SCS,True,0.1,0.0,Screening,25,537.85695227,0.9209842,0.91150818,0.60774578,0.63226331,39.31575036,0.05416608,21900,SUCCESS
ijcnn1,SCS,True,0.1,0.05,Baseline,25,591.53654822,0.91318264,0.91211319,0.61215371,0.0,144.37510872,0.0,20000,SUCCESS
ijcnn1,SCS,True,0.1,0.05,Screening,25,591.53637124,0.91318264,0.91213646,0.61284567,0.57400056,45.35167432,0.05064797,21700,SUCCESS
ijcnn1,SCS,True,0.01,0.0,Baseline,26,56.25036688,0.92688538,0.9139711,0.63793957,0.0,135.31350493,0.0,20000,SUCCESS
ijcnn1,SCS,True,0.01,0.0,Screening,26,56.25036607,0.92688538,0.91396208,0.63793957,0.6568937,10.62958384,0.07207751,4550,SUCCESS
ijcnn1,SCS,True,0.01,0.05,Baseline,26,61.10709559,0.92858572,0.91587316,0.63309353,0.0,92.43922567,0.0,12975,SUCCESS
ijcnn1,SCS,True,0.01,0.05,Screening,26,61.10709552,0.92858572,0.9158727,0.63309353,0.80198793,2.38581324,0.03580785,2350,SUCCESS
ijcnn1,SCS,True,0.05,0.0,Baseline,26,274.65007711,0.92968594,0.91388405,0.63781556,0.0,136.12738395,0.0,20000,SUCCESS
ijcnn1,SCS,True,0.05,0.0,Screening,26,274.65007009,0.92978596,0.91387812,0.63814433,0.65976932,28.00156331,0.04264712,17375,SUCCESS
ijcnn1,SCS,True,0.05,0.05,Baseline,26,300.62837168,0.92668534,0.91478979,0.63658899,0.0,143.07763886,0.0,20000,SUCCESS
ijcnn1,SCS,True,0.05,0.05,Screening,26,300.62834577,0.92668534,0.91480085,0.63658899,0.60616385,21.99723029,0.04648137,9675,SUCCESS
ijcnn1,SCS,True,0.1,0.0,Baseline,26,547.43293225,0.92978596,0.91393276,0.63664596,0.0,142.6263423,0.0,20000,SUCCESS
ijcnn1,SCS,True,0.1,0.0,Screening,26,547.43282344,0.92958592,0.91395216,0.63561077,0.59112931,41.77679443,0.05283904,21525,SUCCESS
ijcnn1,SCS,True,0.1,0.05,Baseline,26,599.83010105,0.92668534,0.9148717,0.63658899,0.0,145.79545856,0.0,20000,SUCCESS
ijcnn1,SCS,True,0.1,0.05,Screening,26,599.82997135,0.92668534,0.91487341,0.63658899,0.53099115,52.45824814,0.04993653,21775,SUCCESS
ijcnn1,SCS,True,0.01,0.0,Baseline,27,56.7656912,0.92858572,0.91499366,0.63645621,0.0,137.39409709,0.0,20000,SUCCESS
ijcnn1,SCS,True,0.01,0.0,Screening,27,56.76569062,0.92858572,0.91498944,0.63645621,0.69212015,10.07321286,0.06732678,5400,SUCCESS
ijcnn1,SCS,True,0.01,0.05,Baseline,27,61.55997504,0.92878576,0.91750894,0.6352459,0.0,141.67472219,0.0,20000,SUCCESS
ijcnn1,SCS,True,0.01,0.05,Screening,27,61.56008136,0.92878576,0.91753416,0.63487179,0.55984122,3.78499746,0.05738187,700,SUCCESS
ijcnn1,SCS,True,0.05,0.0,Baseline,27,277.6206808,0.92928586,0.91516057,0.63799283,0.0,137.17925978,0.0,20000,SUCCESS
ijcnn1,SCS,True,0.05,0.0,Screening,27,277.62066419,0.92928586,0.91516844,0.63799283,0.63051292,29.86401796,0.04179955,17950,SUCCESS
ijcnn1,SCS,True,0.05,0.05,Baseline,27,303.08396155,0.92808562,0.91610909,0.63558033,0.0,142.67667508,0.0,20000,SUCCESS
ijcnn1,SCS,True,0.05,0.05,Screening,27,303.08392994,0.92808562,0.9161294,0.63558033,0.4998906,24.47929478,0.04591513,9375,SUCCESS
ijcnn1,SCS,True,0.1,0.0,Baseline,27,553.5313077,0.92918584,0.91515361,0.63766633,0.0,136.39251089,0.0,20000,SUCCESS
ijcnn1,SCS,True,0.1,0.0,Screening,27,553.53099706,0.92928586,0.91514722,0.63799283,0.62201106,40.22190738,0.05474067,21825,SUCCESS
ijcnn1,SCS,True,0.1,0.05,Baseline,27,604.83523712,0.92868574,0.91618759,0.63678044,0.0,142.91671395,0.0,20000,SUCCESS
ijcnn1,SCS,True,0.1,0.05,Screening,27,604.83518483,0.92868574,0.91619124,0.63678044,0.53861782,52.5354507,0.05718279,22000,SUCCESS
ijcnn1,SCS,True,0.01,0.0,Baseline,28,56.08896161,0.91628326,0.91366512,0.61658268,0.0,89.63089895,0.0,12975,SUCCESS
ijcnn1,SCS,True,0.01,0.0,Screening,28,56.08896191,0.91638328,0.91366603,0.61686526,0.81783515,3.46537161,0.05454183,3125,SUCCESS
ijcnn1,SCS,True,0.01,0.05,Baseline,28,60.99978017,0.92318464,0.91610145,0.61714855,0.0,112.27401876,0.0,15650,SUCCESS
ijcnn1,SCS,True,0.01,0.05,Screening,28,60.99978024,0.92318464,0.91609894,0.61714855,0.80333198,2.25174093,0.04517484,2225,SUCCESS
ijcnn1,SCS,True,0.05,0.0,Baseline,28,273.87173439,0.9244849,0.9131467,0.61733401,0.0,138.67326951,0.0,20000,SUCCESS
ijcnn1,SCS,True,0.05,0.0,Screening,28,273.87170959,0.9244849,0.91314796,0.61733401,0.62204232,16.16878486,0.04655957,7350,SUCCESS
ijcnn1,SCS,True,0.05,0.05,Baseline,28,299.87437857,0.92338468,0.91443806,0.61776447,0.0,144.74296188,0.0,20000,SUCCESS
ijcnn1,SCS,True,0.05,0.05,Screening,28,299.87434539,0.92338468,0.91444912,0.61776447,0.53042853,43.58315086,0.0497818,19300,SUCCESS
ijcnn1,SCS,True,0.1,0.0,Baseline,28,545.92615771,0.9244849,0.91298059,0.61733401,0.0,137.62895322,0.0,20000,SUCCESS
ijcnn1,SCS,True,0.1,0.0,Screening,28,545.92591425,0.92438488,0.91302931,0.61779575,0.59903729,40.02851391,0.06339025,21450,SUCCESS
ijcnn1,SCS,True,0.1,0.05,Baseline,28,598.28985545,0.9229846,0.91441592,0.61691542,0.0,144.57481432,0.0,20000,SUCCESS
ijcnn1,SCS,True,0.1,0.05,Screening,28,598.29012317,0.92328466,0.91440143,0.61783757,0.63282593,12.06895947,0.08540988,1925,SUCCESS
ijcnn1,SCS,True,0.01,0.0,Baseline,29,56.21617005,0.91918384,0.91785566,0.62418605,0.0,69.91844225,0.0,10275,SUCCESS
ijcnn1,SCS,True,0.01,0.0,Screening,29,56.21616999,0.91918384,0.91785531,0.62418605,0.81602225,2.99670768,0.03629303,3900,SUCCESS
ijcnn1,SCS,True,0.01,0.05,Baseline,29,61.14205932,0.91668334,0.9198936,0.62494372,0.0,70.98010659,0.0,9900,SUCCESS
ijcnn1,SCS,True,0.01,0.05,Screening,29,61.14205907,0.91668334,0.91989428,0.62494372,0.80083143,2.29721761,0.03625655,2300,SUCCESS
ijcnn1,SCS,True,0.05,0.0,Baseline,29,274.53940537,0.91958392,0.91723205,0.62464986,0.0,139.37934089,0.0,20000,SUCCESS
ijcnn1,SCS,True,0.05,0.0,Screening,29,274.53992084,0.91958392,0.91718368,0.62429907,0.67942988,5.6866858,0.04303718,1050,SUCCESS
ijcnn1,SCS,True,0.05,0.05,Baseline,29,300.54882645,0.91928386,0.91881947,0.62930638,0.0,142.87471604,0.0,20000,SUCCESS
ijcnn1,SCS,True,0.05,0.05,Screening,29,300.54879453,0.91938388,0.91878935,0.63027523,0.55837214,24.51864839,0.04869127,10600,SUCCESS
ijcnn1,SCS,True,0.1,0.0,Baseline,29,547.29101094,0.91938388,0.91713885,0.62546468,0.0,136.51619673,0.0,20000,SUCCESS
ijcnn1,SCS,True,0.1,0.0,Screening,29,547.29098682,0.91938388,0.91714626,0.62546468,0.63470134,39.639323,0.04879427,22000,SUCCESS
ijcnn1,SCS,True,0.1,0.05,Baseline,29,599.63924225,0.91928386,0.91870241,0.62690707,0.0,144.57922649,0.0,20000,SUCCESS
ijcnn1,SCS,True,0.1,0.05,Screening,29,599.6391136,0.91928386,0.91870892,0.62690707,0.55918482,30.48147655,0.04807663,12100,SUCCESS
ijcnn1,SCS,True,0.01,0.0,Baseline,30,56.39533833,0.92158432,0.9152863,0.623439,0.0,110.31171656,0.0,15475,SUCCESS
ijcnn1,SCS,True,0.01,0.0,Screening,30,56.39533816,0.92158432,0.91528538,0.623439,0.81614728,3.12789917,0.04626107,3450,SUCCESS
ijcnn1,SCS,True,0.01,0.05,Baseline,30,61.331695,0.92428486,0.91756975,0.62244389,0.0,99.33682656,0.0,13950,SUCCESS
ijcnn1,SCS,True,0.01,0.05,Screening,30,61.33169508,0.92428486,0.91756975,0.62244389,0.80198793,2.59629774,0.03415751,2800,SUCCESS
ijcnn1,SCS,True,0.05,0.0,Baseline,30,275.40608741,0.92238448,0.91440166,0.62256809,0.0,138.45300865,0.0,20000,SUCCESS
ijcnn1,SCS,True,0.05,0.0,Screening,30,275.40613049,0.9224845,0.91439573,0.62323772,0.64789173,34.13807511,0.06542063,21225,SUCCESS
ijcnn1,SCS,True,0.05,0.05,Baseline,30,301.53147896,0.92528506,0.91613453,0.62138875,0.0,126.11410403,0.0,17500,SUCCESS
ijcnn1,SCS,True,0.05,0.05,Screening,30,301.53147935,0.92528506,0.91613442,0.62138875,0.80689526,4.56614757,0.03689289,5000,SUCCESS
ijcnn1,SCS,True,0.1,0.0,Baseline,30,549.00530535,0.92218444,0.91433321,0.62306202,0.0,138.33195519,0.0,20000,SUCCESS
ijcnn1,SCS,True,0.1,0.0,Screening,30,549.0051108,0.92218444,0.91431963,0.62306202,0.58265871,44.67002344,0.05437732,22000,SUCCESS
ijcnn1,SCS,True,0.1,0.05,Baseline,30,601.61031032,0.92528506,0.91615165,0.62138875,0.0,144.02107573,0.0,20000,SUCCESS
ijcnn1,SCS,True,0.1,0.05,Screening,30,601.61008373,0.92518504,0.9161634,0.62107396,0.60794549,20.52766156,0.06281233,8475,SUCCESS
ijcnn1,CVXOPT,False,0.01,0.0,Baseline,1,56.32610856,0.91928386,0.92578324,0.63500678,0.0,91.15943623,0.0,13300,SUCCESS
ijcnn1,CVXOPT,False,0.01,0.0,Screening,1,56.3261087,0.91928386,0.92578347,0.63500678,0.81752258,3.2941463,0.03599906,4300,SUCCESS
ijcnn1,CVXOPT,False,0.01,0.05,Baseline,1,61.18960531,0.9214843,0.92699154,0.63808207,0.0,111.6702354,0.0,15600,SUCCESS
ijcnn1,CVXOPT,False,0.01,0.05,Screening,1,61.18960531,0.9214843,0.92699359,0.63808207,0.80239427,2.91037154,0.05383062,3050,SUCCESS
ijcnn1,CVXOPT,False,0.05,0.0,Baseline,1,275.10942176,0.92118424,0.92551457,0.63552266,0.0,134.8641088,0.0,20000,SUCCESS
ijcnn1,CVXOPT,False,0.05,0.0,Screening,1,275.1093895,0.92108422,0.92551183,0.63556582,0.63923358,35.6045084,0.05559325,21050,SUCCESS
ijcnn1,CVXOPT,False,0.05,0.05,Baseline,1,301.01146245,0.91978396,0.92611592,0.63545455,0.0,121.40648937,0.0,16825,SUCCESS
ijcnn1,CVXOPT,False,0.05,0.05,Screening,1,301.01146319,0.91978396,0.92611615,0.63545455,0.80755165,2.77205658,0.04777288,1925,SUCCESS
ijcnn1,CVXOPT,False,0.1,0.0,Baseline,1,548.40559949,0.92118424,0.9255521,0.6375345,0.0,136.56854081,0.0,20000,SUCCESS
ijcnn1,CVXOPT,False,0.1,0.0,Screening,1,548.40548199,0.92108422,0.92554446,0.63657301,0.64389085,38.08272147,0.05455017,21800,SUCCESS
ijcnn1,CVXOPT,False,0.1,0.05,Baseline,1,600.60019902,0.919984,0.92601415,0.63735267,0.0,145.75453115,0.0,20000,SUCCESS
ijcnn1,CVXOPT,False,0.1,0.05,Screening,1,600.60006195,0.919984,0.92600274,0.63735267,0.611415,44.63121819,0.05358124,22000,SUCCESS
ijcnn1,CVXOPT,False,0.01,0.0,Baseline,2,56.64921582,0.92128426,0.92486564,0.64113087,0.0,85.4299953,0.0,12375,SUCCESS
ijcnn1,CVXOPT,False,0.01,0.0,Screening,2,56.64921607,0.92128426,0.92486598,0.64113087,0.81502204,2.91285467,0.04770732,3325,SUCCESS
ijcnn1,CVXOPT,False,0.01,0.05,Baseline,2,61.55213371,0.92308462,0.92619247,0.64545874,0.0,143.39381504,0.0,20000,SUCCESS
ijcnn1,CVXOPT,False,0.01,0.05,Screening,2,61.55213356,0.92308462,0.92619065,0.64545874,0.55802832,32.89691234,0.0521884,15650,SUCCESS
ijcnn1,CVXOPT,False,0.05,0.0,Baseline,2,276.61785968,0.9264853,0.92447694,0.64268352,0.0,140.02388525,0.0,20000,SUCCESS
ijcnn1,CVXOPT,False,0.05,0.0,Screening,2,276.61785255,0.92668534,0.92447671,0.643309,0.62988779,28.15311003,0.05059147,15625,SUCCESS
ijcnn1,CVXOPT,False,0.05,0.05,Baseline,2,302.83574859,0.92538508,0.92534252,0.6464455,0.0,140.90726328,0.0,20000,SUCCESS
ijcnn1,CVXOPT,False,0.05,0.05,Screening,2,302.83569175,0.92538508,0.92533111,0.6464455,0.5568093,39.35607505,0.04975939,18500,SUCCESS
ijcnn1,CVXOPT,False,0.1,0.0,Baseline,2,551.3941381,0.92608522,0.92454574,0.64351182,0.0,138.13891673,0.0,20000,SUCCESS
ijcnn1,CVXOPT,False,0.1,0.0,Screening,2,551.39397975,0.92588518,0.92455224,0.64323544,0.61316538,35.94326544,0.07957363,17950,SUCCESS
ijcnn1,CVXOPT,False,0.1,0.05,Baseline,2,604.2416119,0.9254851,0.92511606,0.64775414,0.0,146.38558412,0.0,20000,SUCCESS
ijcnn1,CVXOPT,False,0.1,0.05,Screening,2,604.2415265,0.9254851,0.9251399,0.64742073,0.5691245,43.82246637,0.08001232,20725,SUCCESS
ijcnn1,CVXOPT,False,0.01,0.0,Baseline,3,56.1899161,0.92138428,0.91059765,0.62748815,0.0,131.52187419,0.0,19200,SUCCESS
ijcnn1,CVXOPT,False,0.01,0.0,Screening,3,56.18991637,0.92138428,0.91059594,0.62748815,0.8175851,4.09256911,0.06693459,4150,SUCCESS
ijcnn1,CVXOPT,False,0.01,0.05,Baseline,3,61.13300736,0.92318464,0.91179317,0.61942517,0.0,42.55447102,0.0,5825,SUCCESS
ijcnn1,CVXOPT,False,0.01,0.05,Screening,3,61.1330074,0.92318464,0.91179271,0.61942517,0.80151908,2.29009247,0.03558326,2275,SUCCESS
ijcnn1,CVXOPT,False,0.05,0.0,Baseline,3,274.32144209,0.92328466,0.91093592,0.61553885,0.0,137.38951468,0.0,20000,SUCCESS
ijcnn1,CVXOPT,False,0.05,0.0,Screening,3,274.32143038,0.92338468,0.91093124,0.61623246,0.61047729,25.55879498,0.04577637,12475,SUCCESS
ijcnn1,CVXOPT,False,0.05,0.05,Baseline,3,300.49004319,0.92118424,0.911152,0.62583096,0.0,146.00975847,0.0,20000,SUCCESS
ijcnn1,CVXOPT,False,0.05,0.05,Screening,3,300.48997304,0.92118424,0.91112576,0.62583096,0.57312537,27.73026371,0.05126381,11400,SUCCESS
ijcnn1,CVXOPT,False,0.1,0.0,Baseline,3,546.7897283,0.92128426,0.91071835,0.62398471,0.0,138.37036967,0.0,20000,SUCCESS
ijcnn1,CVXOPT,False,0.1,0.0,Screening,3,546.78942877,0.92128426,0.91070968,0.62398471,0.6347326,35.4219296,0.04921675,21350,SUCCESS
ijcnn1,CVXOPT,False,0.1,0.05,Baseline,3,599.49623543,0.92138428,0.91111389,0.62642586,0.0,144.61806202,0.0,20000,SUCCESS
ijcnn1,CVXOPT,False,0.1,0.05,Screening,3,599.49603575,0.92138428,0.91115097,0.62535748,0.56193542,45.24942684,0.05146909,21000,SUCCESS
ijcnn1,CVXOPT,False,0.01,0.0,Baseline,4,56.37853736,0.92588518,0.91594663,0.62707599,0.0,64.15649104,0.0,9200,SUCCESS
ijcnn1,CVXOPT,False,0.01,0.0,Screening,4,56.37853733,0.92588518,0.91594743,0.62707599,0.81670991,2.81496835,0.03799582,3525,SUCCESS
ijcnn1,CVXOPT,False,0.01,0.05,Baseline,4,61.26328023,0.92258452,0.91748761,0.62058824,0.0,73.47440195,0.0,10175,SUCCESS
ijcnn1,CVXOPT,False,0.01,0.05,Screening,4,61.26328024,0.92258452,0.91749023,0.62058824,0.8023005,3.24529624,0.03721285,2750,SUCCESS
ijcnn1,CVXOPT,False,0.05,0.0,Baseline,4,275.37511142,0.92458492,0.91584373,0.62562066,0.0,136.54994369,0.0,20000,SUCCESS
ijcnn1,CVXOPT,False,0.05,0.0,Screening,4,275.37510741,0.92458492,0.91583711,0.62562066,0.63670178,33.87383699,0.05631495,21150,SUCCESS
ijcnn1,CVXOPT,False,0.05,0.05,Baseline,4,301.30992438,0.92568514,0.91650201,0.62531518,0.0,144.1706214,0.0,20000,SUCCESS
ijcnn1,CVXOPT,False,0.05,0.05,Screening,4,301.3103074,0.92568514,0.91643116,0.62531518,0.64792298,6.48534536,0.06342888,700,SUCCESS
ijcnn1,CVXOPT,False,0.1,0.0,Baseline,4,548.95612281,0.92408482,0.91588343,0.62369856,0.0,139.44691682,0.0,20000,SUCCESS
ijcnn1,CVXOPT,False,0.1,0.0,Screening,4,548.95608031,0.92408482,0.91588754,0.62369856,0.56856187,45.05147219,0.06236362,21500,SUCCESS
ijcnn1,CVXOPT,False,0.1,0.05,Baseline,4,601.17875414,0.92588518,0.91638644,0.62594649,0.0,145.17536044,0.0,20000,SUCCESS
ijcnn1,CVXOPT,False,0.1,0.05,Screening,4,601.17868017,0.92588518,0.91637743,0.62594649,0.61329041,43.24456048,0.07106137,21875,SUCCESS
ijcnn1,CVXOPT,False,0.01,0.0,Baseline,5,56.77220492,0.92958592,0.91831269,0.64408493,0.0,135.83242035,0.0,20000,SUCCESS
ijcnn1,CVXOPT,False,0.01,0.0,Screening,5,56.77220449,0.93158632,0.91831714,0.64337852,0.71296846,12.80033922,0.04487371,8325,SUCCESS
ijcnn1,CVXOPT,False,0.01,0.05,Baseline,5,61.5801193,0.93188638,0.91986838,0.64176749,0.0,43.63790393,0.0,5950,SUCCESS
ijcnn1,CVXOPT,False,0.01,0.05,Screening,5,61.58011931,0.93188638,0.91986724,0.64176749,0.80183165,3.25889325,0.04463053,3550,SUCCESS
ijcnn1,CVXOPT,False,0.05,0.0,Baseline,5,277.6287367,0.92258452,0.91839517,0.6342155,0.0,138.77072072,0.0,20000,SUCCESS
ijcnn1,CVXOPT,False,0.05,0.0,Screening,5,277.62872022,0.92258452,0.91839438,0.6342155,0.63207577,34.49038601,0.04499102,20575,SUCCESS
ijcnn1,CVXOPT,False,0.05,0.05,Baseline,5,303.15539704,0.93108622,0.91847298,0.64095883,0.0,145.9833622,0.0,20000,SUCCESS
ijcnn1,CVXOPT,False,0.05,0.05,Screening,5,303.15538783,0.93108622,0.91848017,0.64095883,0.54836996,25.49305296,0.05543399,10125,SUCCESS
ijcnn1,CVXOPT,False,0.1,0.0,Baseline,5,553.54631783,0.93178636,0.91834806,0.64143007,0.0,138.55413914,0.0,20000,SUCCESS
ijcnn1,CVXOPT,False,0.1,0.0,Screening,5,553.54596913,0.93178636,0.91835627,0.64105263,0.64048386,29.05405855,0.0912056,15275,SUCCESS
ijcnn1,CVXOPT,False,0.1,0.05,Baseline,5,604.95739237,0.93108622,0.91845941,0.64133264,0.0,145.75225449,0.0,20000,SUCCESS
ijcnn1,CVXOPT,False,0.1,0.05,Screening,5,604.95710052,0.93118624,0.9184966,0.64166667,0.52548995,33.49949026,0.05576277,12800,SUCCESS
ijcnn1,CVXOPT,False,0.01,0.0,Baseline,6,56.59935315,0.92388478,0.91796803,0.62345374,0.0,122.19486403,0.0,17625,SUCCESS
ijcnn1,CVXOPT,False,0.01,0.0,Screening,6,56.59935305,0.92388478,0.91796849,0.62345374,0.81605351,3.51611853,0.03553367,3575,SUCCESS
ijcnn1,CVXOPT,False,0.01,0.05,Baseline,6,61.47539687,0.92378476,0.91942504,0.62013958,0.0,45.23961329,0.0,6025,SUCCESS
ijcnn1,CVXOPT,False,0.01,0.05,Screening,6,61.4753968,0.92378476,0.91942367,0.62013958,0.80123777,2.35655856,0.04467273,2050,SUCCESS
ijcnn1,CVXOPT,False,0.05,0.0,Baseline,6,276.57596313,0.9219844,0.91804903,0.62209302,0.0,118.68746686,0.0,16950,SUCCESS
ijcnn1,CVXOPT,False,0.05,0.0,Screening,6,276.57596328,0.9219844,0.91804903,0.62209302,0.82358641,3.33467937,0.03807664,4425,SUCCESS
ijcnn1,CVXOPT,False,0.05,0.05,Baseline,6,302.42406273,0.9224845,0.9182593,0.62176672,0.0,146.37980795,0.0,20000,SUCCESS
ijcnn1,CVXOPT,False,0.05,0.05,Screening,6,302.42401036,0.9224845,0.91826626,0.62176672,0.55437127,37.73754263,0.05839276,16625,SUCCESS
ijcnn1,CVXOPT,False,0.1,0.0,Baseline,6,551.39370707,0.92558512,0.91795799,0.62118126,0.0,138.29336095,0.0,20000,SUCCESS
ijcnn1,CVXOPT,False,0.1,0.0,Screening,6,551.39361057,0.92558512,0.91796084,0.62118126,0.63226331,28.61546326,0.05871987,14425,SUCCESS
ijcnn1,CVXOPT,False,0.1,0.05,Baseline,6,603.43436349,0.92268454,0.91796952,0.62163485,0.0,145.52654672,0.0,20000,SUCCESS
ijcnn1,CVXOPT,False,0.1,0.05,Screening,6,603.43434508,0.92268454,0.91797545,0.62163485,0.58587816,44.93078732,0.08124733,21700,SUCCESS
ijcnn1,CVXOPT,False,0.01,0.0,Baseline,7,57.12289233,0.93028606,0.9223175,0.64238071,0.0,101.04003072,0.0,14700,SUCCESS
ijcnn1,CVXOPT,False,0.01,0.0,Screening,7,57.12289249,0.93028606,0.92231681,0.64238071,0.81445941,4.26703262,0.04424334,4050,SUCCESS
ijcnn1,CVXOPT,False,0.01,0.05,Baseline,7,61.87310374,0.93108622,0.9239324,0.64319006,0.0,48.44919395,0.0,6625,SUCCESS
ijcnn1,CVXOPT,False,0.01,0.05,Screening,7,61.8731038,0.93108622,0.92393229,0.64319006,0.80067515,3.13417196,0.04989243,2250,SUCCESS
ijcnn1,CVXOPT,False,0.05,0.0,Baseline,7,279.35490401,0.92868574,0.92195196,0.64720435,0.0,139.67845607,0.0,20000,SUCCESS
ijcnn1,CVXOPT,False,0.05,0.0,Screening,7,279.35488842,0.92868574,0.92196748,0.64720435,0.6507361,31.06345916,0.04832482,19400,SUCCESS
ijcnn1,CVXOPT,False,0.05,0.05,Baseline,7,304.89293716,0.92968594,0.92248931,0.64867566,0.0,144.31446362,0.0,20000,SUCCESS
ijcnn1,CVXOPT,False,0.05,0.05,Screening,7,304.89291795,0.92958592,0.92249399,0.648,0.55462132,27.79613209,0.06136394,11225,SUCCESS
ijcnn1,CVXOPT,False,0.1,0.0,Baseline,7,556.97148885,0.92518504,0.92166024,0.64346997,0.0,136.9294157,0.0,20000,SUCCESS
ijcnn1,CVXOPT,False,0.1,0.0,Screening,7,556.97142294,0.92508502,0.92165716,0.64316341,0.64267183,32.0465107,0.05035377,18850,SUCCESS
ijcnn1,CVXOPT,False,0.1,0.05,Baseline,7,608.51059621,0.92988598,0.92257944,0.64720684,0.0,142.95727158,0.0,20000,SUCCESS
ijcnn1,CVXOPT,False,0.1,0.05,Screening,7,608.51043998,0.92978596,0.92256461,0.64688129,0.5122058,53.98069429,0.05338764,21850,SUCCESS
ijcnn1,CVXOPT,False,0.01,0.0,Baseline,8,56.18786252,0.92778556,0.91896287,0.62119622,0.0,47.77934933,0.0,7000,SUCCESS
ijcnn1,CVXOPT,False,0.01,0.0,Screening,8,56.1878625,0.92778556,0.91896356,0.62119622,0.81761635,3.41536975,0.07465434,2875,SUCCESS
ijcnn1,CVXOPT,False,0.01,0.05,Baseline,8,61.0445451,0.92718544,0.92041121,0.62318841,0.0,62.82293773,0.0,8800,SUCCESS
ijcnn1,CVXOPT,False,0.01,0.05,Screening,8,61.04454505,0.92708542,0.92041247,0.6224754,0.80189416,3.08986545,0.07227921,2300,SUCCESS
ijcnn1,CVXOPT,False,0.05,0.0,Baseline,8,274.39799588,0.92818564,0.91913537,0.61727079,0.0,135.9838295,0.0,20000,SUCCESS
ijcnn1,CVXOPT,False,0.05,0.0,Screening,8,274.39799253,0.92818564,0.91913549,0.61727079,0.63560779,36.02048302,0.04931808,21175,SUCCESS
ijcnn1,CVXOPT,False,0.05,0.05,Baseline,8,300.24484169,0.92528506,0.91965641,0.62817322,0.0,143.92117333,0.0,20000,SUCCESS
ijcnn1,CVXOPT,False,0.05,0.05,Screening,8,300.24483995,0.92528506,0.91965424,0.62817322,0.59500516,26.82961392,0.0549624,11700,SUCCESS
ijcnn1,CVXOPT,False,0.1,0.0,Baseline,8,546.97316107,0.92808562,0.91904216,0.61694193,0.0,136.58497858,0.0,20000,SUCCESS
ijcnn1,CVXOPT,False,0.1,0.0,Screening,8,546.9729037,0.92578516,0.91903897,0.62142857,0.62660582,34.99760795,0.04683948,21300,SUCCESS
ijcnn1,CVXOPT,False,0.1,0.05,Baseline,8,599.04940691,0.92728546,0.91947604,0.62076161,0.0,143.40912461,0.0,20000,SUCCESS
ijcnn1,CVXOPT,False,0.1,0.05,Screening,8,599.04927018,0.92718544,0.91948528,0.62043796,0.52333323,52.4256978,0.05612636,21650,SUCCESS
ijcnn1,CVXOPT,False,0.01,0.0,Baseline,9,56.24789497,0.91738348,0.91786421,0.62556664,0.0,39.60703015,0.0,5700,SUCCESS
ijcnn1,CVXOPT,False,0.01,0.0,Screening,9,56.24789488,0.91738348,0.91786376,0.62556664,0.81742881,3.42023826,0.04119468,4500,SUCCESS
ijcnn1,CVXOPT,False,0.01,0.05,Baseline,9,61.1747019,0.9239848,0.91938568,0.63320463,0.0,78.04945374,0.0,10850,SUCCESS
ijcnn1,CVXOPT,False,0.01,0.05,Screening,9,61.1747019,0.9239848,0.91938739,0.63320463,0.80280061,2.60621977,0.03641009,2650,SUCCESS
ijcnn1,CVXOPT,False,0.05,0.0,Baseline,9,274.74781296,0.92228446,0.91846796,0.63469676,0.0,136.07900405,0.0,20000,SUCCESS
ijcnn1,CVXOPT,False,0.05,0.0,Screening,9,274.74780584,0.92228446,0.9184715,0.63469676,0.63757697,17.68946552,0.04303074,8775,SUCCESS
ijcnn1,CVXOPT,False,0.05,0.05,Baseline,9,300.68081216,0.92588518,0.91792765,0.63371231,0.0,144.30495191,0.0,20000,SUCCESS
ijcnn1,CVXOPT,False,0.05,0.05,Screening,9,300.68080675,0.92588518,0.91792103,0.63371231,0.58290876,29.49648762,0.05172753,13175,SUCCESS
ijcnn1,CVXOPT,False,0.1,0.0,Baseline,9,547.70771754,0.92178436,0.91851668,0.63320826,0.0,136.58720732,0.0,20000,SUCCESS
ijcnn1,CVXOPT,False,0.1,0.0,Screening,9,547.70752942,0.92178436,0.91853721,0.63320826,0.61979183,41.93640518,0.05861831,21850,SUCCESS
ijcnn1,CVXOPT,False,0.1,0.05,Baseline,9,599.90691901,0.9224845,0.91797031,0.63356974,0.0,144.65201473,0.0,20000,SUCCESS
ijcnn1,CVXOPT,False,0.1,0.05,Screening,9,599.90689279,0.9224845,0.91797602,0.63356974,0.53505454,49.92489362,0.0507412,21700,SUCCESS
ijcnn1,CVXOPT,False,0.01,0.0,Baseline,10,55.8136872,0.92528506,0.9221831,0.62891207,0.0,26.26316977,0.0,3700,SUCCESS
ijcnn1,CVXOPT,False,0.01,0.0,Screening,10,55.81368706,0.92528506,0.9221831,0.62891207,0.81821023,2.98930621,0.03532338,3950,SUCCESS
ijcnn1,CVXOPT,False,0.01,0.05,Baseline,10,60.69417551,0.9264853,0.92306659,0.62519123,0.0,143.62784076,0.0,20000,SUCCESS
ijcnn1,CVXOPT,False,0.01,0.05,Screening,10,60.6941754,0.9264853,0.92306568,0.62519123,0.53155378,21.44298577,0.06117725,8750,SUCCESS
ijcnn1,CVXOPT,False,0.05,0.0,Baseline,10,272.57903527,0.9219844,0.92196303,0.63137996,0.0,137.17592263,0.0,20000,SUCCESS
ijcnn1,CVXOPT,False,0.05,0.0,Screening,10,272.57904138,0.9219844,0.92196234,0.63137996,0.61535336,35.98159027,0.05043817,20625,SUCCESS
ijcnn1,CVXOPT,False,0.05,0.05,Baseline,10,298.32012935,0.92168434,0.92245132,0.63048608,0.0,143.44846845,0.0,20000,SUCCESS
ijcnn1,CVXOPT,False,0.05,0.05,Screening,10,298.32012668,0.92168434,0.92245429,0.63048608,0.55062045,46.42186332,0.04582024,21575,SUCCESS
ijcnn1,CVXOPT,False,0.1,0.0,Baseline,10,543.35672113,0.92178436,0.92208282,0.63043478,0.0,137.82403779,0.0,20000,SUCCESS
ijcnn1,CVXOPT,False,0.1,0.0,Screening,10,543.35659443,0.9219844,0.92208019,0.63103122,0.61675992,39.2722857,0.05478001,21675,SUCCESS
ijcnn1,CVXOPT,False,0.1,0.05,Baseline,10,595.18738939,0.92178436,0.9224552,0.63078376,0.0,143.97448206,0.0,20000,SUCCESS
ijcnn1,CVXOPT,False,0.1,0.05,Screening,10,595.18735336,0.92178436,0.92245383,0.63078376,0.53158503,53.29649854,0.05529618,21875,SUCCESS
ijcnn1,CVXOPT,False,0.01,0.0,Baseline,11,56.61193845,0.93008602,0.91385735,0.62318059,0.0,111.0307591,0.0,16050,SUCCESS
ijcnn1,CVXOPT,False,0.01,0.0,Screening,11,56.61193842,0.93008602,0.91385712,0.62318059,0.81511581,4.03199816,0.0347445,5625,SUCCESS
ijcnn1,CVXOPT,False,0.01,0.05,Baseline,11,61.44142238,0.929986,0.91570728,0.62121212,0.0,143.47228289,0.0,20000,SUCCESS
ijcnn1,CVXOPT,False,0.01,0.05,Screening,11,61.44142227,0.929986,0.91570933,0.62121212,0.48532491,16.28398919,0.05321169,5775,SUCCESS
ijcnn1,CVXOPT,False,0.05,0.0,Baseline,11,276.71332007,0.93008602,0.91399391,0.62640299,0.0,138.29613614,0.0,20000,SUCCESS
ijcnn1,CVXOPT,False,0.05,0.0,Screening,11,276.71330761,0.93008602,0.91398947,0.62640299,0.61976057,33.00108862,0.05635571,18575,SUCCESS
ijcnn1,CVXOPT,False,0.05,0.05,Baseline,11,302.37652579,0.92978596,0.91443338,0.61343612,0.0,145.91512561,0.0,20000,SUCCESS
ijcnn1,CVXOPT,False,0.05,0.05,Screening,11,302.37651102,0.92978596,0.91444627,0.61343612,0.53433564,46.72240734,0.05560327,20550,SUCCESS
ijcnn1,CVXOPT,False,0.1,0.0,Baseline,11,551.6657225,0.93008602,0.91404662,0.62799361,0.0,137.66531348,0.0,20000,SUCCESS
ijcnn1,CVXOPT,False,0.1,0.0,Screening,11,551.66560538,0.93008602,0.91407206,0.62799361,0.61841653,31.0994575,0.04828477,16200,SUCCESS
ijcnn1,CVXOPT,False,0.1,0.05,Baseline,11,603.37067102,0.93008602,0.91438364,0.61359867,0.0,144.30963326,0.0,20000,SUCCESS
ijcnn1,CVXOPT,False,0.1,0.05,Screening,11,603.37062895,0.93008602,0.91437725,0.61359867,0.51101804,28.57041621,0.05050564,9825,SUCCESS
ijcnn1,CVXOPT,False,0.01,0.0,Baseline,12,55.93009093,0.92928586,0.91539126,0.64020356,0.0,68.96072078,0.0,9850,SUCCESS
ijcnn1,CVXOPT,False,0.01,0.0,Screening,12,55.93009084,0.92928586,0.91538943,0.64020356,0.81836652,2.98391867,0.04489589,3625,SUCCESS
ijcnn1,CVXOPT,False,0.01,0.05,Baseline,12,60.8705552,0.9189838,0.91698357,0.63215259,0.0,140.44540238,0.0,20000,SUCCESS
ijcnn1,CVXOPT,False,0.01,0.05,Screening,12,60.87055509,0.9189838,0.91698437,0.63215259,0.63510768,10.9498322,0.04866385,4625,SUCCESS
ijcnn1,CVXOPT,False,0.05,0.0,Baseline,12,272.84944537,0.92368474,0.91493285,0.63992449,0.0,136.1665144,0.0,20000,SUCCESS
ijcnn1,CVXOPT,False,0.05,0.0,Screening,12,272.84944346,0.92368474,0.91493251,0.63992449,0.60556997,38.49434757,0.05605459,20775,SUCCESS
ijcnn1,CVXOPT,False,0.05,0.05,Baseline,12,299.15768893,0.9279856,0.91549063,0.64426877,0.0,109.97327065,0.0,15125,SUCCESS
ijcnn1,CVXOPT,False,0.05,0.05,Screening,12,299.15768878,0.9279856,0.91549154,0.64426877,0.8082393,2.78111339,0.04288244,3100,SUCCESS
ijcnn1,CVXOPT,False,0.1,0.0,Baseline,12,543.82044881,0.92258452,0.91470879,0.63764045,0.0,140.17692351,0.0,20000,SUCCESS
ijcnn1,CVXOPT,False,0.1,0.0,Screening,12,543.8203779,0.92258452,0.91474096,0.63764045,0.65670615,34.36448193,0.05859184,21350,SUCCESS
ijcnn1,CVXOPT,False,0.1,0.05,Baseline,12,596.84682242,0.92408482,0.91556604,0.63977219,0.0,145.73915005,0.0,20000,SUCCESS
ijcnn1,CVXOPT,False,0.1,0.05,Screening,12,596.84670103,0.92408482,0.91556786,0.63977219,0.60950833,43.29973149,0.07382083,21925,SUCCESS
ijcnn1,CVXOPT,False,0.01,0.0,Baseline,13,56.66862915,0.9259852,0.92351644,0.64457253,0.0,107.64374375,0.0,15625,SUCCESS
ijcnn1,CVXOPT,False,0.01,0.0,Screening,13,56.66862941,0.9259852,0.92351621,0.64457253,0.81505329,3.47484994,0.05067992,3000,SUCCESS
ijcnn1,CVXOPT,False,0.01,0.05,Baseline,13,61.50358091,0.91928386,0.92474778,0.63434527,0.0,35.98907614,0.0,4925,SUCCESS
ijcnn1,CVXOPT,False,0.01,0.05,Screening,13,61.50358084,0.91928386,0.92474801,0.63434527,0.80048761,3.70668125,0.04733706,3500,SUCCESS
ijcnn1,CVXOPT,False,0.05,0.0,Baseline,13,276.95316973,0.92568514,0.92329933,0.64500717,0.0,138.72457933,0.0,20000,SUCCESS
ijcnn1,CVXOPT,False,0.05,0.0,Screening,13,276.95315735,0.92568514,0.92329408,0.64500717,0.60181915,34.73218703,0.04275489,18325,SUCCESS
ijcnn1,CVXOPT,False,0.05,0.05,Baseline,13,302.71698699,0.92468494,0.92350503,0.64363464,0.0,145.6359601,0.0,20000,SUCCESS
ijcnn1,CVXOPT,False,0.05,0.05,Screening,13,302.71696399,0.92468494,0.92351895,0.64329702,0.5133623,49.76293159,0.04939842,21125,SUCCESS
ijcnn1,CVXOPT,False,0.1,0.0,Baseline,13,552.15396473,0.92618524,0.92334953,0.64621285,0.0,136.95981765,0.0,20000,SUCCESS
ijcnn1,CVXOPT,False,0.1,0.0,Screening,13,552.1538469,0.92618524,0.92333401,0.64621285,0.60722658,36.24727488,0.05950975,17825,SUCCESS
ijcnn1,CVXOPT,False,0.1,0.05,Baseline,13,604.03210104,0.92468494,0.92348107,0.64363464,0.00000000,67.46757960,0.00000000,20000,SUCCESS
ijcnn1,CVXOPT,False,0.1,0.05,Screening,13,604.03207940,0.92468494,0.92348301,0.64363464,0.55274591,24.86547995,0.03056479,21625,SUCCESS
ijcnn1,CVXOPT,False,0.01,0.0,Baseline,14,56.19922892,0.92008402,0.91659613,0.61678657,0.00000000,39.07130361,0.00000000,11775,SUCCESS
ijcnn1,CVXOPT,False,0.01,0.0,Screening,14,56.19922881,0.92008402,0.91659602,0.61678657,0.81736630,1.98693895,0.01826763,4375,SUCCESS
ijcnn1,CVXOPT,False,0.01,0.05,Baseline,14,61.08617270,0.92508502,0.91799062,0.61211807,0.00000000,67.05495143,0.00000000,20000,SUCCESS
ijcnn1,CVXOPT,False,0.01,0.05,Screening,14,61.08617231,0.92508502,0.91799119,0.61211807,0.69893414,7.19740796,0.02090907,7700,SUCCESS
ijcnn1,CVXOPT,False,0.05,0.0,Baseline,14,274.47557037,0.92118424,0.91682830,0.61895551,0.00000000,63.62298989,0.00000000,20000,SUCCESS
ijcnn1,CVXOPT,False,0.05,0.0,Screening,14,274.47556265,0.92108422,0.91681586,0.61865636,0.60638265,14.14714837,0.02303386,14125,SUCCESS
ijcnn1,CVXOPT,False,0.05,0.05,Baseline,14,300.36071666,0.92338468,0.91724632,0.61430010,0.00000000,67.25888157,0.00000000,20000,SUCCESS
ijcnn1,CVXOPT,False,0.05,0.05,Screening,14,300.36063962,0.92338468,0.91724700,0.61430010,0.55374613,22.52644086,0.02280617,19825,SUCCESS
ijcnn1,CVXOPT,False,0.1,0.0,Baseline,14,547.14164835,0.92108422,0.91656202,0.61865636,0.00000000,65.02100372,0.00000000,20000,SUCCESS
ijcnn1,CVXOPT,False,0.1,0.0,Screening,14,547.14142966,0.92108422,0.91655175,0.61865636,0.61826024,21.26222277,0.02571797,21625,SUCCESS
ijcnn1,CVXOPT,False,0.1,0.05,Baseline,14,599.27239149,0.91998400,0.91708899,0.61501444,0.00000000,67.13981700,0.00000000,20000,SUCCESS
ijcnn1,CVXOPT,False,0.1,0.05,Screening,14,599.27200799,0.92008402,0.91710416,0.61568062,0.51936361,19.42659807,0.02304006,15925,SUCCESS
ijcnn1,CVXOPT,False,0.01,0.0,Baseline,15,55.31373705,0.92338468,0.91284711,0.60145682,0.00000000,26.35243726,0.00000000,8200,SUCCESS
ijcnn1,CVXOPT,False,0.01,0.0,Screening,15,55.31373716,0.92348470,0.91284768,0.60176991,0.82011690,1.35738945,0.01920414,2675,SUCCESS
ijcnn1,CVXOPT,False,0.01,0.05,Baseline,15,60.35690205,0.92258452,0.91477918,0.60948537,0.00000000,55.34734964,0.00000000,16325,SUCCESS
ijcnn1,CVXOPT,False,0.01,0.05,Screening,15,60.35690193,0.92258452,0.91477781,0.60948537,0.80486356,1.44946432,0.02004552,2450,SUCCESS
ijcnn1,CVXOPT,False,0.05,0.0,Baseline,15,269.58289296,0.92198440,0.91227918,0.60606061,0.00000000,66.93419266,0.00000000,20000,SUCCESS
ijcnn1,CVXOPT,False,0.05,0.0,Screening,15,269.58289045,0.92198440,0.91227941,0.60606061,0.63213828,17.78567123,0.02367377,19775,SUCCESS
ijcnn1,CVXOPT,False,0.05,0.05,Baseline,15,296.16776819,0.91768354,0.91381377,0.60678452,0.00000000,68.23155546,0.00000000,20000,SUCCESS
ijcnn1,CVXOPT,False,0.05,0.05,Screening,15,296.16776550,0.91768354,0.91381605,0.60678452,0.55893477,18.13565969,0.02339840,15750,SUCCESS
ijcnn1,CVXOPT,False,0.1,0.0,Baseline,15,537.20600690,0.92158432,0.91212790,0.60364004,0.00000000,65.95827889,0.00000000,20000,SUCCESS
ijcnn1,CVXOPT,False,0.1,0.0,Screening,15,537.20588584,0.92148430,0.91209710,0.60373549,0.65395555,19.76017761,0.02985764,21825,SUCCESS
ijcnn1,CVXOPT,False,0.1,0.05,Baseline,15,590.75764038,0.92278456,0.91353802,0.61010101,0.00000000,66.77368927,0.00000000,20000,SUCCESS
ijcnn1,CVXOPT,False,0.1,0.05,Screening,15,590.75759823,0.92278456,0.91352764,0.61010101,0.60447598,15.56306171,0.02464294,13600,SUCCESS
ijcnn1,CVXOPT,False,0.01,0.0,Baseline,16,56.18618182,0.92648530,0.92032633,0.62897527,0.00000000,63.04362369,0.00000000,20000,SUCCESS
ijcnn1,CVXOPT,False,0.01,0.0,Screening,16,56.18618164,0.92658532,0.92033101,0.62929293,0.69130747,5.21388888,0.02349448,4925,SUCCESS
ijcnn1,CVXOPT,False,0.01,0.05,Baseline,16,61.07353870,0.92768554,0.92135825,0.63131056,0.00000000,65.69135952,0.00000000,20000,SUCCESS
ijcnn1,CVXOPT,False,0.01,0.05,Screening,16,61.07353867,0.92768554,0.92136030,0.63131056,0.54411903,10.68329167,0.02462077,9125,SUCCESS
ijcnn1,CVXOPT,False,0.05,0.0,Baseline,16,274.46462946,0.92848570,0.92010648,0.62348605,0.00000000,65.86997676,0.00000000,20000,SUCCESS
ijcnn1,CVXOPT,False,0.05,0.0,Screening,16,274.46497453,0.92858572,0.92014721,0.62341772,0.69912168,3.56388021,0.02439070,1300,SUCCESS
ijcnn1,CVXOPT,False,0.05,0.05,Baseline,16,300.29043805,0.92858572,0.92062969,0.63195876,0.00000000,93.54000115,0.00000000,20000,SUCCESS
ijcnn1,CVXOPT,False,0.05,0.05,Screening,16,300.29043582,0.92858572,0.92062912,0.63195876,0.54086831,31.29474711,0.02960944,21225,SUCCESS
ijcnn1,CVXOPT,False,0.1,0.0,Baseline,16,547.14806382,0.92848570,0.92008150,0.62348605,0.00000000,98.81759691,0.00000000,20000,SUCCESS
ijcnn1,CVXOPT,False,0.1,0.0,Screening,16,547.14794599,0.92858572,0.92007671,0.62381454,0.61779139,30.91808820,0.04182768,21600,SUCCESS
ijcnn1,CVXOPT,False,0.1,0.05,Baseline,16,599.13448117,0.92838568,0.92062364,0.63016529,0.00000000,107.52274704,0.00000000,20000,SUCCESS
ijcnn1,CVXOPT,False,0.1,0.05,Screening,16,599.13431589,0.92858572,0.92059809,0.63119835,0.55612165,29.36902642,0.03693104,18625,SUCCESS
ijcnn1,CVXOPT,False,0.01,0.0,Baseline,17,56.71913530,0.92498500,0.92160559,0.63126844,0.00000000,62.45517612,0.00000000,15825,SUCCESS
ijcnn1,CVXOPT,False,0.01,0.0,Screening,17,56.71913538,0.92498500,0.92160308,0.63126844,0.81605351,1.90022063,0.02035642,3600,SUCCESS
ijcnn1,CVXOPT,False,0.01,0.05,Baseline,17,61.57088417,0.92068414,0.92262200,0.62926601,0.00000000,19.94429493,0.00000000,5000,SUCCESS
ijcnn1,CVXOPT,False,0.01,0.05,Screening,17,61.57088412,0.92068414,0.92262200,0.62926601,0.80042509,1.74341106,0.04515076,2250,SUCCESS
ijcnn1,CVXOPT,False,0.05,0.0,Baseline,17,277.16979374,0.92428486,0.92152824,0.63055149,0.00000000,64.77066231,0.00000000,20000,SUCCESS
ijcnn1,CVXOPT,False,0.05,0.0,Screening,17,277.16978124,0.92428486,0.92152915,0.63055149,0.66986528,12.95369267,0.02777123,14350,SUCCESS
ijcnn1,CVXOPT,False,0.05,0.05,Baseline,17,303.05604099,0.92628526,0.92166982,0.63496781,0.00000000,66.06515121,0.00000000,20000,SUCCESS
ijcnn1,CVXOPT,False,0.05,0.05,Screening,17,303.05592026,0.92628526,0.92168123,0.63496781,0.53327290,17.38701296,0.02398133,15175,SUCCESS
ijcnn1,CVXOPT,False,0.1,0.0,Baseline,17,552.57857762,0.92048410,0.92152756,0.63109049,0.00000000,62.93874216,0.00000000,20000,SUCCESS
ijcnn1,CVXOPT,False,0.1,0.0,Screening,17,552.57843595,0.92048410,0.92154433,0.63109049,0.61313412,17.87132049,0.02697706,18050,SUCCESS
ijcnn1,CVXOPT,False,0.1,0.05,Baseline,17,604.71538705,0.92248450,0.92175014,0.63356974,0.00000000,63.92586589,0.00000000,20000,SUCCESS
ijcnn1,CVXOPT,False,0.1,0.05,Screening,17,604.71528977,0.92218444,0.92174215,0.63267233,0.58122089,23.54532909,0.02698421,21950,SUCCESS
ijcnn1,CVXOPT,False,0.01,0.0,Baseline,18,56.37542103,0.92528506,0.91693988,0.63001486,0.00000000,35.92100000,0.00000000,11150,SUCCESS
ijcnn1,CVXOPT,False,0.01,0.0,Screening,18,56.37542112,0.92528506,0.91694011,0.63001486,0.81636608,2.09470415,0.02387881,4525,SUCCESS
ijcnn1,CVXOPT,False,0.01,0.05,Baseline,18,61.22362191,0.92788558,0.91786262,0.63006670,0.00000000,65.57590461,0.00000000,20000,SUCCESS
ijcnn1,CVXOPT,False,0.01,0.05,Screening,18,61.22362184,0.92788558,0.91786353,0.63006670,0.56556122,7.19341731,0.02423310,5525,SUCCESS
ijcnn1,CVXOPT,False,0.05,0.0,Baseline,18,275.36768927,0.92368474,0.91714295,0.62616365,0.00000000,65.24465799,0.00000000,20000,SUCCESS
ijcnn1,CVXOPT,False,0.05,0.0,Screening,18,275.36768067,0.92368474,0.91713839,0.62616365,0.61901041,12.80462575,0.02476764,13025,SUCCESS
ijcnn1,CVXOPT,False,0.05,0.05,Baseline,18,301.20903832,0.92558512,0.91751442,0.62874251,0.00000000,63.66199422,0.00000000,20000,SUCCESS
ijcnn1,CVXOPT,False,0.05,0.05,Screening,18,301.20903603,0.92568514,0.91751408,0.62905642,0.55630919,16.27823043,0.02849603,15000,SUCCESS
ijcnn1,CVXOPT,False,0.1,0.0,Baseline,18,548.94617559,0.92368474,0.91697969,0.62616365,0.00000000,60.00609064,0.00000000,20000,SUCCESS
ijcnn1,CVXOPT,False,0.1,0.0,Screening,18,548.94596240,0.92398480,0.91699087,0.62708538,0.58137718,21.65639353,0.02401853,21450,SUCCESS
ijcnn1,CVXOPT,False,0.1,0.05,Baseline,18,601.02610939,0.92098420,0.91737444,0.62488129,0.00000000,61.69479012,0.00000000,20000,SUCCESS
ijcnn1,CVXOPT,False,0.1,0.05,Screening,18,601.02660008,0.92598520,0.91739566,0.63000000,0.61141500,5.15731144,0.03029680,1925,SUCCESS
ijcnn1,CVXOPT,False,0.01,0.0,Baseline,19,56.44986103,0.92058412,0.91409796,0.60848126,0.00000000,29.87650824,0.00000000,9775,SUCCESS
ijcnn1,CVXOPT,False,0.01,0.0,Screening,19,56.44986068,0.92058412,0.91409808,0.60848126,0.81683493,1.46070790,0.01853919,2950,SUCCESS
ijcnn1,CVXOPT,False,0.01,0.05,Baseline,19,61.35039353,0.92408482,0.91547659,0.61016949,0.00000000,60.91582656,0.00000000,20000,SUCCESS
ijcnn1,CVXOPT,False,0.01,0.05,Screening,19,61.35039352,0.92408482,0.91547739,0.61016949,0.64948583,7.27055430,0.03381300,7700,SUCCESS
ijcnn1,CVXOPT,False,0.05,0.0,Baseline,19,275.68012507,0.92188438,0.91337362,0.60852130,0.00000000,57.98611641,0.00000000,20000,SUCCESS
ijcnn1,CVXOPT,False,0.05,0.0,Screening,19,275.68031681,0.92208442,0.91330540,0.60952381,0.71659425,3.27288556,0.02182627,1425,SUCCESS
ijcnn1,CVXOPT,False,0.05,0.05,Baseline,19,301.77152060,0.92278456,0.91441832,0.60851927,0.00000000,59.91138554,0.00000000,20000,SUCCESS
ijcnn1,CVXOPT,False,0.05,0.05,Screening,19,301.77159139,0.92278456,0.91443030,0.60851927,0.69268277,4.16267800,0.02771020,1575,SUCCESS
ijcnn1,CVXOPT,False,0.1,0.0,Baseline,19,549.52442472,0.92458492,0.91347379,0.60973085,0.00000000,57.87554240,0.00000000,20000,SUCCESS
ijcnn1,CVXOPT,False,0.1,0.0,Screening,19,549.52425927,0.92158432,0.91349079,0.60956175,0.62110462,16.61519146,0.02225351,19050,SUCCESS
ijcnn1,CVXOPT,False,0.1,0.05,Baseline,19,602.10402396,0.92388478,0.91444696,0.61074169,0.00000000,59.48034000,0.00000000,20000,SUCCESS
ijcnn1,CVXOPT,False,0.1,0.05,Screening,19,602.10386524,0.92398480,0.91442414,0.61145194,0.58800363,22.18162656,0.02361917,21950,SUCCESS
ijcnn1,CVXOPT,False,0.01,0.0,Baseline,20,56.54723868,0.92768554,0.92291657,0.63723031,0.00000000,37.20356154,0.00000000,12725,SUCCESS
ijcnn1,CVXOPT,False,0.01,0.0,Screening,20,56.54723873,0.92768554,0.92291474,0.63723031,0.81570969,1.58258700,0.01696706,3375,SUCCESS
ijcnn1,CVXOPT,False,0.01,0.05,Baseline,20,61.38715377,0.92638528,0.92399184,0.63528246,0.00000000,35.91025829,0.00000000,11925,SUCCESS
ijcnn1,CVXOPT,False,0.01,0.05,Screening,20,61.38715376,0.92638528,0.92399184,0.63528246,0.80105023,1.73155904,0.01817679,2950,SUCCESS
ijcnn1,CVXOPT,False,0.05,0.0,Baseline,20,276.33989926,0.92868574,0.92291577,0.63640999,0.00000000,58.06343651,0.00000000,20000,SUCCESS
ijcnn1,CVXOPT,False,0.05,0.0,Screening,20,276.33989819,0.92868574,0.92291474,0.63640999,0.60669521,10.91739035,0.02177238,10650,SUCCESS
ijcnn1,CVXOPT,False,0.05,0.05,Baseline,20,302.08641445,0.92568514,0.92311462,0.63344845,0.00000000,60.66077447,0.00000000,20000,SUCCESS
ijcnn1,CVXOPT,False,0.05,0.05,Screening,20,302.08638637,0.92578516,0.92311611,0.63376111,0.56671772,22.26936579,0.02226210,21300,SUCCESS
ijcnn1,CVXOPT,False,0.1,0.0,Baseline,20,550.90487006,0.92838568,0.92290984,0.63728470,0.00000000,59.27443719,0.00000000,20000,SUCCESS
ijcnn1,CVXOPT,False,0.1,0.0,Screening,20,550.90473659,0.92838568,0.92291383,0.63728470,0.67386616,17.38314056,0.02610373,21675,SUCCESS
ijcnn1,CVXOPT,False,0.1,0.05,Baseline,20,602.78276411,0.92608522,0.92292604,0.63506173,0.00000000,60.89773512,0.00000000,20000,SUCCESS
ijcnn1,CVXOPT,False,0.1,0.05,Screening,20,602.78232582,0.92588518,0.92292456,0.63443513,0.59066046,21.43046808,0.02328062,21550,SUCCESS
ijcnn1,CVXOPT,False,0.01,0.0,Baseline,21,56.32691443,0.92378476,0.91017849,0.62351779,0.00000000,17.64175248,0.00000000,6125,SUCCESS
ijcnn1,CVXOPT,False,0.01,0.0,Screening,21,56.32691420,0.92388478,0.91017918,0.62382600,0.81739756,1.72100449,0.03821874,2925,SUCCESS
ijcnn1,CVXOPT,False,0.01,0.05,Baseline,21,61.21810971,0.92398480,0.91137002,0.62487660,0.00000000,60.35297418,0.00000000,20000,SUCCESS
ijcnn1,CVXOPT,False,0.01,0.05,Screening,21,61.21810971,0.92398480,0.91136968,0.62487660,0.52867815,16.51158810,0.02253914,15000,SUCCESS
ijcnn1,CVXOPT,False,0.05,0.0,Baseline,21,274.99626519,0.92608522,0.90930709,0.61966032,0.00000000,58.35806799,0.00000000,20000,SUCCESS
ijcnn1,CVXOPT,False,0.05,0.0,Screening,21,274.99625516,0.92608522,0.90930356,0.61966032,0.64376582,13.41957736,0.02069354,15225,SUCCESS
ijcnn1,CVXOPT,False,0.05,0.05,Baseline,21,301.11886783,0.92338468,0.91050307,0.62377210,0.00000000,60.91616154,0.00000000,20000,SUCCESS
ijcnn1,CVXOPT,False,0.05,0.05,Screening,21,301.11886201,0.92338468,0.91050239,0.62377210,0.56621761,13.31806445,0.02100968,11975,SUCCESS
ijcnn1,CVXOPT,False,0.1,0.0,Baseline,21,548.17439293,0.92598520,0.90930573,0.62090164,0.00000000,59.05020833,0.00000000,20000,SUCCESS
ijcnn1,CVXOPT,False,0.1,0.0,Screening,21,548.17422658,0.92588518,0.90932603,0.62058372,0.58434658,21.88658905,0.02339387,21850,SUCCESS
ijcnn1,CVXOPT,False,0.1,0.05,Baseline,21,600.81722776,0.92358472,0.91060575,0.62438545,0.00000000,61.42456436,0.00000000,20000,SUCCESS
ijcnn1,CVXOPT,False,0.1,0.05,Screening,21,600.81719927,0.92358472,0.91059799,0.62438545,0.56387335,24.10578966,0.03782701,22000,SUCCESS
ijcnn1,CVXOPT,False,0.01,0.0,Baseline,22,56.32053617,0.92858572,0.91883384,0.63459570,0.00000000,58.71600723,0.00000000,20000,SUCCESS
ijcnn1,CVXOPT,False,0.01,0.0,Screening,22,56.32053578,0.92858572,0.91882916,0.63459570,0.66355140,5.49756694,0.02035928,5725,SUCCESS
ijcnn1,CVXOPT,False,0.01,0.05,Baseline,22,61.17201110,0.92618524,0.92051229,0.63392857,0.00000000,37.23428774,0.00000000,12250,SUCCESS
ijcnn1,CVXOPT,False,0.01,0.05,Screening,22,61.17201117,0.92618524,0.92051298,0.63392857,0.80289438,1.41113639,0.01863718,2500,SUCCESS
ijcnn1,CVXOPT,False,0.05,0.0,Baseline,22,275.21040673,0.92328466,0.91825667,0.63354037,0.00000000,58.23936200,0.00000000,20000,SUCCESS
ijcnn1,CVXOPT,False,0.05,0.0,Screening,22,275.21040324,0.92328466,0.91825690,0.63354037,0.61976057,16.26413631,0.02741814,17825,SUCCESS
ijcnn1,CVXOPT,False,0.05,0.05,Baseline,22,300.88473765,0.92468494,0.91996639,0.63142438,0.00000000,60.75895286,0.00000000,20000,SUCCESS
ijcnn1,CVXOPT,False,0.05,0.05,Screening,22,300.88473046,0.92468494,0.91995988,0.63142438,0.53117870,14.19978642,0.02278185,11675,SUCCESS
ijcnn1,CVXOPT,False,0.1,0.0,Baseline,22,548.67892570,0.92208442,0.91845541,0.63132986,0.00000000,59.04189777,0.00000000,20000,SUCCESS
ijcnn1,CVXOPT,False,0.1,0.0,Screening,22,548.67881207,0.92208442,0.91846785,0.63132986,0.62882506,19.58724499,0.02733707,21575,SUCCESS
ijcnn1,CVXOPT,False,0.1,0.05,Baseline,22,600.36054914,0.92398480,0.91957541,0.63178295,0.00000000,60.61653209,0.00000000,20000,SUCCESS
ijcnn1,CVXOPT,False,0.1,0.05,Screening,22,600.36084329,0.92388478,0.91953662,0.63111973,0.63492014,5.30712533,0.04531550,1900,SUCCESS
ijcnn1,CVXOPT,False,0.01,0.0,Baseline,23,56.44643353,0.92638528,0.91837783,0.62525458,0.00000000,18.88472795,0.00000000,6575,SUCCESS
ijcnn1,CVXOPT,False,0.01,0.0,Screening,23,56.44643340,0.92638528,0.91837681,0.62525458,0.81674116,1.42397571,0.01711226,2875,SUCCESS
ijcnn1,CVXOPT,False,0.01,0.05,Baseline,23,61.25380419,0.92618524,0.91978293,0.61840745,0.00000000,26.61801577,0.00000000,8850,SUCCESS
ijcnn1,CVXOPT,False,0.01,0.05,Screening,23,61.25380409,0.92618524,0.91978510,0.61840745,0.80280061,1.79784822,0.04507828,2600,SUCCESS
ijcnn1,CVXOPT,False,0.05,0.0,Baseline,23,275.92295764,0.92528506,0.91846500,0.62518816,0.00000000,59.11238551,0.00000000,20000,SUCCESS
ijcnn1,CVXOPT,False,0.05,0.0,Screening,23,275.92347252,0.92528506,0.91843739,0.62518816,0.68243053,3.04553723,0.02226615,1225,SUCCESS
ijcnn1,CVXOPT,False,0.05,0.05,Baseline,23,301.45182386,0.92218444,0.91852877,0.62846227,0.00000000,61.56027675,0.00000000,20000,SUCCESS
ijcnn1,CVXOPT,False,0.05,0.05,Screening,23,301.45178307,0.92218444,0.91851040,0.62846227,0.54846373,17.42362094,0.02618027,15725,SUCCESS
ijcnn1,CVXOPT,False,0.1,0.0,Baseline,23,550.10132147,0.92498500,0.91847880,0.62686567,0.00000000,59.07472134,0.00000000,20000,SUCCESS
ijcnn1,CVXOPT,False,0.1,0.0,Screening,23,550.10113140,0.92488498,0.91847492,0.62692499,0.60910199,21.13439250,0.02332258,21825,SUCCESS
ijcnn1,CVXOPT,False,0.1,0.05,Baseline,23,601.52310171,0.92528506,0.91848108,0.62593891,0.00000000,60.97505641,0.00000000,20000,SUCCESS
ijcnn1,CVXOPT,False,0.1,0.05,Screening,23,601.52290429,0.92538508,0.91849044,0.62625251,0.55677805,21.50409245,0.02442646,19100,SUCCESS
ijcnn1,CVXOPT,False,0.01,0.0,Baseline,24,56.10373167,0.92818564,0.91688808,0.63737374,0.00000000,24.98941398,0.00000000,8425,SUCCESS
ijcnn1,CVXOPT,False,0.01,0.0,Screening,24,56.10373154,0.92818564,0.91689344,0.63737374,0.81749133,1.41180182,0.01752353,2900,SUCCESS
ijcnn1,CVXOPT,False,0.01,0.05,Baseline,24,60.93111531,0.92508502,0.91845267,0.63230241,0.00000000,60.08390617,0.00000000,20000,SUCCESS
ijcnn1,CVXOPT,False,0.01,0.05,Screening,24,60.93111513,0.92508502,0.91845051,0.63230241,0.56196668,12.60810256,0.02330971,11925,SUCCESS
ijcnn1,CVXOPT,False,0.05,0.0,Baseline,24,274.06075549,0.92508502,0.91632038,0.63085264,0.00000000,60.15790248,0.00000000,20000,SUCCESS
ijcnn1,CVXOPT,False,0.05,0.0,Screening,24,274.06073001,0.92968594,0.91632962,0.63818837,0.60372582,19.62214422,0.02195096,21225,SUCCESS
ijcnn1,CVXOPT,False,0.05,0.05,Baseline,24,299.74827956,0.92708542,0.91720342,0.63568216,0.00000000,61.56840110,0.00000000,20000,SUCCESS
ijcnn1,CVXOPT,False,0.05,0.05,Screening,24,299.74865256,0.92698540,0.91726662,0.63536464,0.63892101,3.17247486,0.02322030,1250,SUCCESS
ijcnn1,CVXOPT,False,0.1,0.0,Baseline,24,546.33031364,0.92988598,0.91641200,0.63847344,0.00000000,60.58165359,0.00000000,20000,SUCCESS
ijcnn1,CVXOPT,False,0.1,0.0,Screening,24,546.33028109,0.92988598,0.91640869,0.63847344,0.59147313,21.58121824,0.02679944,21850,SUCCESS
ijcnn1,CVXOPT,False,0.1,0.05,Baseline,24,598.08956032,0.92738548,0.91718528,0.63590772,0.00000000,60.91459107,0.00000000,20000,SUCCESS
ijcnn1,CVXOPT,False,0.1,0.05,Screening,24,598.08947745,0.92748550,0.91715060,0.63659148,0.57562592,22.74888420,0.02596402,22000,SUCCESS
ijcnn1,CVXOPT,False,0.01,0.0,Baseline,25,55.37352965,0.91608322,0.91160379,0.61067285,0.00000000,48.78774166,0.00000000,16725,SUCCESS
ijcnn1,CVXOPT,False,0.01,0.0,Screening,25,55.37352989,0.91608322,0.91160344,0.61067285,0.81946051,1.61277533,0.01831150,3425,SUCCESS
ijcnn1,CVXOPT,False,0.01,0.05,Baseline,25,60.46104046,0.91788358,0.91306764,0.61218706,0.00000000,22.72935414,0.00000000,7325,SUCCESS
ijcnn1,CVXOPT,False,0.01,0.05,Screening,25,60.46104032,0.91788358,0.91306547,0.61218706,0.80292564,1.43681479,0.01872897,2275,SUCCESS
ijcnn1,CVXOPT,False,0.05,0.0,Baseline,25,269.89542645,0.91718344,0.91163664,0.61053622,0.00000000,58.47972512,0.00000000,20000,SUCCESS
ijcnn1,CVXOPT,False,0.05,0.0,Screening,25,269.89541832,0.91718344,0.91163653,0.61053622,0.63813959,17.69101477,0.02180362,21050,SUCCESS
ijcnn1,CVXOPT,False,0.05,0.05,Baseline,25,296.57401782,0.91688338,0.91210406,0.61040788,0.00000000,61.34891748,0.00000000,20000,SUCCESS
ijcnn1,CVXOPT,False,0.05,0.05,Screening,25,296.57401253,0.91688338,0.91210098,0.61040788,0.59563029,18.05216670,0.02598429,17400,SUCCESS
ijcnn1,CVXOPT,False,0.1,0.0,Baseline,25,537.85699497,0.91708342,0.91152244,0.60692271,0.00000000,59.22597671,0.00000000,20000,SUCCESS
ijcnn1,CVXOPT,False,0.1,0.0,Screening,25,537.85695649,0.92098420,0.91150772,0.60774578,0.63276342,17.72725439,0.02223682,21225,SUCCESS
ijcnn1,CVXOPT,False,0.1,0.05,Baseline,25,591.53638822,0.91338268,0.91212345,0.61408200,0.00000000,61.32564783,0.00000000,20000,SUCCESS
ijcnn1,CVXOPT,False,0.1,0.05,Screening,25,591.53712471,0.92018404,0.91212528,0.60920666,0.65548714,4.51422238,0.02622247,1850,SUCCESS
ijcnn1,CVXOPT,False,0.01,0.0,Baseline,26,56.25036712,0.92688538,0.91396939,0.63793957,0.00000000,58.30823159,0.00000000,20000,SUCCESS
ijcnn1,CVXOPT,False,0.01,0.0,Screening,26,56.25036612,0.92688538,0.91396220,0.63793957,0.65689370,4.77480245,0.04764581,3750,SUCCESS
ijcnn1,CVXOPT,False,0.01,0.05,Baseline,26,61.10709544,0.92858572,0.91587316,0.63309353,0.00000000,21.73625636,0.00000000,7050,SUCCESS
ijcnn1,CVXOPT,False,0.01,0.05,Screening,26,61.10709553,0.92858572,0.91587270,0.63309353,0.80251930,1.41966867,0.01888108,2425,SUCCESS
ijcnn1,CVXOPT,False,0.05,0.0,Baseline,26,274.65007759,0.92968594,0.91388382,0.63781556,0.00000000,59.40257859,0.00000000,20000,SUCCESS
ijcnn1,CVXOPT,False,0.05,0.0,Screening,26,274.65006982,0.92978596,0.91387789,0.63814433,0.65973807,12.77124071,0.02760506,14875,SUCCESS
ijcnn1,CVXOPT,False,0.05,0.05,Baseline,26,300.62838068,0.92668534,0.91478705,0.63658899,0.00000000,60.04898715,0.00000000,20000,SUCCESS
ijcnn1,CVXOPT,False,0.05,0.05,Screening,26,300.62866440,0.92638528,0.91477450,0.63564356,0.63723314,3.52272391,0.02715397,1375,SUCCESS
ijcnn1,CVXOPT,False,0.1,0.0,Baseline,26,547.43304262,0.92968594,0.91397144,0.63593993,0.00000000,59.03315234,0.00000000,20000,SUCCESS
ijcnn1,CVXOPT,False,0.1,0.0,Screening,26,547.43286170,0.92968594,0.91394668,0.63593993,0.56949958,22.26797056,0.02339411,21525,SUCCESS
ijcnn1,CVXOPT,False,0.1,0.05,Baseline,26,599.83011728,0.92668534,0.91486931,0.63658899,0.00000000,60.89910054,0.00000000,20000,SUCCESS
ijcnn1,CVXOPT,False,0.1,0.05,Screening,26,599.82997126,0.92668534,0.91487398,0.63658899,0.61397806,21.43930531,0.02769113,21950,SUCCESS
ijcnn1,CVXOPT,False,0.01,0.0,Baseline,27,56.76569119,0.92858572,0.91499355,0.63645621,0.00000000,59.05798388,0.00000000,20000,SUCCESS
ijcnn1,CVXOPT,False,0.01,0.0,Screening,27,56.76569057,0.92858572,0.91498830,0.63645621,0.69212015,4.74241972,0.02042103,5200,SUCCESS
ijcnn1,CVXOPT,False,0.01,0.05,Baseline,27,61.55997481,0.92878576,0.91750974,0.63524590,0.00000000,59.67947650,0.00000000,20000,SUCCESS
ijcnn1,CVXOPT,False,0.01,0.05,Screening,27,61.56008136,0.92878576,0.91753416,0.63487179,0.55984122,1.75982261,0.02247000,700,SUCCESS
ijcnn1,CVXOPT,False,0.05,0.0,Baseline,27,277.62067257,0.92928586,0.91516730,0.63799283,0.00000000,59.28959155,0.00000000,20000,SUCCESS
ijcnn1,CVXOPT,False,0.05,0.0,Screening,27,277.62066445,0.92928586,0.91516867,0.63799283,0.63057544,18.41403294,0.02166438,21025,SUCCESS
ijcnn1,CVXOPT,False,0.05,0.05,Baseline,27,303.08393648,0.92808562,0.91612267,0.63558033,0.00000000,60.11827350,0.00000000,20000,SUCCESS
ijcnn1,CVXOPT,False,0.05,0.05,Screening,27,303.08393010,0.92808562,0.91612952,0.63558033,0.49989060,11.62203193,0.02341032,8900,SUCCESS
ijcnn1,CVXOPT,False,0.1,0.0,Baseline,27,553.53103979,0.92928586,0.91515475,0.63799283,0.00000000,59.45621681,0.00000000,20000,SUCCESS
ijcnn1,CVXOPT,False,0.1,0.0,Screening,27,553.53099866,0.92928586,0.91514802,0.63799283,0.65167380,19.54537153,0.02402353,21925,SUCCESS
ijcnn1,CVXOPT,False,0.1,0.05,Baseline,27,604.83529400,0.92868574,0.91617766,0.63678044,0.00000000,60.41299915,0.00000000,20000,SUCCESS
ijcnn1,CVXOPT,False,0.1,0.05,Screening,27,604.83587947,0.92858572,0.91618200,0.63645621,0.64014003,4.33357191,0.02441764,1800,SUCCESS
ijcnn1,CVXOPT,False,0.01,0.0,Baseline,28,56.08896224,0.91628326,0.91366306,0.61658268,0.00000000,58.31017804,0.00000000,20000,SUCCESS
ijcnn1,CVXOPT,False,0.01,0.0,Screening,28,56.08896175,0.91628326,0.91366534,0.61658268,0.65348670,6.19032168,0.02994418,5850,SUCCESS
ijcnn1,CVXOPT,False,0.01,0.05,Baseline,28,60.99978013,0.92318464,0.91609837,0.61714855,0.00000000,40.16398406,0.00000000,13350,SUCCESS
ijcnn1,CVXOPT,False,0.01,0.05,Screening,28,60.99978003,0.92318464,0.91609803,0.61714855,0.80361329,1.88708782,0.02920389,2950,SUCCESS
ijcnn1,CVXOPT,False,0.05,0.0,Baseline,28,273.87175352,0.92448490,0.91313986,0.61733401,0.00000000,59.26814246,0.00000000,20000,SUCCESS
ijcnn1,CVXOPT,False,0.05,0.0,Screening,28,273.87170935,0.92448490,0.91314841,0.61733401,0.62241740,7.46526122,0.02249765,7225,SUCCESS
ijcnn1,CVXOPT,False,0.05,0.05,Baseline,28,299.87434718,0.92338468,0.91445106,0.61776447,0.00000000,60.45984411,0.00000000,20000,SUCCESS
ijcnn1,CVXOPT,False,0.05,0.05,Screening,28,299.87434723,0.92338468,0.91445140,0.61776447,0.54518176,22.90354490,0.02378130,21300,SUCCESS
ijcnn1,CVXOPT,False,0.1,0.0,Baseline,28,545.92617129,0.92438488,0.91300090,0.61779575,0.00000000,59.36083555,0.00000000,20000,SUCCESS
ijcnn1,CVXOPT,False,0.1,0.0,Screening,28,545.92591425,0.92438488,0.91302931,0.61779575,0.59556778,21.18395782,0.02367830,21600,SUCCESS
ijcnn1,CVXOPT,False,0.1,0.05,Baseline,28,598.28980753,0.92298460,0.91441741,0.61691542,0.00000000,60.76337576,0.00000000,20000,SUCCESS
ijcnn1,CVXOPT,False,0.1,0.05,Screening,28,598.28965519,0.92298460,0.91438946,0.61653386,0.56959335,22.06861424,0.03623581,20200,SUCCESS
ijcnn1,CVXOPT,False,0.01,0.0,Baseline,29,56.21616997,0.91918384,0.91785520,0.62418605,0.00000000,36.50577283,0.00000000,12250,SUCCESS
ijcnn1,CVXOPT,False,0.01,0.0,Screening,29,56.21617003,0.91918384,0.91785497,0.62418605,0.81608477,1.85241532,0.01808929,4050,SUCCESS
ijcnn1,CVXOPT,False,0.01,0.05,Baseline,29,61.14205898,0.91668334,0.91989485,0.62494372,0.00000000,23.19796085,0.00000000,7725,SUCCESS
ijcnn1,CVXOPT,False,0.01,0.05,Screening,29,61.14205903,0.91668334,0.91989474,0.62494372,0.80205045,1.29679465,0.01876879,2200,SUCCESS
ijcnn1,CVXOPT,False,0.05,0.0,Baseline,29,274.53940205,0.91958392,0.91722954,0.62464986,0.00000000,59.07148123,0.00000000,20000,SUCCESS
ijcnn1,CVXOPT,False,0.05,0.0,Screening,29,274.53936895,0.91958392,0.91722407,0.62464986,0.61766636,9.24056125,0.02221704,9150,SUCCESS
ijcnn1,CVXOPT,False,0.05,0.05,Baseline,29,300.54880337,0.91928386,0.91880863,0.62964663,0.00000000,60.83383703,0.00000000,20000,SUCCESS
ijcnn1,CVXOPT,False,0.05,0.05,Screening,29,300.54879414,0.91938388,0.91879003,0.63027523,0.54261870,12.79320931,0.02233386,10975,SUCCESS
ijcnn1,CVXOPT,False,0.1,0.0,Baseline,29,547.29100451,0.91948390,0.91713953,0.62575546,0.00000000,58.56105161,0.00000000,20000,SUCCESS
ijcnn1,CVXOPT,False,0.1,0.0,Screening,29,547.29098681,0.91938388,0.91714626,0.62546468,0.62076079,20.35468888,0.04478955,21625,SUCCESS
ijcnn1,CVXOPT,False,0.1,0.05,Baseline,29,599.63913753,0.91928386,0.91870903,0.62690707,0.00000000,61.00885105,0.00000000,20000,SUCCESS
ijcnn1,CVXOPT,False,0.1,0.05,Screening,29,599.63963975,0.91898380,0.91875569,0.62500000,0.63435752,4.56279945,0.03626847,1800,SUCCESS
ijcnn1,CVXOPT,False,0.01,0.0,Baseline,30,56.39533813,0.92158432,0.91528538,0.62343900,0.00000000,48.93327045,0.00000000,16575,SUCCESS
ijcnn1,CVXOPT,False,0.01,0.0,Screening,30,56.39533825,0.92158432,0.91528493,0.62343900,0.81627231,1.76931739,0.01875687,3775,SUCCESS
ijcnn1,CVXOPT,False,0.01,0.05,Baseline,30,61.33169507,0.92428486,0.91756964,0.62244389,0.00000000,37.16188931,0.00000000,12275,SUCCESS
ijcnn1,CVXOPT,False,0.01,0.05,Screening,30,61.33169513,0.92428486,0.91756975,0.62244389,0.80198793,1.93439412,0.04582238,2500,SUCCESS
ijcnn1,CVXOPT,False,0.05,0.0,Baseline,30,275.40606233,0.92238448,0.91439904,0.62256809,0.00000000,58.21589780,0.00000000,20000,SUCCESS
ijcnn1,CVXOPT,False,0.05,0.0,Screening,30,275.40606754,0.92268454,0.91439562,0.62384428,0.63291970,18.43786669,0.02276087,21450,SUCCESS
ijcnn1,CVXOPT,False,0.05,0.05,Baseline,30,301.53150962,0.92528506,0.91612803,0.62138875,0.00000000,61.18544793,0.00000000,20000,SUCCESS
ijcnn1,CVXOPT,False,0.05,0.05,Screening,30,301.53147901,0.92528506,0.91613431,0.62138875,0.54624449,16.77578425,0.02377677,15200,SUCCESS
ijcnn1,CVXOPT,False,0.1,0.0,Baseline,30,549.00531925,0.92218444,0.91433253,0.62306202,0.00000000,59.30189180,0.00000000,20000,SUCCESS
ijcnn1,CVXOPT,False,0.1,0.0,Screening,30,549.00513619,0.92218444,0.91432591,0.62306202,0.60153784,21.37883806,0.03198600,21650,SUCCESS
ijcnn1,CVXOPT,False,0.1,0.05,Baseline,30,601.61028627,0.92528506,0.91614937,0.62138875,0.00000000,61.12324524,0.00000000,20000,SUCCESS
ijcnn1,CVXOPT,False,0.1,0.05,Screening,30,601.61008375,0.92518504,0.91616340,0.62107396,0.55299597,10.87494659,0.03347898,8475,SUCCESS
ijcnn1,CVXOPT,True,0.01,0.0,Baseline,1,56.32610866,0.91928386,0.92578290,0.63500678,0.00000000,43.91109371,0.00000000,14750,SUCCESS
ijcnn1,CVXOPT,True,0.01,0.0,Screening,1,56.32610878,0.91928386,0.92578427,0.63500678,0.81752258,2.25272131,0.01898861,5175,SUCCESS
ijcnn1,CVXOPT,True,0.01,0.05,Baseline,1,61.18960529,0.92148430,0.92699154,0.63808207,0.00000000,42.19330382,0.00000000,13800,SUCCESS
ijcnn1,CVXOPT,True,0.01,0.05,Screening,1,61.18960541,0.92148430,0.92699279,0.63808207,0.80292564,1.61122322,0.02195954,3000,SUCCESS
ijcnn1,CVXOPT,True,0.05,0.0,Baseline,1,275.10939441,0.92108422,0.92551525,0.63556582,0.00000000,58.78613377,0.00000000,20000,SUCCESS
ijcnn1,CVXOPT,True,0.05,0.0,Screening,1,275.10939065,0.92108422,0.92551479,0.63556582,0.63782702,18.22986245,0.02842379,21050,SUCCESS
ijcnn1,CVXOPT,True,0.05,0.05,Baseline,1,301.01146247,0.91978396,0.92611581,0.63545455,0.00000000,60.06902719,0.00000000,19775,SUCCESS
ijcnn1,CVXOPT,True,0.05,0.05,Screening,1,301.01146317,0.91978396,0.92611512,0.63545455,0.80736411,1.70647192,0.01890445,3400,SUCCESS
ijcnn1,CVXOPT,True,0.1,0.0,Baseline,1,548.40552709,0.92108422,0.92555050,0.63657301,0.00000000,58.42110014,0.00000000,20000,SUCCESS
ijcnn1,CVXOPT,True,0.1,0.0,Screening,1,548.40547377,0.92108422,0.92554571,0.63657301,0.68089895,17.76599956,0.03202415,21650,SUCCESS
ijcnn1,CVXOPT,True,0.1,0.05,Baseline,1,600.60019157,0.91998400,0.92600594,0.63735267,0.00000000,60.74022269,0.00000000,20000,SUCCESS
ijcnn1,CVXOPT,True,0.1,0.05,Screening,1,600.60006298,0.91998400,0.92600252,0.63735267,0.59850592,22.94744110,0.04200220,22000,SUCCESS
ijcnn1,CVXOPT,True,0.01,0.0,Baseline,2,56.64921590,0.92128426,0.92486541,0.64113087,0.00000000,39.35553932,0.00000000,13525,SUCCESS
ijcnn1,CVXOPT,True,0.01,0.0,Screening,2,56.64921603,0.92128426,0.92486701,0.64113087,0.81611603,2.33063579,0.02431011,4275,SUCCESS
ijcnn1,CVXOPT,True,0.01,0.05,Baseline,2,61.55213390,0.92308462,0.92619430,0.64545874,0.00000000,60.82791567,0.00000000,20000,SUCCESS
ijcnn1,CVXOPT,True,0.01,0.05,Screening,2,61.55213356,0.92308462,0.92619065,0.64545874,0.55821586,15.90564489,0.02826047,15450,SUCCESS
ijcnn1,CVXOPT,True,0.05,0.0,Baseline,2,276.61790681,0.92658532,0.92448892,0.64299611,0.00000000,58.73930335,0.00000000,20000,SUCCESS
ijcnn1,CVXOPT,True,0.05,0.0,Screening,2,276.61785258,0.92668534,0.92447728,0.64330900,0.62988779,17.29435802,0.02537942,18725,SUCCESS
ijcnn1,CVXOPT,True,0.05,0.05,Baseline,2,302.83569498,0.92538508,0.92533522,0.64644550,0.00000000,61.94405508,0.00000000,20000,SUCCESS
ijcnn1,CVXOPT,True,0.05,0.05,Screening,2,302.83602959,0.92518504,0.92535724,0.64650284,0.63376364,3.09021401,0.02267456,1225,SUCCESS
ijcnn1,CVXOPT,True,0.1,0.0,Baseline,2,551.39463367,0.92598520,0.92455771,0.64320154,0.00000000,59.02186179,0.00000000,20000,SUCCESS
ijcnn1,CVXOPT,True,0.1,0.0,Screening,2,551.39397975,0.92588518,0.92455224,0.64323544,0.62335511,17.32745957,0.02447915,18300,SUCCESS
ijcnn1,CVXOPT,True,0.1,0.05,Baseline,2,604.24155801,0.92548510,0.92513009,0.64742073,0.00000000,60.60865760,0.00000000,20000,SUCCESS
ijcnn1,CVXOPT,True,0.1,0.05,Screening,2,604.24152601,0.92548510,0.92514002,0.64742073,0.56524865,23.36444354,0.02373743,21800,SUCCESS
ijcnn1,CVXOPT,True,0.01,0.0,Baseline,3,56.18991613,0.92138428,0.91059754,0.62748815,0.00000000,56.33434319,0.00000000,18700,SUCCESS
ijcnn1,CVXOPT,True,0.01,0.0,Screening,3,56.18991627,0.92138428,0.91059685,0.62748815,0.81758510,1.88555574,0.01876807,4150,SUCCESS
ijcnn1,CVXOPT,True,0.01,0.05,Baseline,3,61.13300738,0.92318464,0.91179271,0.61942517,0.00000000,28.45136619,0.00000000,8975,SUCCESS
ijcnn1,CVXOPT,True,0.01,0.05,Screening,3,61.13300733,0.92318464,0.91179260,0.61942517,0.80164411,1.41532421,0.01946187,2525,SUCCESS
ijcnn1,CVXOPT,True,0.05,0.0,Baseline,3,274.32143989,0.92328466,0.91093398,0.61553885,0.00000000,59.27019024,0.00000000,20000,SUCCESS
ijcnn1,CVXOPT,True,0.05,0.0,Screening,3,274.32143072,0.92338468,0.91093181,0.61623246,0.61047729,11.95377088,0.04559422,11800,SUCCESS
ijcnn1,CVXOPT,True,0.05,0.05,Baseline,3,300.48999580,0.92118424,0.91113603,0.62583096,0.00000000,60.96983004,0.00000000,20000,SUCCESS
ijcnn1,CVXOPT,True,0.05,0.05,Screening,3,300.48997294,0.92118424,0.91112496,0.62583096,0.57393805,12.92261100,0.02343321,11175,SUCCESS
ijcnn1,CVXOPT,True,0.1,0.0,Baseline,3,546.78949298,0.92128426,0.91070626,0.62398471,0.00000000,59.73250937,0.00000000,20000,SUCCESS
ijcnn1,CVXOPT,True,0.1,0.0,Screening,3,546.78942684,0.92128426,0.91071139,0.62398471,0.63413872,18.13635635,0.02473140,21350,SUCCESS
ijcnn1,CVXOPT,True,0.1,0.05,Baseline,3,599.49629391,0.92138428,0.91111013,0.62642586,0.00000000,61.15142012,0.00000000,20000,SUCCESS
ijcnn1,CVXOPT,True,0.1,0.05,Screening,3,599.49603575,0.92138428,0.91115097,0.62535748,0.56299816,23.91645050,0.02614737,21900,SUCCESS
ijcnn1,CVXOPT,True,0.01,0.0,Baseline,4,56.37853742,0.92588518,0.91594777,0.62707599,0.00000000,34.00095487,0.00000000,11400,SUCCESS
ijcnn1,CVXOPT,True,0.01,0.0,Screening,4,56.37853749,0.92588518,0.91594880,0.62707599,0.81570969,1.26682138,0.01798415,2475,SUCCESS
ijcnn1,CVXOPT,True,0.01,0.05,Baseline,4,61.26328021,0.92258452,0.91748909,0.62058824,0.00000000,45.02704358,0.00000000,14650,SUCCESS
ijcnn1,CVXOPT,True,0.01,0.05,Screening,4,61.26328024,0.92258452,0.91748989,0.62058824,0.80051886,1.43330598,0.01907015,2525,SUCCESS
ijcnn1,CVXOPT,True,0.05,0.0,Baseline,4,275.37511142,0.92458492,0.91584373,0.62562066,0.00000000,59.17344952,0.00000000,20000,SUCCESS
ijcnn1,CVXOPT,True,0.05,0.0,Screening,4,275.37510743,0.92458492,0.91583700,0.62562066,0.63660801,18.22166014,0.02203131,21150,SUCCESS
ijcnn1,CVXOPT,True,0.05,0.05,Baseline,4,301.30994630,0.92568514,0.91650224,0.62531518,0.00000000,61.52710772,0.00000000,20000,SUCCESS
ijcnn1,CVXOPT,True,0.05,0.05,Screening,4,301.30991951,0.92558512,0.91649836,0.62462159,0.59613040,16.38731050,0.02302790,16750,SUCCESS
ijcnn1,CVXOPT,True,0.1,0.0,Baseline,4,548.95614751,0.92398480,0.91588229,0.62338949,0.00000000,59.19252014,0.00000000,20000,SUCCESS
ijcnn1,CVXOPT,True,0.1,0.0,Screening,4,548.95608031,0.92408482,0.91588754,0.62369856,0.56859313,21.94944692,0.02440834,21500,SUCCESS
ijcnn1,CVXOPT,True,0.1,0.05,Baseline,4,601.17886416,0.92588518,0.91635016,0.62556847,0.00000000,62.66070580,0.00000000,20000,SUCCESS
ijcnn1,CVXOPT,True,0.1,0.05,Screening,4,601.17868020,0.92588518,0.91637743,0.62594649,0.61710374,21.48836231,0.02498436,21875,SUCCESS
ijcnn1,CVXOPT,True,0.01,0.0,Baseline,5,56.77220496,0.92958592,0.91831166,0.64408493,0.00000000,59.22135925,0.00000000,20000,SUCCESS
ijcnn1,CVXOPT,True,0.01,0.0,Screening,5,56.77220450,0.92968594,0.91832011,0.64441072,0.71296846,6.82603574,0.02117991,9350,SUCCESS
ijcnn1,CVXOPT,True,0.01,0.05,Baseline,5,61.58011931,0.93188638,0.91986679,0.64176749,0.00000000,24.32630515,0.00000000,7850,SUCCESS
ijcnn1,CVXOPT,True,0.01,0.05,Screening,5,61.58011926,0.93188638,0.91986747,0.64176749,0.80183165,2.06943917,0.04262233,2725,SUCCESS
ijcnn1,CVXOPT,True,0.05,0.0,Baseline,5,277.62875996,0.92268454,0.91840168,0.63451537,0.00000000,59.76181746,0.00000000,20000,SUCCESS
ijcnn1,CVXOPT,True,0.05,0.0,Screening,5,277.62872019,0.92258452,0.91839392,0.63421550,0.63191948,18.11784148,0.02268028,21175,SUCCESS
ijcnn1,CVXOPT,True,0.05,0.05,Baseline,5,303.15539982,0.93108622,0.91847355,0.64095883,0.00000000,61.14711523,0.00000000,20000,SUCCESS
ijcnn1,CVXOPT,True,0.05,0.05,Screening,5,303.15538776,0.93108622,0.91847971,0.64095883,0.55699684,13.16390038,0.02315283,11450,SUCCESS
ijcnn1,CVXOPT,True,0.1,0.0,Baseline,5,553.54629349,0.93178636,0.91835182,0.64105263,0.00000000,59.35142756,0.00000000,20000,SUCCESS
ijcnn1,CVXOPT,True,0.1,0.0,Screening,5,553.54596752,0.93178636,0.91835616,0.64105263,0.63507642,15.66351676,0.02467608,16600,SUCCESS
ijcnn1,CVXOPT,True,0.1,0.05,Baseline,5,604.95716462,0.93128626,0.91848131,0.64237376,0.00000000,61.12967968,0.00000000,20000,SUCCESS
ijcnn1,CVXOPT,True,0.1,0.05,Screening,5,604.95710068,0.93118624,0.91849637,0.64166667,0.49654612,15.63283277,0.02698588,11775,SUCCESS
ijcnn1,CVXOPT,True,0.01,0.0,Baseline,6,56.59935318,0.92388478,0.91796792,0.62345374,0.00000000,47.44858003,0.00000000,16100,SUCCESS
ijcnn1,CVXOPT,True,0.01,0.0,Screening,6,56.59935295,0.92388478,0.91796917,0.62345374,0.81605351,1.51461244,0.01849794,3150,SUCCESS
ijcnn1,CVXOPT,True,0.01,0.05,Baseline,6,61.47539681,0.92378476,0.91942436,0.62013958,0.00000000,30.59766722,0.00000000,10025,SUCCESS
ijcnn1,CVXOPT,True,0.01,0.05,Screening,6,61.47539679,0.92378476,0.91942413,0.62013958,0.80167537,1.24374628,0.02220988,2100,SUCCESS
ijcnn1,CVXOPT,True,0.05,0.0,Baseline,6,276.57596368,0.92198440,0.91804858,0.62209302,0.00000000,53.33649087,0.00000000,17900,SUCCESS
ijcnn1,CVXOPT,True,0.05,0.0,Screening,6,276.57596413,0.92198440,0.91804892,0.62209302,0.82221111,1.81953955,0.01865387,4175,SUCCESS
ijcnn1,CVXOPT,True,0.05,0.05,Baseline,6,302.42403679,0.92238448,0.91826728,0.62146341,0.00000000,60.60970736,0.00000000,20000,SUCCESS
ijcnn1,CVXOPT,True,0.05,0.05,Screening,6,302.42401038,0.92248450,0.91826626,0.62176672,0.55390242,18.18633127,0.02403402,16625,SUCCESS
ijcnn1,CVXOPT,True,0.1,0.0,Baseline,6,551.39370813,0.92558512,0.91795868,0.62118126,0.00000000,58.75030470,0.00000000,20000,SUCCESS
ijcnn1,CVXOPT,True,0.1,0.0,Screening,6,551.39360939,0.92558512,0.91796084,0.62118126,0.62988779,15.26827145,0.02366209,16000,SUCCESS
ijcnn1,CVXOPT,True,0.1,0.05,Baseline,6,603.43451044,0.92268454,0.91796358,0.62163485,0.00000000,60.54482651,0.00000000,20000,SUCCESS
ijcnn1,CVXOPT,True,0.1,0.05,Screening,6,603.43434502,0.92268454,0.91797522,0.62163485,0.58350264,22.60406613,0.02483392,21800,SUCCESS
ijcnn1,CVXOPT,True,0.01,0.0,Baseline,7,57.12289232,0.93028606,0.92231704,0.64238071,0.00000000,40.99615169,0.00000000,13800,SUCCESS
ijcnn1,CVXOPT,True,0.01,0.0,Screening,7,57.12289253,0.93028606,0.92231693,0.64238071,0.81439690,2.24528623,0.01874352,5075,SUCCESS
ijcnn1,CVXOPT,True,0.01,0.05,Baseline,7,61.87310379,0.93108622,0.92393217,0.64319006,0.00000000,33.13317537,0.00000000,10725,SUCCESS
ijcnn1,CVXOPT,True,0.01,0.05,Screening,7,61.87310386,0.93108622,0.92393217,0.64319006,0.79917482,1.45965600,0.01879621,2575,SUCCESS
ijcnn1,CVXOPT,True,0.05,0.0,Baseline,7,279.35491245,0.92868574,0.92195938,0.64720435,0.00000000,59.38232207,0.00000000,20000,SUCCESS
ijcnn1,CVXOPT,True,0.05,0.0,Screening,7,279.35488950,0.92868574,0.92196702,0.64720435,0.60313194,19.11473465,0.02187538,21300,SUCCESS
ijcnn1,CVXOPT,True,0.05,0.05,Baseline,7,304.89292157,0.92978596,0.92248133,0.64935065,0.00000000,61.06117296,0.00000000,20000,SUCCESS
ijcnn1,CVXOPT,True,0.05,0.05,Screening,7,304.89291787,0.92958592,0.92249433,0.64800000,0.50210984,13.93230152,0.02477932,11150,SUCCESS
ijcnn1,CVXOPT,True,0.1,0.0,Baseline,7,556.97166769,0.92908582,0.92168032,0.64743909,0.00000000,59.66692114,0.00000000,20000,SUCCESS
ijcnn1,CVXOPT,True,0.1,0.0,Screening,7,556.97142281,0.92508502,0.92165727,0.64316341,0.61922921,17.68199062,0.02513433,18750,SUCCESS
ijcnn1,CVXOPT,True,0.1,0.05,Baseline,7,608.51057665,0.92988598,0.92256438,0.64720684,0.00000000,60.57091904,0.00000000,20000,SUCCESS
ijcnn1,CVXOPT,True,0.1,0.05,Screening,7,608.51043998,0.92978596,0.92256461,0.64688129,0.49995311,26.61268878,0.02486682,21850,SUCCESS
ijcnn1,CVXOPT,True,0.01,0.0,Baseline,8,56.18786258,0.92778556,0.91896219,0.62119622,0.00000000,16.49144483,0.00000000,5600,SUCCESS
ijcnn1,CVXOPT,True,0.01,0.0,Screening,8,56.18786270,0.92778556,0.91896185,0.62119622,0.81667865,1.53895903,0.01880145,3200,SUCCESS
ijcnn1,CVXOPT,True,0.01,0.05,Baseline,8,61.04454517,0.92718544,0.92041076,0.62318841,0.00000000,40.37836599,0.00000000,13475,SUCCESS
ijcnn1,CVXOPT,True,0.01,0.05,Screening,8,61.04454506,0.92708542,0.92041281,0.62247540,0.80270684,1.53991294,0.02371860,2675,SUCCESS
ijcnn1,CVXOPT,True,0.05,0.0,Baseline,8,274.39799604,0.92818564,0.91913526,0.61727079,0.00000000,59.31384468,0.00000000,20000,SUCCESS
ijcnn1,CVXOPT,True,0.05,0.0,Screening,8,274.39798838,0.92818564,0.91913743,0.61727079,0.63567030,17.76519370,0.02159166,21175,SUCCESS
ijcnn1,CVXOPT,True,0.05,0.05,Baseline,8,300.24484574,0.92528506,0.91966337,0.62817322,0.00000000,61.08741570,0.00000000,20000,SUCCESS
ijcnn1,CVXOPT,True,0.05,0.05,Screening,8,300.24484037,0.92528506,0.91965048,0.62817322,0.59563029,21.03165913,0.02809715,21475,SUCCESS
ijcnn1,CVXOPT,True,0.1,0.0,Baseline,8,546.97289165,0.92558512,0.91904741,0.62079511,0.00000000,57.42750335,0.00000000,20000,SUCCESS
ijcnn1,CVXOPT,True,0.1,0.0,Screening,8,546.97288118,0.92578516,0.91904137,0.62142857,0.62629325,18.00088072,0.02402568,21300,SUCCESS
ijcnn1,CVXOPT,True,0.1,0.05,Baseline,8,599.04943717,0.92718544,0.91947741,0.62004175,0.00000000,60.85527873,0.00000000,20000,SUCCESS
ijcnn1,CVXOPT,True,0.1,0.05,Screening,8,599.04927020,0.92718544,0.91948528,0.62043796,0.57731379,23.29336882,0.02709460,21925,SUCCESS
ijcnn1,CVXOPT,True,0.01,0.0,Baseline,9,56.24789496,0.91738348,0.91786227,0.62556664,0.00000000,18.85401249,0.00000000,6375,SUCCESS
ijcnn1,CVXOPT,True,0.01,0.0,Screening,9,56.24789493,0.91738348,0.91786421,0.62556664,0.81755384,2.04763889,0.01830626,4725,SUCCESS
ijcnn1,CVXOPT,True,0.01,0.05,Baseline,9,61.17470184,0.92398480,0.91938602,0.63320463,0.00000000,56.02794170,0.00000000,18600,SUCCESS
ijcnn1,CVXOPT,True,0.01,0.05,Screening,9,61.17470201,0.92398480,0.91938705,0.63320463,0.80280061,2.26131082,0.03465986,3125,SUCCESS
ijcnn1,CVXOPT,True,0.05,0.0,Baseline,9,274.74783242,0.92228446,0.91848200,0.63469676,0.00000000,59.06364846,0.00000000,20000,SUCCESS
ijcnn1,CVXOPT,True,0.05,0.0,Screening,9,274.74780622,0.92228446,0.91847161,0.63469676,0.63795205,8.48087931,0.02201247,8325,SUCCESS
ijcnn1,CVXOPT,True,0.05,0.05,Baseline,9,300.68081279,0.92588518,0.91792685,0.63371231,0.00000000,61.07434225,0.00000000,20000,SUCCESS
ijcnn1,CVXOPT,True,0.05,0.05,Screening,9,300.68137189,0.92598520,0.91790083,0.63402572,0.62604320,2.94965434,0.02395916,1300,SUCCESS
ijcnn1,CVXOPT,True,0.1,0.0,Baseline,9,547.70764181,0.92178436,0.91851679,0.63320826,0.00000000,58.30685425,0.00000000,20000,SUCCESS
ijcnn1,CVXOPT,True,0.1,0.0,Screening,9,547.70752766,0.92178436,0.91853653,0.63320826,0.63073172,20.06638789,0.04922843,21825,SUCCESS
ijcnn1,CVXOPT,True,0.1,0.05,Baseline,9,599.90701546,0.92248450,0.91797454,0.63356974,0.00000000,60.57194328,0.00000000,20000,SUCCESS
ijcnn1,CVXOPT,True,0.1,0.05,Screening,9,599.90689258,0.92248450,0.91797636,0.63356974,0.52095771,25.11203170,0.02922082,21650,SUCCESS
ijcnn1,CVXOPT,True,0.01,0.0,Baseline,10,55.81368704,0.92528506,0.92218356,0.62891207,0.00000000,12.46911263,0.00000000,4225,SUCCESS
ijcnn1,CVXOPT,True,0.01,0.0,Screening,10,55.81368699,0.92528506,0.92218322,0.62891207,0.81899165,1.62650132,0.01928091,3550,SUCCESS
ijcnn1,CVXOPT,True,0.01,0.05,Baseline,10,60.69417565,0.92648530,0.92306682,0.62519123,0.00000000,60.86894464,0.00000000,20000,SUCCESS
ijcnn1,CVXOPT,True,0.01,0.05,Screening,10,60.69417536,0.92648530,0.92306557,0.62519123,0.53355421,10.46848440,0.02283740,8850,SUCCESS
ijcnn1,CVXOPT,True,0.05,0.0,Baseline,10,272.57905538,0.92208442,0.92196405,0.63167849,0.00000000,58.35407686,0.00000000,20000,SUCCESS
ijcnn1,CVXOPT,True,0.05,0.0,Screening,10,272.57902780,0.92198440,0.92196542,0.63137996,0.61535336,19.43166852,0.02164888,21250,SUCCESS
ijcnn1,CVXOPT,True,0.05,0.05,Baseline,10,298.32017908,0.92168434,0.92244607,0.63048608,0.00000000,60.12782359,0.00000000,20000,SUCCESS
ijcnn1,CVXOPT,True,0.05,0.05,Screening,10,298.32012655,0.92168434,0.92245394,0.63048608,0.59531773,21.13733363,0.02312398,21550,SUCCESS
ijcnn1,CVXOPT,True,0.1,0.0,Baseline,10,543.35665167,0.92178436,0.92207928,0.63043478,0.00000000,58.32752895,0.00000000,20000,SUCCESS
ijcnn1,CVXOPT,True,0.1,0.0,Screening,10,543.35666781,0.92178436,0.92207962,0.63043478,0.64932954,18.16082740,0.02487993,21500,SUCCESS
ijcnn1,CVXOPT,True,0.1,0.05,Baseline,10,595.18745354,0.92188438,0.92245326,0.63108172,0.00000000,60.66863728,0.00000000,20000,SUCCESS
ijcnn1,CVXOPT,True,0.1,0.05,Screening,10,595.18735509,0.92178436,0.92245474,0.63078376,0.52023880,25.54214764,0.02982426,21750,SUCCESS
ijcnn1,CVXOPT,True,0.01,0.0,Baseline,11,56.61193847,0.93008602,0.91385735,0.62318059,0.00000000,51.54196548,0.00000000,17500,SUCCESS
ijcnn1,CVXOPT,True,0.01,0.0,Screening,11,56.61193844,0.93008602,0.91385701,0.62318059,0.81530335,2.21233249,0.01849151,5100,SUCCESS
ijcnn1,CVXOPT,True,0.01,0.05,Baseline,11,61.44142233,0.92998600,0.91570922,0.62121212,0.00000000,60.35639668,0.00000000,20000,SUCCESS
ijcnn1,CVXOPT,True,0.01,0.05,Screening,11,61.44142228,0.92998600,0.91570933,0.62121212,0.48535617,7.21980643,0.02397132,5800,SUCCESS
ijcnn1,CVXOPT,True,0.05,0.0,Baseline,11,276.71331540,0.93008602,0.91398992,0.62640299,0.00000000,58.98274589,0.00000000,20000,SUCCESS
ijcnn1,CVXOPT,True,0.05,0.0,Screening,11,276.71330757,0.93008602,0.91398981,0.62640299,0.61979183,17.33565974,0.02630711,19475,SUCCESS
ijcnn1,CVXOPT,True,0.05,0.05,Baseline,11,302.37652187,0.92978596,0.91443486,0.61343612,0.00000000,61.34498739,0.00000000,20000,SUCCESS
ijcnn1,CVXOPT,True,0.05,0.05,Screening,11,302.37651110,0.92978596,0.91444547,0.61343612,0.53433564,21.41658854,0.03120399,18775,SUCCESS
ijcnn1,CVXOPT,True,0.1,0.0,Baseline,11,551.66579974,0.93018604,0.91403978,0.62832801,0.00000000,59.36198473,0.00000000,20000,SUCCESS
ijcnn1,CVXOPT,True,0.1,0.0,Screening,11,551.66560549,0.93008602,0.91407195,0.62799361,0.61729128,15.59049535,0.03000760,15925,SUCCESS
ijcnn1,CVXOPT,True,0.1,0.05,Baseline,11,603.37068938,0.92998600,0.91437519,0.61325967,0.00000000,60.55770373,0.00000000,20000,SUCCESS
ijcnn1,CVXOPT,True,0.1,0.05,Screening,11,603.37062999,0.93008602,0.91437805,0.61359867,0.47291595,13.95066261,0.02438188,10000,SUCCESS
ijcnn1,CVXOPT,True,0.01,0.0,Baseline,12,55.93009092,0.92928586,0.91539091,0.64020356,0.00000000,37.68519783,0.00000000,13000,SUCCESS
ijcnn1,CVXOPT,True,0.01,0.0,Screening,12,55.93009085,0.92928586,0.91538897,0.64020356,0.81780389,2.12584233,0.01833367,3900,SUCCESS
ijcnn1,CVXOPT,True,0.01,0.05,Baseline,12,60.87055516,0.91898380,0.91698346,0.63215259,0.00000000,61.04626846,0.00000000,20000,SUCCESS
ijcnn1,CVXOPT,True,0.01,0.05,Screening,12,60.87055509,0.91898380,0.91698437,0.63215259,0.63504517,4.92482138,0.02461934,4550,SUCCESS
ijcnn1,CVXOPT,True,0.05,0.0,Baseline,12,272.84945943,0.92368474,0.91493320,0.63992449,0.00000000,58.64373422,0.00000000,20000,SUCCESS
ijcnn1,CVXOPT,True,0.05,0.0,Screening,12,272.84944346,0.92368474,0.91493251,0.63992449,0.61150877,19.79611683,0.02304935,21300,SUCCESS
ijcnn1,CVXOPT,True,0.05,0.05,Baseline,12,299.15771188,0.92798560,0.91550591,0.64391691,0.00000000,60.88857603,0.00000000,20000,SUCCESS
ijcnn1,CVXOPT,True,0.05,0.05,Screening,12,299.15768853,0.92798560,0.91549200,0.64426877,0.58603445,7.58686352,0.05056596,5775,SUCCESS
ijcnn1,CVXOPT,True,0.1,0.0,Baseline,12,543.82065318,0.92258452,0.91471324,0.63764045,0.00000000,59.27985978,0.00000000,20000,SUCCESS
ijcnn1,CVXOPT,True,0.1,0.0,Screening,12,543.82037790,0.92258452,0.91474096,0.63764045,0.65676867,17.48887086,0.02572894,21325,SUCCESS
ijcnn1,CVXOPT,True,0.1,0.05,Baseline,12,596.84686267,0.92848570,0.91556684,0.64551314,0.00000000,61.92759800,0.00000000,20000,SUCCESS
ijcnn1,CVXOPT,True,0.1,0.05,Screening,12,596.84670104,0.92408482,0.91556809,0.63977219,0.61000844,22.04572034,0.02539611,21925,SUCCESS
ijcnn1,CVXOPT,True,0.01,0.0,Baseline,13,56.66862918,0.92598520,0.92351655,0.64457253,0.00000000,40.69971728,0.00000000,13750,SUCCESS
ijcnn1,CVXOPT,True,0.01,0.0,Screening,13,56.66862929,0.92598520,0.92351633,0.64457253,0.81433439,1.86652851,0.01848006,3500,SUCCESS
ijcnn1,CVXOPT,True,0.01,0.05,Baseline,13,61.50358089,0.91928386,0.92474904,0.63434527,0.00000000,21.11492300,0.00000000,7050,SUCCESS
ijcnn1,CVXOPT,True,0.01,0.05,Screening,13,61.50358084,0.91928386,0.92474733,0.63434527,0.80136280,1.38689685,0.01981854,2450,SUCCESS
ijcnn1,CVXOPT,True,0.05,0.0,Baseline,13,276.95317309,0.92568514,0.92329842,0.64500717,0.00000000,59.29795098,0.00000000,20000,SUCCESS
ijcnn1,CVXOPT,True,0.05,0.0,Screening,13,276.95315749,0.92568514,0.92329420,0.64500717,0.60185040,12.89668965,0.02217054,12700,SUCCESS
ijcnn1,CVXOPT,True,0.05,0.05,Baseline,13,302.71699590,0.92468494,0.92350298,0.64363464,0.00000000,60.50310016,0.00000000,20000,SUCCESS
ijcnn1,CVXOPT,True,0.05,0.05,Screening,13,302.71696399,0.92468494,0.92351895,0.64329702,0.51201825,24.26272917,0.02816296,21100,SUCCESS
ijcnn1,CVXOPT,True,0.1,0.0,Baseline,13,552.15391265,0.92618524,0.92334018,0.64621285,0.00000000,59.03152752,0.00000000,20000,SUCCESS
ijcnn1,CVXOPT,True,0.1,0.0,Screening,13,552.15384700,0.92618524,0.92333344,0.64621285,0.61613478,17.67779160,0.02748919,18250,SUCCESS
ijcnn1,CVXOPT,True,0.1,0.05,Baseline,13,604.03224008,0.92478496,0.92348860,0.64393939,0.00000000,60.09007907,0.00000000,20000,SUCCESS
ijcnn1,CVXOPT,True,0.1,0.05,Screening,13,604.03207942,0.92468494,0.92348290,0.64363464,0.54036821,24.39306259,0.02881050,21800,SUCCESS
ijcnn1,CVXOPT,True,0.01,0.0,Baseline,14,56.19922884,0.92008402,0.91659659,0.61678657,0.00000000,39.36572123,0.00000000,13350,SUCCESS
ijcnn1,CVXOPT,True,0.01,0.0,Screening,14,56.19922876,0.92008402,0.91659647,0.61678657,0.81705373,3.11654568,0.01792169,7700,SUCCESS
ijcnn1,CVXOPT,True,0.01,0.05,Baseline,14,61.08617253,0.92508502,0.91799108,0.61211807,0.00000000,50.64248586,0.00000000,16775,SUCCESS
ijcnn1,CVXOPT,True,0.01,0.05,Screening,14,61.08617260,0.92508502,0.91799062,0.61211807,0.80280061,1.80727816,0.02427173,3175,SUCCESS
ijcnn1,CVXOPT,True,0.05,0.0,Baseline,14,274.47557369,0.92108422,0.91683925,0.61865636,0.00000000,59.25283909,0.00000000,20000,SUCCESS
ijcnn1,CVXOPT,True,0.05,0.0,Screening,14,274.47556263,0.92108422,0.91681586,0.61865636,0.60544494,13.29065299,0.02270794,13700,SUCCESS
ijcnn1,CVXOPT,True,0.05,0.05,Baseline,14,300.36066135,0.92348470,0.91724130,0.61499748,0.00000000,61.44457173,0.00000000,20000,SUCCESS
ijcnn1,CVXOPT,True,0.05,0.05,Screening,14,300.36063980,0.92338468,0.91724791,0.61430010,0.53783640,19.82665491,0.02651906,16950,SUCCESS
ijcnn1,CVXOPT,True,0.1,0.0,Baseline,14,547.14184034,0.92108422,0.91655426,0.61865636,0.00000000,58.66220808,0.00000000,20000,SUCCESS
ijcnn1,CVXOPT,True,0.1,0.0,Screening,14,547.14142969,0.92108422,0.91655187,0.61865636,0.60663270,19.59083486,0.02335954,21425,SUCCESS
ijcnn1,CVXOPT,True,0.1,0.05,Baseline,14,599.27243642,0.92008402,0.91711089,0.61531054,0.00000000,60.79538345,0.00000000,20000,SUCCESS
ijcnn1,CVXOPT,True,0.1,0.05,Screening,14,599.27200949,0.92008402,0.91710416,0.61568062,0.53036602,19.29581213,0.02640486,15900,SUCCESS
ijcnn1,CVXOPT,True,0.01,0.0,Baseline,15,55.31373706,0.92348470,0.91284791,0.60176991,0.00000000,43.81829619,0.00000000,15075,SUCCESS
ijcnn1,CVXOPT,True,0.01,0.0,Screening,15,55.31373731,0.92348470,0.91284757,0.60176991,0.81946051,2.32029343,0.03855443,4000,SUCCESS
ijcnn1,CVXOPT,True,0.01,0.05,Baseline,15,60.35690205,0.92258452,0.91477918,0.60948537,0.00000000,43.31915903,0.00000000,14475,SUCCESS
ijcnn1,CVXOPT,True,0.01,0.05,Screening,15,60.35690202,0.92258452,0.91477827,0.60948537,0.80498859,1.35373259,0.01902699,2375,SUCCESS
ijcnn1,CVXOPT,True,0.05,0.0,Baseline,15,269.58289297,0.92198440,0.91227918,0.60606061,0.00000000,59.01693130,0.00000000,20000,SUCCESS
ijcnn1,CVXOPT,True,0.05,0.0,Screening,15,269.58289047,0.92198440,0.91227861,0.60606061,0.63213828,16.54545712,0.02278495,19225,SUCCESS
ijcnn1,CVXOPT,True,0.05,0.05,Baseline,15,296.16778639,0.91768354,0.91382050,0.60678452,0.00000000,59.85094285,0.00000000,20000,SUCCESS
ijcnn1,CVXOPT,True,0.05,0.05,Screening,15,296.16776524,0.91768354,0.91381651,0.60678452,0.55896602,17.20010781,0.02383089,16350,SUCCESS
ijcnn1,CVXOPT,True,0.1,0.0,Baseline,15,537.20587840,0.92148430,0.91209721,0.60373549,0.00000000,58.91438723,0.00000000,20000,SUCCESS
ijcnn1,CVXOPT,True,0.1,0.0,Screening,15,537.20597083,0.92148430,0.91209197,0.60373549,0.65214266,18.78425407,0.04898334,21750,SUCCESS
ijcnn1,CVXOPT,True,0.1,0.05,Baseline,15,590.75777196,0.92268454,0.91349786,0.60979303,0.00000000,61.23381042,0.00000000,20000,SUCCESS
ijcnn1,CVXOPT,True,0.1,0.05,Screening,15,590.75759838,0.92278456,0.91352730,0.61010101,0.56193542,16.02289581,0.02831769,13725,SUCCESS
ijcnn1,CVXOPT,True,0.01,0.0,Baseline,16,56.18618196,0.92648530,0.92032622,0.62897527,0.00000000,58.40504980,0.00000000,20000,SUCCESS
ijcnn1,CVXOPT,True,0.01,0.0,Screening,16,56.18618150,0.92658532,0.92033032,0.62929293,0.64464102,5.77012968,0.02571654,5700,SUCCESS
ijcnn1,CVXOPT,True,0.01,0.05,Baseline,16,61.07353871,0.92768554,0.92135814,0.63131056,0.00000000,60.98997712,0.00000000,20000,SUCCESS
ijcnn1,CVXOPT,True,0.01,0.05,Screening,16,61.07353865,0.92768554,0.92136042,0.63131056,0.54096209,10.01040077,0.02353263,8850,SUCCESS
ijcnn1,CVXOPT,True,0.05,0.0,Baseline,16,274.46462790,0.92848570,0.92010660,0.62348605,0.00000000,58.83967352,0.00000000,20000,SUCCESS
ijcnn1,CVXOPT,True,0.05,0.0,Screening,16,274.46497785,0.92858572,0.92014721,0.62341772,0.69959054,2.80255604,0.02241087,1300,SUCCESS
ijcnn1,CVXOPT,True,0.05,0.05,Baseline,16,300.29043806,0.92858572,0.92062946,0.63195876,0.00000000,60.27244306,0.00000000,20000,SUCCESS
ijcnn1,CVXOPT,True,0.05,0.05,Screening,16,300.29043584,0.92858572,0.92062957,0.63195876,0.58397149,19.45275807,0.02293968,19350,SUCCESS
ijcnn1,CVXOPT,True,0.1,0.0,Baseline,16,547.14827259,0.92858572,0.92008184,0.62421053,0.00000000,58.25184655,0.00000000,20000,SUCCESS
ijcnn1,CVXOPT,True,0.1,0.0,Screening,16,547.14794275,0.92858572,0.92007625,0.62381454,0.61232145,19.29508638,0.03509307,21475,SUCCESS
ijcnn1,CVXOPT,True,0.1,0.05,Baseline,16,599.13455111,0.92838568,0.92061269,0.63016529,0.00000000,60.79213214,0.00000000,20000,SUCCESS
ijcnn1,CVXOPT,True,0.1,0.05,Screening,16,599.13431564,0.92858572,0.92059786,0.63119835,0.56274810,20.48343349,0.02913022,18675,SUCCESS
ijcnn1,CVXOPT,True,0.01,0.0,Baseline,17,56.71913515,0.92498500,0.92160251,0.63126844,0.00000000,43.05143237,0.00000000,14550,SUCCESS
ijcnn1,CVXOPT,True,0.01,0.0,Screening,17,56.71913536,0.92498500,0.92160057,0.63126844,0.81564717,1.89828730,0.01903582,4150,SUCCESS
ijcnn1,CVXOPT,True,0.01,0.05,Baseline,17,61.57088414,0.92068414,0.92262257,0.62926601,0.00000000,21.70889020,0.00000000,7025,SUCCESS
ijcnn1,CVXOPT,True,0.01,0.05,Screening,17,61.57088420,0.92068414,0.92262291,0.62926601,0.80183165,1.30912113,0.02436829,2200,SUCCESS
ijcnn1,CVXOPT,True,0.05,0.0,Baseline,17,277.16979978,0.92428486,0.92153132,0.63055149,0.00000000,57.45594597,0.00000000,20000,SUCCESS
ijcnn1,CVXOPT,True,0.05,0.0,Screening,17,277.16978150,0.92428486,0.92152927,0.63055149,0.66989654,9.02206206,0.02570820,9775,SUCCESS
ijcnn1,CVXOPT,True,0.05,0.05,Baseline,17,303.05594037,0.92638528,0.92166743,0.63528246,0.00000000,59.45612597,0.00000000,20000,SUCCESS
ijcnn1,CVXOPT,True,0.05,0.05,Screening,17,303.05592027,0.92628526,0.92168123,0.63496781,0.53586722,16.45466709,0.02811790,14775,SUCCESS
ijcnn1,CVXOPT,True,0.1,0.0,Baseline,17,552.57846778,0.92048410,0.92156520,0.63109049,0.00000000,58.40162349,0.00000000,20000,SUCCESS
ijcnn1,CVXOPT,True,0.1,0.0,Screening,17,552.57843587,0.92048410,0.92154398,0.63109049,0.61397806,17.62156940,0.02598786,18500,SUCCESS
ijcnn1,CVXOPT,True,0.1,0.05,Baseline,17,604.71560489,0.92238448,0.92178129,0.63292337,0.00000000,59.62986350,0.00000000,20000,SUCCESS
ijcnn1,CVXOPT,True,0.1,0.05,Screening,17,604.71528974,0.92218444,0.92174193,0.63267233,0.58237740,22.86286664,0.02602506,21950,SUCCESS
ijcnn1,CVXOPT,True,0.01,0.0,Baseline,18,56.37542124,0.92528506,0.91694033,0.63001486,0.00000000,18.46944761,0.00000000,6325,SUCCESS
ijcnn1,CVXOPT,True,0.01,0.0,Screening,18,56.37542106,0.92528506,0.91693976,0.63001486,0.81736630,1.85535240,0.02590680,3325,SUCCESS
ijcnn1,CVXOPT,True,0.01,0.05,Baseline,18,61.22362271,0.92788558,0.91786581,0.63006670,0.00000000,59.99932957,0.00000000,20000,SUCCESS
ijcnn1,CVXOPT,True,0.01,0.05,Screening,18,61.22362186,0.92788558,0.91786330,0.63006670,0.56556122,7.23737359,0.02385116,6100,SUCCESS
ijcnn1,CVXOPT,True,0.05,0.0,Baseline,18,275.36769038,0.92368474,0.91714215,0.62616365,0.00000000,57.71398735,0.00000000,20000,SUCCESS
ijcnn1,CVXOPT,True,0.05,0.0,Screening,18,275.36767979,0.92368474,0.91713976,0.62616365,0.61901041,13.10141110,0.02155423,14200,SUCCESS
ijcnn1,CVXOPT,True,0.05,0.05,Baseline,18,301.20906380,0.92568514,0.91750872,0.62905642,0.00000000,59.71147156,0.00000000,20000,SUCCESS
ijcnn1,CVXOPT,True,0.05,0.05,Screening,18,301.20903603,0.92568514,0.91751408,0.62905642,0.55446504,15.47518826,0.02317095,14525,SUCCESS
ijcnn1,CVXOPT,True,0.1,0.0,Baseline,18,548.94609958,0.92378476,0.91697707,0.62647059,0.00000000,58.71459079,0.00000000,20000,SUCCESS
ijcnn1,CVXOPT,True,0.1,0.0,Screening,18,548.94596240,0.92398480,0.91699087,0.62708538,0.58128341,21.92352867,0.04540300,21500,SUCCESS
ijcnn1,CVXOPT,True,0.1,0.05,Baseline,18,601.02610454,0.92088418,0.91735732,0.62458472,0.00000000,59.62811828,0.00000000,20000,SUCCESS
ijcnn1,CVXOPT,True,0.1,0.05,Screening,18,601.02599264,0.92588518,0.91739691,0.62968516,0.54987028,24.41345596,0.05073571,22000,SUCCESS
ijcnn1,CVXOPT,True,0.01,0.0,Baseline,19,56.44986058,0.92058412,0.91409762,0.60848126,0.00000000,38.85838842,0.00000000,13325,SUCCESS
ijcnn1,CVXOPT,True,0.01,0.0,Screening,19,56.44986103,0.92058412,0.91409648,0.60848126,0.81602225,1.32029510,0.01860595,2625,SUCCESS
ijcnn1,CVXOPT,True,0.01,0.05,Baseline,19,61.35040834,0.92418484,0.91547454,0.61048304,0.00000000,59.98753953,0.00000000,20000,SUCCESS
ijcnn1,CVXOPT,True,0.01,0.05,Screening,19,61.35039349,0.92408482,0.91547751,0.61016949,0.64932954,7.35025358,0.02229071,7800,SUCCESS
ijcnn1,CVXOPT,True,0.05,0.0,Baseline,19,275.68012503,0.92188438,0.91337385,0.60852130,0.00000000,58.63035941,0.00000000,20000,SUCCESS
ijcnn1,CVXOPT,True,0.05,0.0,Screening,19,275.68031708,0.92208442,0.91330574,0.60952381,0.72022005,2.75147796,0.02223706,850,SUCCESS
ijcnn1,CVXOPT,True,0.05,0.05,Baseline,19,301.77148286,0.92278456,0.91443110,0.60851927,0.00000000,60.64407182,0.00000000,20000,SUCCESS
ijcnn1,CVXOPT,True,0.05,0.05,Screening,19,301.77159093,0.92278456,0.91443041,0.60851927,0.69162004,4.37043715,0.02485585,1575,SUCCESS
ijcnn1,CVXOPT,True,0.1,0.0,Baseline,19,549.52431059,0.92478496,0.91349490,0.61036269,0.00000000,58.04947758,0.00000000,20000,SUCCESS
ijcnn1,CVXOPT,True,0.1,0.0,Screening,19,549.52425929,0.92158432,0.91349068,0.60956175,0.62110462,17.84038663,0.02170444,20800,SUCCESS
ijcnn1,CVXOPT,True,0.1,0.05,Baseline,19,602.10402319,0.92408482,0.91444627,0.61176471,0.00000000,61.12749386,0.00000000,20000,SUCCESS
ijcnn1,CVXOPT,True,0.1,0.05,Screening,19,602.10386526,0.92398480,0.91442425,0.61145194,0.58253368,21.24706316,0.03091550,21000,SUCCESS
ijcnn1,CVXOPT,True,0.01,0.0,Baseline,20,56.54723870,0.92768554,0.92291634,0.63723031,0.00000000,39.46711636,0.00000000,13300,SUCCESS
ijcnn1,CVXOPT,True,0.01,0.0,Screening,20,56.54723865,0.92768554,0.92291543,0.63723031,0.81686619,1.80859923,0.01877213,4000,SUCCESS
ijcnn1,CVXOPT,True,0.01,0.05,Baseline,20,61.38715381,0.92638528,0.92399161,0.63528246,0.00000000,59.93005967,0.00000000,19700,SUCCESS
ijcnn1,CVXOPT,True,0.01,0.05,Screening,20,61.38715380,0.92638528,0.92399047,0.63528246,0.80242553,1.52417064,0.02046800,2775,SUCCESS
ijcnn1,CVXOPT,True,0.05,0.0,Baseline,20,276.33992199,0.92868574,0.92292456,0.63640999,0.00000000,57.84945416,0.00000000,20000,SUCCESS
ijcnn1,CVXOPT,True,0.05,0.0,Screening,20,276.33989846,0.92868574,0.92291486,0.63640999,0.61232145,10.06855249,0.02513552,10200,SUCCESS
ijcnn1,CVXOPT,True,0.05,0.05,Baseline,20,302.08641672,0.92568514,0.92311109,0.63344845,0.00000000,59.35097790,0.00000000,20000,SUCCESS
ijcnn1,CVXOPT,True,0.05,0.05,Screening,20,302.08638642,0.92578516,0.92311508,0.63376111,0.53271028,23.31488180,0.02463508,21175,SUCCESS
ijcnn1,CVXOPT,True,0.1,0.0,Baseline,20,550.90475072,0.92838568,0.92291212,0.63728470,0.00000000,57.69567633,0.00000000,20000,SUCCESS
ijcnn1,CVXOPT,True,0.1,0.0,Screening,20,550.90470456,0.92838568,0.92291064,0.63728470,0.63935861,18.91686344,0.02377248,21775,SUCCESS
ijcnn1,CVXOPT,True,0.1,0.05,Baseline,20,602.78234805,0.92588518,0.92291109,0.63443513,0.00000000,59.70033026,0.00000000,20000,SUCCESS
ijcnn1,CVXOPT,True,0.1,0.05,Screening,20,602.78232525,0.92588518,0.92292364,0.63443513,0.59356734,22.10518932,0.03027081,21875,SUCCESS
ijcnn1,CVXOPT,True,0.01,0.0,Baseline,21,56.32691419,0.92388478,0.91018237,0.62382600,0.00000000,22.98633718,0.00000000,7875,SUCCESS
ijcnn1,CVXOPT,True,0.01,0.0,Screening,21,56.32691425,0.92388478,0.91017963,0.62382600,0.81689745,1.89925194,0.02383184,3950,SUCCESS
ijcnn1,CVXOPT,True,0.01,0.05,Baseline,21,61.21810975,0.92398480,0.91137013,0.62487660,0.00000000,60.22438765,0.00000000,20000,SUCCESS
ijcnn1,CVXOPT,True,0.01,0.05,Screening,21,61.21810962,0.92398480,0.91137002,0.62487660,0.52870941,16.87949586,0.02439737,15450,SUCCESS
ijcnn1,CVXOPT,True,0.05,0.0,Baseline,21,274.99626011,0.92608522,0.90930470,0.61966032,0.00000000,57.59844327,0.00000000,20000,SUCCESS
ijcnn1,CVXOPT,True,0.05,0.0,Screening,21,274.99625602,0.92608522,0.90930367,0.61966032,0.63504517,10.07047129,0.02431440,10775,SUCCESS
ijcnn1,CVXOPT,True,0.05,0.05,Baseline,21,301.11888698,0.92338468,0.91049246,0.62377210,0.00000000,59.38704419,0.00000000,20000,SUCCESS
ijcnn1,CVXOPT,True,0.05,0.05,Screening,21,301.11886194,0.92338468,0.91050262,0.62377210,0.56490482,13.81914830,0.02277565,12500,SUCCESS
ijcnn1,CVXOPT,True,0.1,0.0,Baseline,21,548.17429672,0.92588518,0.90931325,0.62058372,0.00000000,57.38734102,0.00000000,20000,SUCCESS
ijcnn1,CVXOPT,True,0.1,0.0,Screening,21,548.17422659,0.92588518,0.90932626,0.62058372,0.62404276,19.33314013,0.02402306,21525,SUCCESS
ijcnn1,CVXOPT,True,0.1,0.05,Baseline,21,600.81735077,0.92358472,0.91057825,0.62438545,0.00000000,59.48690486,0.00000000,20000,SUCCESS
ijcnn1,CVXOPT,True,0.1,0.05,Screening,21,600.81719927,0.92358472,0.91059799,0.62438545,0.55743444,24.32046771,0.02614737,22000,SUCCESS
ijcnn1,CVXOPT,True,0.01,0.0,Baseline,22,56.32053613,0.92858572,0.91883304,0.63459570,0.00000000,57.60632825,0.00000000,20000,SUCCESS
ijcnn1,CVXOPT,True,0.01,0.0,Screening,22,56.32053578,0.92858572,0.91882916,0.63459570,0.66289501,4.58950424,0.02169251,5325,SUCCESS
ijcnn1,CVXOPT,True,0.01,0.05,Baseline,22,61.17201090,0.92618524,0.92051241,0.63392857,0.00000000,44.32067037,0.00000000,14725,SUCCESS
ijcnn1,CVXOPT,True,0.01,0.05,Screening,22,61.17201112,0.92618524,0.92051241,0.63392857,0.80289438,1.57732081,0.01909590,3025,SUCCESS
ijcnn1,CVXOPT,True,0.05,0.0,Baseline,22,275.21041302,0.92328466,0.91825964,0.63354037,0.00000000,57.54336166,0.00000000,20000,SUCCESS
ijcnn1,CVXOPT,True,0.05,0.0,Screening,22,275.21040331,0.92328466,0.91825656,0.63354037,0.61972932,16.23810339,0.02644253,17875,SUCCESS
ijcnn1,CVXOPT,True,0.05,0.05,Baseline,22,300.88476591,0.92468494,0.91996627,0.63142438,0.00000000,59.37284732,0.00000000,20000,SUCCESS
ijcnn1,CVXOPT,True,0.05,0.05,Screening,22,300.88473062,0.92468494,0.91995897,0.63142438,0.53939924,13.43988299,0.02386832,11550,SUCCESS
ijcnn1,CVXOPT,True,0.1,0.0,Baseline,22,548.67891084,0.92208442,0.91848998,0.63132986,0.00000000,57.96146083,0.00000000,20000,SUCCESS
ijcnn1,CVXOPT,True,0.1,0.0,Screening,22,548.67881133,0.92208442,0.91846876,0.63132986,0.62404276,20.07745481,0.03175521,21725,SUCCESS
ijcnn1,CVXOPT,True,0.1,0.05,Baseline,22,600.36067906,0.92398480,0.91957404,0.63178295,0.00000000,59.88970113,0.00000000,20000,SUCCESS
ijcnn1,CVXOPT,True,0.1,0.05,Screening,22,600.36048101,0.92398480,0.91958522,0.63142580,0.58650330,21.38089252,0.02497602,20500,SUCCESS
ijcnn1,CVXOPT,True,0.01,0.0,Baseline,23,56.44643329,0.92638528,0.91837635,0.62525458,0.00000000,45.95676303,0.00000000,15650,SUCCESS
ijcnn1,CVXOPT,True,0.01,0.0,Screening,23,56.44643338,0.92638528,0.91837612,0.62525458,0.81674116,1.83652830,0.01783013,4150,SUCCESS
ijcnn1,CVXOPT,True,0.01,0.05,Baseline,23,61.25380413,0.92618524,0.91978328,0.61840745,0.00000000,58.65832186,0.00000000,19500,SUCCESS
ijcnn1,CVXOPT,True,0.01,0.05,Screening,23,61.25380409,0.92618524,0.91978453,0.61840745,0.80280061,2.10562706,0.01841974,4300,SUCCESS
ijcnn1,CVXOPT,True,0.05,0.0,Baseline,23,275.92299356,0.92498500,0.91845484,0.62424850,0.00000000,57.53683734,0.00000000,20000,SUCCESS
ijcnn1,CVXOPT,True,0.05,0.0,Screening,23,275.92347480,0.92528506,0.91843750,0.62518816,0.68236802,3.59383893,0.02208352,1225,SUCCESS
ijcnn1,CVXOPT,True,0.05,0.05,Baseline,23,301.45179463,0.92218444,0.91851839,0.62846227,0.00000000,59.83298230,0.00000000,20000,SUCCESS
ijcnn1,CVXOPT,True,0.05,0.05,Screening,23,301.45178342,0.92218444,0.91851075,0.62846227,0.54736974,14.45054388,0.02355671,12850,SUCCESS
ijcnn1,CVXOPT,True,0.1,0.0,Baseline,23,550.10122800,0.92478496,0.91847173,0.62624254,0.00000000,58.88728809,0.00000000,20000,SUCCESS
ijcnn1,CVXOPT,True,0.1,0.0,Screening,23,550.10112814,0.92488498,0.91847401,0.62692499,0.60969587,20.01389098,0.04215884,21000,SUCCESS
ijcnn1,CVXOPT,True,0.1,0.05,Baseline,23,601.52300982,0.92528506,0.91849420,0.62593891,0.00000000,60.45551276,0.00000000,20000,SUCCESS
ijcnn1,CVXOPT,True,0.1,0.05,Screening,23,601.52290385,0.92538508,0.91849078,0.62625251,0.55415247,20.37471581,0.02407241,18450,SUCCESS
ijcnn1,CVXOPT,True,0.01,0.0,Baseline,24,56.10373160,0.92818564,0.91688842,0.63737374,0.00000000,29.09193635,0.00000000,10025,SUCCESS
ijcnn1,CVXOPT,True,0.01,0.0,Screening,24,56.10373150,0.92818564,0.91688899,0.63737374,0.81730379,1.81319833,0.02522779,2700,SUCCESS
ijcnn1,CVXOPT,True,0.01,0.05,Baseline,24,60.93111622,0.92508502,0.91845290,0.63230241,0.00000000,59.62846065,0.00000000,20000,SUCCESS
ijcnn1,CVXOPT,True,0.01,0.05,Screening,24,60.93111521,0.92508502,0.91845028,0.63230241,0.56193542,8.87185526,0.02306628,8100,SUCCESS
ijcnn1,CVXOPT,True,0.05,0.0,Baseline,24,274.06073027,0.92508502,0.91633647,0.63085264,0.00000000,57.92686868,0.00000000,20000,SUCCESS
ijcnn1,CVXOPT,True,0.05,0.0,Screening,24,274.06072918,0.92508502,0.91633533,0.63085264,0.59869346,18.75246143,0.02172065,20650,SUCCESS
ijcnn1,CVXOPT,True,0.05,0.05,Baseline,24,299.74830736,0.92708542,0.91720376,0.63568216,0.00000000,60.12514234,0.00000000,20000,SUCCESS
ijcnn1,CVXOPT,True,0.05,0.05,Screening,24,299.74864848,0.92698540,0.91726503,0.63536464,0.63792080,3.11700749,0.02585530,775,SUCCESS
ijcnn1,CVXOPT,True,0.1,0.0,Baseline,24,546.33040162,0.92988598,0.91642181,0.63847344,0.00000000,58.38307667,0.00000000,20000,SUCCESS
ijcnn1,CVXOPT,True,0.1,0.0,Screening,24,546.33028109,0.92988598,0.91640869,0.63847344,0.59147313,21.25262117,0.02461028,21850,SUCCESS
ijcnn1,CVXOPT,True,0.1,0.05,Baseline,24,598.08960282,0.92738548,0.91718231,0.63590772,0.00000000,60.01924634,0.00000000,20000,SUCCESS
ijcnn1,CVXOPT,True,0.1,0.05,Screening,24,598.08947745,0.92748550,0.91715060,0.63659148,0.60260057,21.74168587,0.02752948,21775,SUCCESS
ijcnn1,CVXOPT,True,0.01,0.0,Baseline,25,55.37353834,0.91608322,0.91160789,0.61067285,0.00000000,57.62825680,0.00000000,20000,SUCCESS
ijcnn1,CVXOPT,True,0.01,0.0,Screening,25,55.37352979,0.91608322,0.91160447,0.61067285,0.64507861,4.00291204,0.02112913,3925,SUCCESS
ijcnn1,CVXOPT,True,0.01,0.05,Baseline,25,60.46104035,0.91788358,0.91306593,0.61218706,0.00000000,30.66152620,0.00000000,10100,SUCCESS
ijcnn1,CVXOPT,True,0.01,0.05,Screening,25,60.46104030,0.91788358,0.91306707,0.61218706,0.80411340,1.35723257,0.01981163,2325,SUCCESS
ijcnn1,CVXOPT,True,0.05,0.0,Baseline,25,269.89546034,0.91708342,0.91162820,0.61024918,0.00000000,58.55871439,0.00000000,20000,SUCCESS
ijcnn1,CVXOPT,True,0.05,0.0,Screening,25,269.89541885,0.91718344,0.91163676,0.61053622,0.63779577,16.52665591,0.02224278,19300,SUCCESS
ijcnn1,CVXOPT,True,0.05,0.05,Baseline,25,296.57401740,0.91688338,0.91210155,0.61040788,0.00000000,59.09377122,0.00000000,20000,SUCCESS
ijcnn1,CVXOPT,True,0.05,0.05,Screening,25,296.57401263,0.91688338,0.91210121,0.61040788,0.61985434,16.89988494,0.02331281,17800,SUCCESS
ijcnn1,CVXOPT,True,0.1,0.0,Baseline,25,537.85700782,0.91708342,0.91152107,0.60692271,0.00000000,58.24569011,0.00000000,20000,SUCCESS
ijcnn1,CVXOPT,True,0.1,0.0,Screening,25,537.85695227,0.92098420,0.91150818,0.60774578,0.63226331,19.93641591,0.04862618,21900,SUCCESS
ijcnn1,CVXOPT,True,0.1,0.05,Baseline,25,591.53654822,0.91318264,0.91211319,0.61215371,0.00000000,61.14668274,0.00000000,20000,SUCCESS
ijcnn1,CVXOPT,True,0.1,0.05,Screening,25,591.53637124,0.91318264,0.91213646,0.61284567,0.57400056,22.79054809,0.03619814,21700,SUCCESS
ijcnn1,CVXOPT,True,0.01,0.0,Baseline,26,56.25036688,0.92688538,0.91397110,0.63793957,0.00000000,58.20012403,0.00000000,20000,SUCCESS
ijcnn1,CVXOPT,True,0.01,0.0,Screening,26,56.25036607,0.92688538,0.91396208,0.63793957,0.65689370,4.83808422,0.02208114,4600,SUCCESS
ijcnn1,CVXOPT,True,0.01,0.05,Baseline,26,61.10709559,0.92858572,0.91587316,0.63309353,0.00000000,38.94759417,0.00000000,12975,SUCCESS
ijcnn1,CVXOPT,True,0.01,0.05,Screening,26,61.10709552,0.92858572,0.91587270,0.63309353,0.80198793,1.35046649,0.02044272,2350,SUCCESS
ijcnn1,CVXOPT,True,0.05,0.0,Baseline,26,274.65007711,0.92968594,0.91388405,0.63781556,0.00000000,58.14779568,0.00000000,20000,SUCCESS
ijcnn1,CVXOPT,True,0.05,0.0,Screening,26,274.65007009,0.92978596,0.91387812,0.63814433,0.65976932,14.48220778,0.02917600,17375,SUCCESS
ijcnn1,CVXOPT,True,0.05,0.05,Baseline,26,300.62837168,0.92668534,0.91478979,0.63658899,0.00000000,60.49382782,0.00000000,20000,SUCCESS
ijcnn1,CVXOPT,True,0.05,0.05,Screening,26,300.62834577,0.92668534,0.91480085,0.63658899,0.60616385,10.65032053,0.02772212,9675,SUCCESS
ijcnn1,CVXOPT,True,0.1,0.0,Baseline,26,547.43293225,0.92978596,0.91393276,0.63664596,0.00000000,58.01504397,0.00000000,20000,SUCCESS
ijcnn1,CVXOPT,True,0.1,0.0,Screening,26,547.43282344,0.92958592,0.91395216,0.63561077,0.59112931,20.72975111,0.02352953,21525,SUCCESS
ijcnn1,CVXOPT,True,0.1,0.05,Baseline,26,599.83010105,0.92668534,0.91487170,0.63658899,0.00000000,59.75840235,0.00000000,20000,SUCCESS
ijcnn1,CVXOPT,True,0.1,0.05,Screening,26,599.82997135,0.92668534,0.91487341,0.63658899,0.53099115,24.76314330,0.02458096,21775,SUCCESS
ijcnn1,CVXOPT,True,0.01,0.0,Baseline,27,56.76569120,0.92858572,0.91499366,0.63645621,0.00000000,57.71171689,0.00000000,20000,SUCCESS
ijcnn1,CVXOPT,True,0.01,0.0,Screening,27,56.76569061,0.92858572,0.91498944,0.63645621,0.69212015,4.19840240,0.02102423,4700,SUCCESS
ijcnn1,CVXOPT,True,0.01,0.05,Baseline,27,61.55997504,0.92878576,0.91750894,0.63524590,0.00000000,60.12167192,0.00000000,20000,SUCCESS
ijcnn1,CVXOPT,True,0.01,0.05,Screening,27,61.56007765,0.92878576,0.91753347,0.63487179,0.55143313,1.86032724,0.03191376,325,SUCCESS
ijcnn1,CVXOPT,True,0.05,0.0,Baseline,27,277.62068080,0.92928586,0.91516057,0.63799283,0.00000000,58.55435944,0.00000000,20000,SUCCESS
ijcnn1,CVXOPT,True,0.05,0.0,Screening,27,277.62066419,0.92928586,0.91516844,0.63799283,0.63051292,15.51488042,0.02260113,17950,SUCCESS
ijcnn1,CVXOPT,True,0.05,0.05,Baseline,27,303.08396155,0.92808562,0.91610909,0.63558033,0.00000000,60.21193266,0.00000000,20000,SUCCESS
ijcnn1,CVXOPT,True,0.05,0.05,Screening,27,303.08393014,0.92808562,0.91612963,0.63558033,0.52186416,11.14563632,0.02868247,8950,SUCCESS
ijcnn1,CVXOPT,True,0.1,0.0,Baseline,27,553.53130770,0.92918584,0.91515361,0.63766633,0.00000000,58.79144335,0.00000000,20000,SUCCESS
ijcnn1,CVXOPT,True,0.1,0.0,Screening,27,553.53099706,0.92928586,0.91514722,0.63799283,0.62201106,20.76191759,0.05075932,21825,SUCCESS
ijcnn1,CVXOPT,True,0.1,0.05,Baseline,27,604.83523712,0.92868574,0.91618759,0.63678044,0.00000000,61.58421779,0.00000000,20000,SUCCESS
ijcnn1,CVXOPT,True,0.1,0.05,Screening,27,604.83518483,0.92868574,0.91619124,0.63678044,0.53861782,25.10398602,0.03325224,22000,SUCCESS
ijcnn1,CVXOPT,True,0.01,0.0,Baseline,28,56.08896161,0.91628326,0.91366512,0.61658268,0.00000000,38.32698202,0.00000000,12975,SUCCESS
ijcnn1,CVXOPT,True,0.01,0.0,Screening,28,56.08896191,0.91638328,0.91366603,0.61686526,0.81783515,1.48207712,0.01838708,3125,SUCCESS
ijcnn1,CVXOPT,True,0.01,0.05,Baseline,28,60.99978017,0.92318464,0.91610145,0.61714855,0.00000000,47.06519437,0.00000000,15650,SUCCESS
ijcnn1,CVXOPT,True,0.01,0.05,Screening,28,60.99978024,0.92318464,0.91609894,0.61714855,0.80333198,1.31756592,0.02037978,2225,SUCCESS
ijcnn1,CVXOPT,True,0.05,0.0,Baseline,28,273.87173439,0.92448490,0.91314670,0.61733401,0.00000000,58.94679713,0.00000000,20000,SUCCESS
ijcnn1,CVXOPT,True,0.05,0.0,Screening,28,273.87170959,0.92448490,0.91314796,0.61733401,0.62204232,7.98616982,0.03105330,7350,SUCCESS
ijcnn1,CVXOPT,True,0.05,0.05,Baseline,28,299.87437857,0.92338468,0.91443806,0.61776447,0.00000000,60.14552593,0.00000000,20000,SUCCESS
ijcnn1,CVXOPT,True,0.05,0.05,Screening,28,299.87434539,0.92338468,0.91444912,0.61776447,0.53042853,21.81641746,0.05636668,19300,SUCCESS
ijcnn1,CVXOPT,True,0.1,0.0,Baseline,28,545.92615771,0.92448490,0.91298059,0.61733401,0.00000000,59.20779586,0.00000000,20000,SUCCESS
ijcnn1,CVXOPT,True,0.1,0.0,Screening,28,545.92591425,0.92438488,0.91302931,0.61779575,0.59903729,20.71810579,0.02956676,21450,SUCCESS
ijcnn1,CVXOPT,True,0.1,0.05,Baseline,28,598.28985545,0.92298460,0.91441592,0.61691542,0.00000000,60.99297810,0.00000000,20000,SUCCESS
ijcnn1,CVXOPT,True,0.1,0.05,Screening,28,598.29012317,0.92328466,0.91440143,0.61783757,0.63282593,5.23916054,0.02952433,1925,SUCCESS
ijcnn1,CVXOPT,True,0.01,0.0,Baseline,29,56.21617005,0.91918384,0.91785566,0.62418605,0.00000000,29.96218967,0.00000000,10275,SUCCESS
ijcnn1,CVXOPT,True,0.01,0.0,Screening,29,56.21616999,0.91918384,0.91785531,0.62418605,0.81602225,2.33922315,0.02114582,3900,SUCCESS
ijcnn1,CVXOPT,True,0.01,0.05,Baseline,29,61.14205932,0.91668334,0.91989360,0.62494372,0.00000000,29.81603527,0.00000000,9900,SUCCESS
ijcnn1,CVXOPT,True,0.01,0.05,Screening,29,61.14205907,0.91668334,0.91989428,0.62494372,0.80083143,1.74048996,0.02717304,2300,SUCCESS
ijcnn1,CVXOPT,True,0.05,0.0,Baseline,29,274.53940537,0.91958392,0.91723205,0.62464986,0.00000000,57.79199743,0.00000000,20000,SUCCESS
ijcnn1,CVXOPT,True,0.05,0.0,Screening,29,274.53992084,0.91958392,0.91718368,0.62429907,0.67942988,2.52458310,0.02349281,1050,SUCCESS
ijcnn1,CVXOPT,True,0.05,0.05,Baseline,29,300.54882645,0.91928386,0.91881947,0.62930638,0.00000000,60.04754519,0.00000000,20000,SUCCESS
ijcnn1,CVXOPT,True,0.05,0.05,Screening,29,300.54879453,0.91938388,0.91878935,0.63027523,0.55837214,12.01365972,0.02319074,10600,SUCCESS
ijcnn1,CVXOPT,True,0.1,0.0,Baseline,29,547.29101094,0.91938388,0.91713885,0.62546468,0.00000000,57.96976924,0.00000000,20000,SUCCESS
ijcnn1,CVXOPT,True,0.1,0.0,Screening,29,547.29098682,0.91938388,0.91714626,0.62546468,0.63470134,19.97331548,0.05571342,22000,SUCCESS
ijcnn1,CVXOPT,True,0.1,0.05,Baseline,29,599.63924225,0.91928386,0.91870241,0.62690707,0.00000000,59.99797225,0.00000000,20000,SUCCESS
ijcnn1,CVXOPT,True,0.1,0.05,Screening,29,599.63911360,0.91928386,0.91870892,0.62690707,0.55918482,14.38556170,0.02540874,12100,SUCCESS
ijcnn1,CVXOPT,True,0.01,0.0,Baseline,30,56.39533833,0.92158432,0.91528630,0.62343900,0.00000000,45.27591205,0.00000000,15475,SUCCESS
ijcnn1,CVXOPT,True,0.01,0.0,Screening,30,56.39533816,0.92158432,0.91528538,0.62343900,0.81614728,1.74117303,0.01947641,3450,SUCCESS
ijcnn1,CVXOPT,True,0.01,0.05,Baseline,30,61.33169500,0.92428486,0.91756975,0.62244389,0.00000000,41.41954875,0.00000000,13950,SUCCESS
ijcnn1,CVXOPT,True,0.01,0.05,Screening,30,61.33169508,0.92428486,0.91756975,0.62244389,0.80198793,1.81055856,0.01909328,2800,SUCCESS
ijcnn1,CVXOPT,True,0.05,0.0,Baseline,30,275.40608741,0.92238448,0.91440166,0.62256809,0.00000000,57.29195976,0.00000000,20000,SUCCESS
ijcnn1,CVXOPT,True,0.05,0.0,Screening,30,275.40613049,0.92248450,0.91439573,0.62323772,0.64789173,17.35345674,0.02313066,21225,SUCCESS
ijcnn1,CVXOPT,True,0.05,0.05,Baseline,30,301.53147896,0.92528506,0.91613453,0.62138875,0.00000000,51.68720341,0.00000000,17500,SUCCESS
ijcnn1,CVXOPT,True,0.05,0.05,Screening,30,301.53147935,0.92528506,0.91613442,0.62138875,0.80689526,2.34778738,0.01983714,5000,SUCCESS
ijcnn1,CVXOPT,True,0.1,0.0,Baseline,30,549.00530535,0.92218444,0.91433321,0.62306202,0.00000000,58.46133924,0.00000000,20000,SUCCESS
ijcnn1,CVXOPT,True,0.1,0.0,Screening,30,549.00511080,0.92218444,0.91431963,0.62306202,0.58265871,22.24245238,0.02618885,22000,SUCCESS
ijcnn1,CVXOPT,True,0.1,0.05,Baseline,30,601.61031032,0.92528506,0.91615165,0.62138875,0.00000000,59.91549158,0.00000000,20000,SUCCESS
ijcnn1,CVXOPT,True,0.1,0.05,Screening,30,601.61008373,0.92518504,0.91616340,0.62107396,0.60794549,10.30313325,0.02528834,8475,SUCCESS
